{
    "imgHeight": 1080, 
    "imgWidth": 1920, 
    "objects": [
        {
            "date": "15-Nov-2018 13:35:25", 
            "deleted": 0, 
            "draw": true, 
            "id": 0, 
            "label": "car", 
            "polygon": [
                [
                    858.0310880829015, 
                    623.0051813471503
                ], 
                [
                    949.4300518134716, 
                    619.2746113989638
                ], 
                [
                    956.8911917098446, 
                    598.7564766839379
                ], 
                [
                    955.0259067357513, 
                    578.238341968912
                ], 
                [
                    953.160621761658, 
                    565.1813471502591
                ], 
                [
                    941.9689119170985, 
                    550.259067357513
                ], 
                [
                    932.6424870466321, 
                    542.7979274611399
                ], 
                [
                    910.259067357513, 
                    540.9326424870467
                ], 
                [
                    882.279792746114, 
                    539.0673575129534
                ], 
                [
                    874.8186528497409, 
                    544.6632124352332
                ], 
                [
                    863.6269430051814, 
                    553.9896373056995
                ], 
                [
                    859.8963730569949, 
                    568.9119170984457
                ], 
                [
                    854.300518134715, 
                    581.9689119170985
                ], 
                [
                    854.300518134715, 
                    598.7564766839379
                ]
            ], 
            "user": "daid", 
            "verified": 0
        }, 
        {
            "date": "15-Nov-2018 13:35:46", 
            "deleted": 0, 
            "draw": true, 
            "id": 1, 
            "label": "traffic sign", 
            "polygon": [
                [
                    214.50777202072538, 
                    462.59067357512953
                ], 
                [
                    212.64248704663214, 
                    380.5181347150259
                ], 
                [
                    274.1968911917099, 
                    373.05699481865287
                ], 
                [
                    274.1968911917099, 
                    455.1295336787565
                ], 
                [
                    208.9119170984456, 
                    460.7253886010363
                ]
            ], 
            "user": "daid", 
            "verified": 0
        }, 
        {
            "date": "15-Nov-2018 13:36:09", 
            "deleted": 0, 
            "draw": true, 
            "id": 2, 
            "label": "traffic sign", 
            "polygon": [
                [
                    76.47668393782384, 
                    470.0518134715026
                ], 
                [
                    69.01554404145078, 
                    456.99481865284974
                ], 
                [
                    69.01554404145078, 
                    440.2072538860104
                ], 
                [
                    76.47668393782384, 
                    427.1502590673575
                ], 
                [
                    95.12953367875647, 
                    421.55440414507774
                ], 
                [
                    95.12953367875647, 
                    421.55440414507774
                ], 
                [
                    111.91709844559585, 
                    421.55440414507774
                ], 
                [
                    115.64766839378238, 
                    427.1502590673575
                ], 
                [
                    123.10880829015545, 
                    434.6113989637306
                ], 
                [
                    123.10880829015545, 
                    447.6683937823834
                ], 
                [
                    123.10880829015545, 
                    458.86010362694304
                ], 
                [
                    110.0518134715026, 
                    462.59067357512953
                ], 
                [
                    96.99481865284974, 
                    468.18652849740937
                ]
            ], 
            "user": "daid", 
            "verified": 0
        }, 
        {
            "date": "15-Nov-2018 13:38:23", 
            "deleted": 0, 
            "draw": true, 
            "id": 3, 
            "label": "road", 
            "polygon": [
                [
                    0.0, 
                    878.5492227979275
                ], 
                [
                    365.5958549222798, 
                    742.3834196891193
                ], 
                [
                    438.3419689119171, 
                    710.6735751295337
                ], 
                [
                    434.6113989637306, 
                    693.8860103626944
                ], 
                [
                    345.0777202072539, 
                    686.4248704663213
                ], 
                [
                    264.87046632124355, 
                    684.559585492228
                ], 
                [
                    119.37823834196891, 
                    680.8290155440415
                ], 
                [
                    63.41968911917099, 
                    686.4248704663213
                ], 
                [
                    65.28497409326425, 
                    658.4455958549223
                ], 
                [
                    78.3419689119171, 
                    654.7150259067357
                ], 
                [
                    123.10880829015545, 
                    647.2538860103627
                ], 
                [
                    182.7979274611399, 
                    649.119170984456
                ], 
                [
                    238.75647668393782, 
                    650.9844559585492
                ], 
                [
                    298.4455958549223, 
                    647.2538860103627
                ], 
                [
                    384.24870466321244, 
                    643.5233160621761
                ], 
                [
                    479.37823834196894, 
                    637.9274611398964
                ], 
                [
                    526.0103626943005, 
                    637.9274611398964
                ], 
                [
                    628.6010362694301, 
                    634.1968911917098
                ], 
                [
                    650.9844559585492, 
                    634.1968911917098
                ], 
                [
                    727.4611398963731, 
                    606.2176165803108
                ], 
                [
                    792.7461139896374, 
                    583.8341968911917
                ], 
                [
                    839.378238341969, 
                    567.0466321243523
                ], 
                [
                    856.1658031088083, 
                    561.4507772020726
                ], 
                [
                    874.8186528497409, 
                    546.5284974093264
                ], 
                [
                    893.4715025906736, 
                    539.0673575129534
                ], 
                [
                    915.8549222797927, 
                    539.0673575129534
                ], 
                [
                    936.3730569948187, 
                    539.0673575129534
                ], 
                [
                    947.5647668393783, 
                    561.4507772020726
                ], 
                [
                    955.0259067357513, 
                    568.9119170984457
                ], 
                [
                    984.8704663212436, 
                    567.0466321243523
                ], 
                [
                    1024.041450777202, 
                    589.4300518134716
                ], 
                [
                    1057.6165803108809, 
                    615.5440414507772
                ], 
                [
                    1098.6528497409327, 
                    619.2746113989638
                ], 
                [
                    1160.2072538860104, 
                    617.4093264248705
                ], 
                [
                    1225.4922279792747, 
                    617.4093264248705
                ], 
                [
                    1331.8134715025908, 
                    617.4093264248705
                ], 
                [
                    1387.7720207253888, 
                    611.8134715025907
                ], 
                [
                    1391.5025906735752, 
                    628.6010362694301
                ], 
                [
                    1354.19689119171, 
                    688.2901554404145
                ], 
                [
                    1328.082901554404, 
                    706.9430051813472
                ], 
                [
                    1277.720207253886, 
                    729.3264248704663
                ], 
                [
                    1251.6062176165804, 
                    740.5181347150259
                ], 
                [
                    1273.9896373056995, 
                    766.6321243523316
                ], 
                [
                    1320.6217616580311, 
                    805.8031088082902
                ], 
                [
                    1378.4455958549224, 
                    848.7046632124352
                ], 
                [
                    1456.7875647668395, 
                    908.3937823834198
                ], 
                [
                    1525.8031088082903, 
                    953.160621761658
                ], 
                [
                    1594.818652849741, 
                    1005.3886010362695
                ], 
                [
                    1656.3730569948186, 
                    1052.020725388601
                ], 
                [
                    1697.4093264248704, 
                    1076.2694300518135
                ], 
                [
                    0.0, 
                    1079.0
                ]
            ], 
            "user": "daid", 
            "verified": 0
        }, 
        {
            "date": "15-Nov-2018 13:38:46", 
            "deleted": 0, 
            "draw": true, 
            "id": 4, 
            "label": "traffic sign", 
            "polygon": [
                [
                    1052.020725388601, 
                    464.4559585492228
                ], 
                [
                    1094.9222797927462, 
                    462.59067357512953
                ], 
                [
                    1093.0569948186528, 
                    395.44041450777206
                ], 
                [
                    1044.559585492228, 
                    397.3056994818653
                ]
            ], 
            "user": "daid", 
            "verified": 0
        }, 
        {
            "date": "15-Nov-2018 13:39:46", 
            "deleted": 0, 
            "draw": true, 
            "id": 5, 
            "label": "person", 
            "polygon": [
                [
                    1402.6943005181347, 
                    693.8860103626944
                ], 
                [
                    1410.155440414508, 
                    692.020725388601
                ], 
                [
                    1412.020725388601, 
                    686.4248704663213
                ], 
                [
                    1413.8860103626944, 
                    660.3108808290156
                ], 
                [
                    1413.8860103626944, 
                    639.7927461139897
                ], 
                [
                    1417.6165803108809, 
                    641.6580310880829
                ], 
                [
                    1425.0777202072538, 
                    647.2538860103627
                ], 
                [
                    1425.0777202072538, 
                    665.9067357512954
                ], 
                [
                    1425.0777202072538, 
                    680.8290155440415
                ], 
                [
                    1438.1347150259069, 
                    680.8290155440415
                ], 
                [
                    1436.2694300518135, 
                    639.7927461139897
                ], 
                [
                    1440.0, 
                    619.2746113989638
                ], 
                [
                    1447.4611398963732, 
                    617.4093264248705
                ], 
                [
                    1456.7875647668395, 
                    611.8134715025907
                ], 
                [
                    1453.0569948186528, 
                    570.7772020725389
                ], 
                [
                    1451.1917098445597, 
                    546.5284974093264
                ], 
                [
                    1434.4041450777202, 
                    544.6632124352332
                ], 
                [
                    1438.1347150259069, 
                    520.4145077720208
                ], 
                [
                    1419.4818652849742, 
                    520.4145077720208
                ], 
                [
                    1410.155440414508, 
                    527.8756476683938
                ], 
                [
                    1410.155440414508, 
                    537.2020725388601
                ], 
                [
                    1400.8290155440416, 
                    537.2020725388601
                ], 
                [
                    1400.8290155440416, 
                    544.6632124352332
                ], 
                [
                    1384.041450777202, 
                    550.259067357513
                ], 
                [
                    1385.9067357512954, 
                    567.0466321243523
                ], 
                [
                    1382.176165803109, 
                    578.238341968912
                ], 
                [
                    1384.041450777202, 
                    593.160621761658
                ], 
                [
                    1402.6943005181347, 
                    591.2953367875648
                ], 
                [
                    1402.6943005181347, 
                    609.9481865284974
                ], 
                [
                    1402.6943005181347, 
                    630.4663212435233
                ], 
                [
                    1402.6943005181347, 
                    671.5025906735751
                ]
            ], 
            "user": "daid", 
            "verified": 0
        }, 
        {
            "date": "15-Nov-2018 13:40:15", 
            "deleted": 0, 
            "draw": true, 
            "id": 6, 
            "label": "traffic sign", 
            "polygon": [
                [
                    475.6476683937824, 
                    484.9740932642487
                ], 
                [
                    537.2020725388601, 
                    483.1088082901555
                ], 
                [
                    537.2020725388601, 
                    475.6476683937824
                ], 
                [
                    537.2020725388601, 
                    468.18652849740937
                ], 
                [
                    473.78238341968915, 
                    470.0518134715026
                ]
            ], 
            "user": "daid", 
            "verified": 0
        }, 
        {
            "date": "15-Nov-2018 13:40:50", 
            "deleted": 0, 
            "draw": true, 
            "id": 7, 
            "label": "person", 
            "polygon": [
                [
                    1440.0, 
                    524.1450777202073
                ], 
                [
                    1449.3264248704663, 
                    518.5492227979274
                ], 
                [
                    1462.3834196891191, 
                    514.8186528497409
                ], 
                [
                    1458.6528497409327, 
                    537.2020725388601
                ], 
                [
                    1467.979274611399, 
                    548.3937823834198
                ], 
                [
                    1488.497409326425, 
                    557.720207253886
                ], 
                [
                    1473.5751295336788, 
                    565.1813471502591
                ], 
                [
                    1462.3834196891191, 
                    572.6424870466321
                ], 
                [
                    1453.0569948186528, 
                    576.3730569948186
                ], 
                [
                    1453.0569948186528, 
                    546.5284974093264
                ], 
                [
                    1440.0, 
                    546.5284974093264
                ]
            ], 
            "user": "daid", 
            "verified": 0
        }, 
        {
            "date": "15-Nov-2018 19:24:39", 
            "deleted": 0, 
            "draw": true, 
            "id": 8, 
            "label": "sidewalk", 
            "polygon": [
                [
                    1393.3678756476684, 
                    628.6010362694301
                ], 
                [
                    1404.559585492228, 
                    639.7927461139897
                ], 
                [
                    1402.6943005181347, 
                    695.7512953367876
                ], 
                [
                    1415.7512953367875, 
                    695.7512953367876
                ], 
                [
                    1417.6165803108809, 
                    684.559585492228
                ], 
                [
                    1434.4041450777202, 
                    686.4248704663213
                ], 
                [
                    1438.1347150259069, 
                    636.0621761658032
                ], 
                [
                    1458.6528497409327, 
                    643.5233160621761
                ], 
                [
                    1503.419689119171, 
                    654.7150259067357
                ], 
                [
                    1503.419689119171, 
                    701.3471502590673
                ], 
                [
                    1529.5336787564768, 
                    695.7512953367876
                ], 
                [
                    1691.8134715025908, 
                    738.6528497409327
                ], 
                [
                    1689.9481865284974, 
                    777.8238341968912
                ], 
                [
                    1893.2642487046633, 
                    846.839378238342
                ], 
                [
                    1919.0, 
                    850.5699481865286
                ], 
                [
                    1919.0, 
                    1074.4041450777202
                ], 
                [
                    1919.0, 
                    1078.1347150259069
                ], 
                [
                    1695.5440414507773, 
                    1079.0
                ], 
                [
                    1477.3056994818653, 
                    915.8549222797927
                ], 
                [
                    1382.176165803109, 
                    848.7046632124352
                ], 
                [
                    1320.6217616580311, 
                    803.9378238341969
                ], 
                [
                    1264.6632124352332, 
                    755.4404145077721
                ], 
                [
                    1255.3367875647668, 
                    740.5181347150259
                ], 
                [
                    1285.1813471502592, 
                    729.3264248704663
                ], 
                [
                    1324.3523316062176, 
                    712.5388601036269
                ], 
                [
                    1363.5233160621763, 
                    680.8290155440415
                ], 
                [
                    1378.4455958549224, 
                    650.9844559585492
                ]
            ], 
            "user": "daid", 
            "verified": 0
        }, 
        {
            "date": "15-Nov-2018 19:24:59", 
            "deleted": 0, 
            "draw": true, 
            "id": 9, 
            "label": "sidewalk", 
            "polygon": [
                [
                    1014.7150259067358, 
                    570.7772020725389
                ], 
                [
                    1037.0984455958549, 
                    576.3730569948186
                ], 
                [
                    1053.8860103626944, 
                    576.3730569948186
                ], 
                [
                    1066.9430051813472, 
                    585.699481865285
                ], 
                [
                    1085.5958549222798, 
                    585.699481865285
                ], 
                [
                    1104.2487046632125, 
                    585.699481865285
                ], 
                [
                    1128.497409326425, 
                    595.0259067357513
                ], 
                [
                    1156.476683937824, 
                    598.7564766839379
                ], 
                [
                    1190.0518134715026, 
                    602.4870466321244
                ], 
                [
                    1214.300518134715, 
                    608.0829015544042
                ], 
                [
                    1232.9533678756477, 
                    606.2176165803108
                ], 
                [
                    1240.4145077720207, 
                    619.2746113989638
                ], 
                [
                    1057.6165803108809, 
                    621.139896373057
                ], 
                [
                    1022.1761658031088, 
                    589.4300518134716
                ]
            ], 
            "user": "daid", 
            "verified": 0
        }, 
        {
            "date": "15-Nov-2018 19:25:11", 
            "deleted": 0, 
            "draw": true, 
            "id": 10, 
            "label": "sidewalk", 
            "polygon": [
                [
                    960.6217616580311, 
                    557.720207253886
                ], 
                [
                    997.9274611398964, 
                    552.1243523316062
                ], 
                [
                    1016.5803108808291, 
                    565.1813471502591
                ], 
                [
                    1020.3108808290156, 
                    585.699481865285
                ], 
                [
                    992.3316062176166, 
                    567.0466321243523
                ], 
                [
                    962.4870466321244, 
                    568.9119170984457
                ]
            ], 
            "user": "daid", 
            "verified": 0
        }, 
        {
            "date": "15-Nov-2018 19:26:56", 
            "deleted": 0, 
            "draw": true, 
            "id": 11, 
            "label": "building", 
            "polygon": [
                [
                    1522.0725388601036, 
                    695.7512953367876
                ], 
                [
                    1689.9481865284974, 
                    736.7875647668394
                ], 
                [
                    1693.678756476684, 
                    783.419689119171
                ], 
                [
                    1911.917098445596, 
                    848.7046632124352
                ], 
                [
                    1911.917098445596, 
                    848.7046632124352
                ], 
                [
                    1917.5129533678758, 
                    850.5699481865286
                ], 
                [
                    1919.0, 
                    0.0
                ], 
                [
                    1673.1606217616581, 
                    0.0
                ], 
                [
                    1572.435233160622, 
                    78.3419689119171
                ], 
                [
                    1397.0984455958549, 
                    87.66839378238342
                ], 
                [
                    1279.5854922279793, 
                    201.45077720207254
                ], 
                [
                    1204.9740932642487, 
                    207.04663212435233
                ], 
                [
                    1197.5129533678758, 
                    149.22279792746116
                ], 
                [
                    1089.3264248704663, 
                    298.4455958549223
                ], 
                [
                    1093.0569948186528, 
                    335.75129533678756
                ], 
                [
                    1094.9222797927462, 
                    363.73056994818654
                ], 
                [
                    1107.979274611399, 
                    369.3264248704663
                ], 
                [
                    1126.6321243523316, 
                    373.05699481865287
                ], 
                [
                    1122.9015544041451, 
                    395.44041450777206
                ], 
                [
                    1191.917098445596, 
                    391.7098445595855
                ], 
                [
                    1121.0362694300518, 
                    417.8238341968912
                ], 
                [
                    1094.9222797927462, 
                    445.8031088082902
                ], 
                [
                    1096.7875647668395, 
                    473.78238341968915
                ], 
                [
                    1096.7875647668395, 
                    529.7409326424871
                ], 
                [
                    1098.6528497409327, 
                    570.7772020725389
                ], 
                [
                    1098.6528497409327, 
                    580.1036269430052
                ], 
                [
                    1139.6891191709844, 
                    596.8911917098446
                ], 
                [
                    1180.7253886010362, 
                    600.6217616580311
                ], 
                [
                    1210.5699481865286, 
                    604.3523316062176
                ], 
                [
                    1244.1450777202074, 
                    606.2176165803108
                ], 
                [
                    1257.2020725388602, 
                    613.6787564766839
                ], 
                [
                    1303.8341968911918, 
                    613.6787564766839
                ], 
                [
                    1384.041450777202, 
                    613.6787564766839
                ], 
                [
                    1402.6943005181347, 
                    626.7357512953369
                ], 
                [
                    1402.6943005181347, 
                    602.4870466321244
                ], 
                [
                    1384.041450777202, 
                    598.7564766839379
                ], 
                [
                    1382.176165803109, 
                    553.9896373056995
                ], 
                [
                    1397.0984455958549, 
                    550.259067357513
                ], 
                [
                    1400.8290155440416, 
                    529.7409326424871
                ], 
                [
                    1406.4248704663212, 
                    529.7409326424871
                ], 
                [
                    1419.4818652849742, 
                    522.279792746114
                ], 
                [
                    1436.2694300518135, 
                    522.279792746114
                ], 
                [
                    1449.3264248704663, 
                    516.6839378238342
                ], 
                [
                    1464.2487046632125, 
                    518.5492227979274
                ], 
                [
                    1464.2487046632125, 
                    537.2020725388601
                ], 
                [
                    1467.979274611399, 
                    555.8549222797927
                ], 
                [
                    1494.0932642487046, 
                    559.5854922279793
                ], 
                [
                    1454.9222797927462, 
                    580.1036269430052
                ], 
                [
                    1456.7875647668395, 
                    598.7564766839379
                ], 
                [
                    1454.9222797927462, 
                    615.5440414507772
                ], 
                [
                    1441.8652849740934, 
                    623.0051813471503
                ], 
                [
                    1441.8652849740934, 
                    641.6580310880829
                ], 
                [
                    1492.2279792746115, 
                    649.119170984456
                ], 
                [
                    1509.0155440414508, 
                    656.5803108808291
                ], 
                [
                    1510.8808290155441, 
                    699.4818652849741
                ]
            ], 
            "user": "daid", 
            "verified": 0
        }
    ]
}