{
    "imgHeight": 1080, 
    "imgWidth": 1920, 
    "objects": [
        {
            "date": "15-Nov-2018 13:41:53", 
            "deleted": 0, 
            "draw": true, 
            "id": 0, 
            "label": "car", 
            "polygon": [
                [
                    902.7979274611399, 
                    630.4663212435233
                ], 
                [
                    919.5854922279793, 
                    628.6010362694301
                ], 
                [
                    919.5854922279793, 
                    615.5440414507772
                ], 
                [
                    992.3316062176166, 
                    617.4093264248705
                ], 
                [
                    992.3316062176166, 
                    630.4663212435233
                ], 
                [
                    1012.8497409326425, 
                    632.3316062176166
                ], 
                [
                    1022.1761658031088, 
                    613.6787564766839
                ], 
                [
                    1029.6373056994819, 
                    611.8134715025907
                ], 
                [
                    1027.7720207253885, 
                    580.1036269430052
                ], 
                [
                    1024.041450777202, 
                    574.5077720207254
                ], 
                [
                    1029.6373056994819, 
                    572.6424870466321
                ], 
                [
                    1031.5025906735752, 
                    565.1813471502591
                ], 
                [
                    1022.1761658031088, 
                    555.8549222797927
                ], 
                [
                    1016.5803108808291, 
                    550.259067357513
                ], 
                [
                    1009.119170984456, 
                    540.9326424870467
                ], 
                [
                    994.1968911917098, 
                    533.4715025906736
                ], 
                [
                    973.6787564766839, 
                    531.6062176165804
                ], 
                [
                    940.1036269430052, 
                    529.7409326424871
                ], 
                [
                    917.7202072538861, 
                    533.4715025906736
                ], 
                [
                    906.5284974093264, 
                    548.3937823834198
                ], 
                [
                    897.2020725388601, 
                    561.4507772020726
                ], 
                [
                    897.2020725388601, 
                    581.9689119170985
                ], 
                [
                    897.2020725388601, 
                    602.4870466321244
                ], 
                [
                    897.2020725388601, 
                    617.4093264248705
                ]
            ], 
            "user": "daid", 
            "verified": 0
        }, 
        {
            "date": "15-Nov-2018 13:42:14", 
            "deleted": 0, 
            "draw": true, 
            "id": 1, 
            "label": "traffic light", 
            "polygon": [
                [
                    988.6010362694301, 
                    501.7616580310881
                ], 
                [
                    1003.5233160621761, 
                    501.7616580310881
                ], 
                [
                    1001.6580310880829, 
                    471.91709844559585
                ], 
                [
                    984.8704663212436, 
                    471.91709844559585
                ], 
                [
                    986.7357512953369, 
                    505.4922279792746
                ]
            ], 
            "user": "daid", 
            "verified": 0
        }, 
        {
            "date": "15-Nov-2018 13:45:08", 
            "deleted": 0, 
            "draw": true, 
            "id": 2, 
            "label": "person", 
            "polygon": [
                [
                    1132.2279792746115, 
                    576.3730569948186
                ], 
                [
                    1141.5544041450778, 
                    565.1813471502591
                ], 
                [
                    1147.1502590673576, 
                    576.3730569948186
                ], 
                [
                    1154.6113989637306, 
                    576.3730569948186
                ], 
                [
                    1150.8808290155441, 
                    559.5854922279793
                ], 
                [
                    1149.0155440414508, 
                    546.5284974093264
                ], 
                [
                    1152.7461139896373, 
                    535.3367875647668
                ], 
                [
                    1141.5544041450778, 
                    524.1450777202073
                ], 
                [
                    1134.0932642487046, 
                    535.3367875647668
                ], 
                [
                    1132.2279792746115, 
                    552.1243523316062
                ], 
                [
                    1134.0932642487046, 
                    559.5854922279793
                ]
            ], 
            "user": "daid", 
            "verified": 0
        }, 
        {
            "date": "15-Nov-2018 13:45:40", 
            "deleted": 0, 
            "draw": true, 
            "id": 3, 
            "label": "person", 
            "polygon": [
                [
                    1275.8549222797928, 
                    598.7564766839379
                ], 
                [
                    1287.0466321243523, 
                    598.7564766839379
                ], 
                [
                    1287.0466321243523, 
                    583.8341968911917
                ], 
                [
                    1288.9119170984457, 
                    563.3160621761658
                ], 
                [
                    1300.103626943005, 
                    563.3160621761658
                ], 
                [
                    1294.5077720207255, 
                    548.3937823834198
                ], 
                [
                    1296.3730569948186, 
                    544.6632124352332
                ], 
                [
                    1294.5077720207255, 
                    535.3367875647668
                ], 
                [
                    1290.777202072539, 
                    527.8756476683938
                ], 
                [
                    1288.9119170984457, 
                    522.279792746114
                ], 
                [
                    1275.8549222797928, 
                    514.8186528497409
                ], 
                [
                    1272.1243523316064, 
                    537.2020725388601
                ], 
                [
                    1268.3937823834196, 
                    550.259067357513
                ], 
                [
                    1268.3937823834196, 
                    555.8549222797927
                ], 
                [
                    1273.9896373056995, 
                    568.9119170984457
                ], 
                [
                    1272.1243523316064, 
                    587.5647668393783
                ]
            ], 
            "user": "daid", 
            "verified": 0
        }, 
        {
            "date": "15-Nov-2018 13:46:05", 
            "deleted": 0, 
            "draw": true, 
            "id": 4, 
            "label": "person", 
            "polygon": [
                [
                    1320.6217616580311, 
                    596.8911917098446
                ], 
                [
                    1326.217616580311, 
                    596.8911917098446
                ], 
                [
                    1333.678756476684, 
                    576.3730569948186
                ], 
                [
                    1333.678756476684, 
                    565.1813471502591
                ], 
                [
                    1337.4093264248704, 
                    552.1243523316062
                ], 
                [
                    1337.4093264248704, 
                    539.0673575129534
                ], 
                [
                    1329.9481865284974, 
                    527.8756476683938
                ], 
                [
                    1322.4870466321245, 
                    520.4145077720208
                ], 
                [
                    1318.7564766839378, 
                    526.0103626943005
                ], 
                [
                    1315.0259067357513, 
                    540.9326424870467
                ], 
                [
                    1315.0259067357513, 
                    550.259067357513
                ], 
                [
                    1313.1606217616581, 
                    563.3160621761658
                ], 
                [
                    1316.8911917098446, 
                    563.3160621761658
                ]
            ], 
            "user": "daid", 
            "verified": 0
        }, 
        {
            "date": "15-Nov-2018 13:46:31", 
            "deleted": 0, 
            "draw": true, 
            "id": 5, 
            "label": "traffic sign", 
            "polygon": [
                [
                    1413.8860103626944, 
                    462.59067357512953
                ], 
                [
                    1426.9430051813472, 
                    462.59067357512953
                ], 
                [
                    1428.8082901554405, 
                    451.39896373056996
                ], 
                [
                    1432.538860103627, 
                    440.2072538860104
                ], 
                [
                    1428.8082901554405, 
                    436.47668393782385
                ], 
                [
                    1421.3471502590673, 
                    432.7461139896373
                ], 
                [
                    1408.2901554404145, 
                    432.7461139896373
                ], 
                [
                    1402.6943005181347, 
                    438.3419689119171
                ], 
                [
                    1397.0984455958549, 
                    451.39896373056996
                ], 
                [
                    1404.559585492228, 
                    458.86010362694304
                ]
            ], 
            "user": "daid", 
            "verified": 0
        }, 
        {
            "date": "15-Nov-2018 13:47:00", 
            "deleted": 0, 
            "draw": true, 
            "id": 6, 
            "label": "traffic light", 
            "polygon": [
                [
                    1249.740932642487, 
                    501.7616580310881
                ], 
                [
                    1257.2020725388602, 
                    501.7616580310881
                ], 
                [
                    1260.9326424870467, 
                    481.2435233160622
                ], 
                [
                    1259.0673575129533, 
                    468.18652849740937
                ], 
                [
                    1257.2020725388602, 
                    460.7253886010363
                ], 
                [
                    1246.0103626943005, 
                    462.59067357512953
                ], 
                [
                    1242.279792746114, 
                    471.91709844559585
                ]
            ], 
            "user": "daid", 
            "verified": 0
        }, 
        {
            "date": "15-Nov-2018 13:48:28", 
            "deleted": 0, 
            "draw": true, 
            "id": 7, 
            "label": "sidewalk", 
            "polygon": [
                [
                    1244.1450777202074, 
                    572.6424870466321
                ], 
                [
                    1210.5699481865286, 
                    574.5077720207254
                ], 
                [
                    1178.860103626943, 
                    583.8341968911917
                ], 
                [
                    1156.476683937824, 
                    583.8341968911917
                ], 
                [
                    1122.9015544041451, 
                    595.0259067357513
                ], 
                [
                    1091.1917098445597, 
                    609.9481865284974
                ], 
                [
                    1078.1347150259069, 
                    611.8134715025907
                ], 
                [
                    1078.1347150259069, 
                    621.139896373057
                ], 
                [
                    1094.9222797927462, 
                    658.4455958549223
                ], 
                [
                    1180.7253886010362, 
                    740.5181347150259
                ], 
                [
                    1279.5854922279793, 
                    833.7823834196892
                ], 
                [
                    1367.2538860103627, 
                    919.5854922279793
                ], 
                [
                    1469.8445595854923, 
                    1010.9844559585492
                ], 
                [
                    1542.5906735751296, 
                    1079.0
                ], 
                [
                    1917.5129533678758, 
                    1079.0
                ], 
                [
                    1919.0, 
                    686.4248704663213
                ], 
                [
                    1697.4093264248704, 
                    652.8497409326425
                ], 
                [
                    1589.2227979274612, 
                    637.9274611398964
                ], 
                [
                    1497.8238341968913, 
                    621.139896373057
                ], 
                [
                    1466.1139896373058, 
                    613.6787564766839
                ], 
                [
                    1440.0, 
                    617.4093264248705
                ], 
                [
                    1391.5025906735752, 
                    617.4093264248705
                ], 
                [
                    1363.5233160621763, 
                    617.4093264248705
                ], 
                [
                    1311.2953367875648, 
                    596.8911917098446
                ], 
                [
                    1298.238341968912, 
                    593.160621761658
                ], 
                [
                    1290.777202072539, 
                    574.5077720207254
                ], 
                [
                    1288.9119170984457, 
                    567.0466321243523
                ], 
                [
                    1301.9689119170985, 
                    567.0466321243523
                ], 
                [
                    1300.103626943005, 
                    553.9896373056995
                ], 
                [
                    1298.238341968912, 
                    539.0673575129534
                ], 
                [
                    1292.6424870466321, 
                    526.0103626943005
                ], 
                [
                    1281.4507772020727, 
                    512.9533678756477
                ], 
                [
                    1270.259067357513, 
                    518.5492227979274
                ], 
                [
                    1270.259067357513, 
                    527.8756476683938
                ], 
                [
                    1272.1243523316064, 
                    544.6632124352332
                ], 
                [
                    1264.6632124352332, 
                    561.4507772020726
                ], 
                [
                    1273.9896373056995, 
                    572.6424870466321
                ]
            ], 
            "user": "daid", 
            "verified": 0
        }, 
        {
            "date": "15-Nov-2018 19:21:53", 
            "deleted": 0, 
            "draw": true, 
            "id": 8, 
            "label": "rail track", 
            "polygon": [
                [
                    7.461139896373057, 
                    684.559585492228
                ], 
                [
                    104.4559585492228, 
                    658.4455958549223
                ], 
                [
                    201.45077720207254, 
                    639.7927461139897
                ], 
                [
                    272.3316062176166, 
                    632.3316062176166
                ], 
                [
                    345.0777202072539, 
                    621.139896373057
                ], 
                [
                    430.88082901554407, 
                    611.8134715025907
                ], 
                [
                    499.89637305699483, 
                    600.6217616580311
                ], 
                [
                    563.3160621761658, 
                    591.2953367875648
                ], 
                [
                    619.2746113989638, 
                    580.1036269430052
                ], 
                [
                    675.2331606217617, 
                    574.5077720207254
                ], 
                [
                    731.1917098445596, 
                    568.9119170984457
                ], 
                [
                    774.0932642487047, 
                    568.9119170984457
                ], 
                [
                    813.2642487046633, 
                    563.3160621761658
                ], 
                [
                    844.9740932642487, 
                    565.1813471502591
                ], 
                [
                    876.6839378238342, 
                    570.7772020725389
                ], 
                [
                    846.839378238342, 
                    585.699481865285
                ], 
                [
                    777.8238341968912, 
                    596.8911917098446
                ], 
                [
                    729.3264248704663, 
                    609.9481865284974
                ], 
                [
                    650.9844559585492, 
                    632.3316062176166
                ], 
                [
                    583.8341968911917, 
                    656.5803108808291
                ], 
                [
                    483.1088082901555, 
                    688.2901554404145
                ], 
                [
                    408.4974093264249, 
                    720.0
                ], 
                [
                    322.69430051813475, 
                    746.1139896373057
                ], 
                [
                    274.1968911917099, 
                    762.9015544041451
                ], 
                [
                    205.18134715025909, 
                    785.2849740932643
                ], 
                [
                    128.70466321243524, 
                    811.39896373057
                ], 
                [
                    59.689119170984455, 
                    835.6476683937824
                ], 
                [
                    0.0, 
                    854.300518134715
                ]
            ], 
            "user": "daid", 
            "verified": 0
        }, 
        {
            "date": "15-Nov-2018 19:22:09", 
            "deleted": 0, 
            "draw": true, 
            "id": 9, 
            "label": "train", 
            "polygon": [
                [
                    854.300518134715, 
                    542.7979274611399
                ], 
                [
                    891.6062176165804, 
                    544.6632124352332
                ], 
                [
                    895.3367875647668, 
                    501.7616580310881
                ], 
                [
                    880.4145077720208, 
                    492.4352331606218
                ], 
                [
                    856.1658031088083, 
                    488.70466321243526
                ]
            ], 
            "user": "daid", 
            "verified": 0
        }, 
        {
            "date": "15-Nov-2018 19:23:09", 
            "deleted": 0, 
            "draw": true, 
            "id": 10, 
            "label": "train", 
            "polygon": [
                [
                    637.9274611398964, 
                    501.7616580310881
                ], 
                [
                    647.2538860103627, 
                    501.7616580310881
                ], 
                [
                    647.2538860103627, 
                    524.1450777202073
                ], 
                [
                    636.0621761658032, 
                    522.279792746114
                ], 
                [
                    636.0621761658032, 
                    507.3575129533679
                ]
            ], 
            "user": "daid", 
            "verified": 0
        }, 
        {
            "date": "15-Nov-2018 19:23:26", 
            "deleted": 0, 
            "draw": true, 
            "id": 11, 
            "label": "car", 
            "polygon": [
                [
                    673.3678756476684, 
                    548.3937823834198
                ], 
                [
                    697.6165803108809, 
                    548.3937823834198
                ], 
                [
                    697.6165803108809, 
                    539.0673575129534
                ], 
                [
                    699.4818652849741, 
                    529.7409326424871
                ], 
                [
                    693.8860103626944, 
                    526.0103626943005
                ], 
                [
                    678.9637305699482, 
                    522.279792746114
                ], 
                [
                    669.6373056994819, 
                    533.4715025906736
                ]
            ], 
            "user": "daid", 
            "verified": 0
        }, 
        {
            "date": "15-Nov-2018 19:51:17", 
            "deleted": 0, 
            "draw": true, 
            "id": 12, 
            "label": "vegetation", 
            "polygon": [
                [
                    699.4818652849741, 
                    466.32124352331607
                ], 
                [
                    690.1554404145078, 
                    462.59067357512953
                ], 
                [
                    686.4248704663213, 
                    436.47668393782385
                ], 
                [
                    678.9637305699482, 
                    421.55440414507774
                ], 
                [
                    690.1554404145078, 
                    399.17098445595855
                ], 
                [
                    708.8082901554404, 
                    380.5181347150259
                ], 
                [
                    690.1554404145078, 
                    374.9222797927461
                ], 
                [
                    706.9430051813472, 
                    371.1917098445596
                ], 
                [
                    712.5388601036269, 
                    361.8652849740933
                ], 
                [
                    727.4611398963731, 
                    352.538860103627
                ], 
                [
                    755.4404145077721, 
                    352.538860103627
                ], 
                [
                    779.6891191709844, 
                    358.13471502590676
                ], 
                [
                    787.1502590673575, 
                    371.1917098445596
                ], 
                [
                    789.0155440414508, 
                    384.24870466321244
                ], 
                [
                    807.6683937823834, 
                    391.7098445595855
                ], 
                [
                    792.7461139896374, 
                    406.63212435233163
                ], 
                [
                    770.3626943005181, 
                    412.2279792746114
                ], 
                [
                    787.1502590673575, 
                    419.6891191709845
                ], 
                [
                    811.39896373057, 
                    419.6891191709845
                ], 
                [
                    796.4766839378239, 
                    456.99481865284974
                ], 
                [
                    766.6321243523316, 
                    456.99481865284974
                ], 
                [
                    764.7668393782384, 
                    468.18652849740937
                ], 
                [
                    736.7875647668394, 
                    473.78238341968915
                ]
            ], 
            "user": "daid", 
            "verified": 0
        }, 
        {
            "date": "15-Nov-2018 19:51:46", 
            "deleted": 0, 
            "draw": true, 
            "id": 13, 
            "label": "vegetation", 
            "polygon": [
                [
                    460.7253886010363, 
                    380.5181347150259
                ], 
                [
                    499.89637305699483, 
                    384.24870466321244
                ], 
                [
                    542.7979274611399, 
                    401.03626943005185
                ], 
                [
                    567.0466321243523, 
                    410.36269430051817
                ], 
                [
                    568.9119170984457, 
                    417.8238341968912
                ], 
                [
                    591.2953367875648, 
                    438.3419689119171
                ], 
                [
                    581.9689119170985, 
                    458.86010362694304
                ], 
                [
                    585.699481865285, 
                    484.9740932642487
                ], 
                [
                    552.1243523316062, 
                    479.37823834196894
                ], 
                [
                    540.9326424870467, 
                    486.83937823834196
                ], 
                [
                    501.7616580310881, 
                    499.89637305699483
                ], 
                [
                    443.93782383419693, 
                    494.30051813471505
                ], 
                [
                    402.9015544041451, 
                    494.30051813471505
                ], 
                [
                    373.05699481865287, 
                    505.4922279792746
                ], 
                [
                    376.7875647668394, 
                    464.4559585492228
                ], 
                [
                    374.9222797927461, 
                    427.1502590673575
                ], 
                [
                    412.2279792746114, 
                    415.95854922279796
                ], 
                [
                    449.5336787564767, 
                    391.7098445595855
                ]
            ], 
            "user": "daid", 
            "verified": 0
        }, 
        {
            "date": "15-Nov-2018 19:52:03", 
            "deleted": 0, 
            "draw": true, 
            "id": 14, 
            "label": "vegetation", 
            "polygon": [
                [
                    188.3937823834197, 
                    399.17098445595855
                ], 
                [
                    221.96891191709847, 
                    406.63212435233163
                ], 
                [
                    233.16062176165804, 
                    395.44041450777206
                ], 
                [
                    249.94818652849742, 
                    395.44041450777206
                ], 
                [
                    270.46632124352334, 
                    410.36269430051817
                ], 
                [
                    285.38860103626945, 
                    432.7461139896373
                ], 
                [
                    255.5440414507772, 
                    434.6113989637306
                ], 
                [
                    259.2746113989637, 
                    449.5336787564767
                ], 
                [
                    238.75647668393782, 
                    458.86010362694304
                ], 
                [
                    199.58549222797927, 
                    456.99481865284974
                ], 
                [
                    158.54922279792746, 
                    447.6683937823834
                ], 
                [
                    162.279792746114, 
                    421.55440414507774
                ]
            ], 
            "user": "daid", 
            "verified": 0
        }, 
        {
            "date": "15-Nov-2018 19:52:26", 
            "deleted": 0, 
            "draw": true, 
            "id": 15, 
            "label": "car", 
            "polygon": [
                [
                    221.96891191709847, 
                    570.7772020725389
                ], 
                [
                    259.2746113989637, 
                    572.6424870466321
                ], 
                [
                    272.3316062176166, 
                    572.6424870466321
                ], 
                [
                    264.87046632124355, 
                    553.9896373056995
                ], 
                [
                    264.87046632124355, 
                    548.3937823834198
                ], 
                [
                    257.40932642487047, 
                    544.6632124352332
                ], 
                [
                    229.43005181347152, 
                    542.7979274611399
                ], 
                [
                    216.37305699481865, 
                    542.7979274611399
                ], 
                [
                    210.77720207253887, 
                    559.5854922279793
                ]
            ], 
            "user": "daid", 
            "verified": 0
        }, 
        {
            "date": "15-Nov-2018 20:12:33", 
            "deleted": 0, 
            "draw": true, 
            "id": 16, 
            "label": "road", 
            "polygon": [
                [
                    1.8652849740932642, 
                    852.4352331606218
                ], 
                [
                    399.17098445595855, 
                    725.5958549222798
                ], 
                [
                    488.70466321243526, 
                    684.559585492228
                ], 
                [
                    604.3523316062176, 
                    649.119170984456
                ], 
                [
                    718.1347150259068, 
                    613.6787564766839
                ], 
                [
                    813.2642487046633, 
                    591.2953367875648
                ], 
                [
                    865.4922279792746, 
                    580.1036269430052
                ], 
                [
                    891.6062176165804, 
                    574.5077720207254
                ], 
                [
                    900.9326424870467, 
                    630.4663212435233
                ], 
                [
                    921.4507772020726, 
                    632.3316062176166
                ], 
                [
                    925.1813471502591, 
                    621.139896373057
                ], 
                [
                    992.3316062176166, 
                    613.6787564766839
                ], 
                [
                    988.6010362694301, 
                    637.9274611398964
                ], 
                [
                    1025.9067357512954, 
                    634.1968911917098
                ], 
                [
                    1037.0984455958549, 
                    611.8134715025907
                ], 
                [
                    1037.0984455958549, 
                    580.1036269430052
                ], 
                [
                    1121.0362694300518, 
                    589.4300518134716
                ], 
                [
                    1081.8652849740934, 
                    611.8134715025907
                ], 
                [
                    1085.5958549222798, 
                    634.1968911917098
                ], 
                [
                    1093.0569948186528, 
                    650.9844559585492
                ], 
                [
                    1102.3834196891191, 
                    667.7720207253886
                ], 
                [
                    1268.3937823834196, 
                    828.1865284974093
                ], 
                [
                    1544.455958549223, 
                    1076.2694300518135
                ], 
                [
                    0.0, 
                    1079.0
                ]
            ], 
            "user": "daid", 
            "verified": 0
        }, 
        {
            "date": "15-Nov-2018 20:13:10", 
            "deleted": 0, 
            "draw": true, 
            "id": 17, 
            "label": "road", 
            "polygon": [
                [
                    7.461139896373057, 
                    623.0051813471503
                ], 
                [
                    3.7305699481865284, 
                    682.6943005181347
                ], 
                [
                    102.59067357512954, 
                    656.5803108808291
                ], 
                [
                    214.50777202072538, 
                    636.0621761658032
                ], 
                [
                    317.0984455958549, 
                    621.139896373057
                ], 
                [
                    442.07253886010363, 
                    608.0829015544042
                ], 
                [
                    589.4300518134716, 
                    580.1036269430052
                ], 
                [
                    693.8860103626944, 
                    567.0466321243523
                ], 
                [
                    692.020725388601, 
                    559.5854922279793
                ], 
                [
                    652.8497409326425, 
                    559.5854922279793
                ], 
                [
                    660.3108808290156, 
                    542.7979274611399
                ], 
                [
                    643.5233160621761, 
                    529.7409326424871
                ], 
                [
                    630.4663212435233, 
                    535.3367875647668
                ], 
                [
                    630.4663212435233, 
                    546.5284974093264
                ], 
                [
                    600.6217616580311, 
                    544.6632124352332
                ], 
                [
                    587.5647668393783, 
                    544.6632124352332
                ], 
                [
                    535.3367875647668, 
                    559.5854922279793
                ], 
                [
                    449.5336787564767, 
                    567.0466321243523
                ], 
                [
                    438.3419689119171, 
                    574.5077720207254
                ], 
                [
                    419.6891191709845, 
                    580.1036269430052
                ], 
                [
                    360.0, 
                    591.2953367875648
                ], 
                [
                    248.08290155440415, 
                    600.6217616580311
                ], 
                [
                    149.22279792746116, 
                    609.9481865284974
                ], 
                [
                    37.30569948186529, 
                    619.2746113989638
                ]
            ], 
            "user": "daid", 
            "verified": 0
        }, 
        {
            "date": "15-Nov-2018 20:13:31", 
            "deleted": 0, 
            "draw": true, 
            "id": 18, 
            "label": "car", 
            "polygon": [
                [
                    602.4870466321244, 
                    542.7979274611399
                ], 
                [
                    617.4093264248705, 
                    542.7979274611399
                ], 
                [
                    624.8704663212435, 
                    542.7979274611399
                ], 
                [
                    626.7357512953369, 
                    527.8756476683938
                ], 
                [
                    615.5440414507772, 
                    524.1450777202073
                ], 
                [
                    598.7564766839379, 
                    527.8756476683938
                ], 
                [
                    604.3523316062176, 
                    539.0673575129534
                ], 
                [
                    604.3523316062176, 
                    539.0673575129534
                ]
            ], 
            "user": "daid", 
            "verified": 0
        }, 
        {
            "date": "15-Nov-2018 20:13:57", 
            "deleted": 0, 
            "draw": true, 
            "id": 19, 
            "label": "train", 
            "polygon": [
                [
                    1130.3626943005181, 
                    496.1658031088083
                ], 
                [
                    1149.0155440414508, 
                    498.0310880829016
                ], 
                [
                    1169.5336787564768, 
                    496.1658031088083
                ], 
                [
                    1175.1295336787566, 
                    533.4715025906736
                ], 
                [
                    1160.2072538860104, 
                    539.0673575129534
                ], 
                [
                    1149.0155440414508, 
                    527.8756476683938
                ], 
                [
                    1137.8238341968913, 
                    526.0103626943005
                ], 
                [
                    1137.8238341968913, 
                    533.4715025906736
                ], 
                [
                    1126.6321243523316, 
                    542.7979274611399
                ], 
                [
                    1128.497409326425, 
                    499.89637305699483
                ]
            ], 
            "user": "daid", 
            "verified": 0
        }
    ]
}