{
    "imgHeight": 1080, 
    "imgWidth": 1920, 
    "objects": [
        {
            "date": "15-Nov-2018 14:12:53", 
            "deleted": 0, 
            "draw": true, 
            "id": 0, 
            "label": "car", 
            "polygon": [
                [
                    781.5544041450778, 
                    871.0880829015545
                ], 
                [
                    1171.39896373057, 
                    874.8186528497409
                ], 
                [
                    1190.0518134715026, 
                    841.2435233160622
                ], 
                [
                    1197.5129533678758, 
                    796.4766839378239
                ], 
                [
                    1197.5129533678758, 
                    775.958549222798
                ], 
                [
                    1195.6476683937824, 
                    762.9015544041451
                ], 
                [
                    1195.6476683937824, 
                    742.3834196891193
                ], 
                [
                    1195.6476683937824, 
                    714.4041450777203
                ], 
                [
                    1195.6476683937824, 
                    699.4818652849741
                ], 
                [
                    1199.3782383419689, 
                    675.2331606217617
                ], 
                [
                    1188.1865284974094, 
                    667.7720207253886
                ], 
                [
                    1182.5906735751296, 
                    654.7150259067357
                ], 
                [
                    1175.1295336787566, 
                    628.6010362694301
                ], 
                [
                    1128.497409326425, 
                    529.7409326424871
                ], 
                [
                    1113.5751295336788, 
                    520.4145077720208
                ], 
                [
                    1074.4041450777202, 
                    512.9533678756477
                ], 
                [
                    996.0621761658032, 
                    503.6269430051814
                ], 
                [
                    932.6424870466321, 
                    507.3575129533679
                ], 
                [
                    852.4352331606218, 
                    516.6839378238342
                ], 
                [
                    828.1865284974093, 
                    527.8756476683938
                ], 
                [
                    794.6113989637306, 
                    587.5647668393783
                ], 
                [
                    775.958549222798, 
                    658.4455958549223
                ], 
                [
                    757.3056994818653, 
                    667.7720207253886
                ], 
                [
                    757.3056994818653, 
                    686.4248704663213
                ], 
                [
                    759.1709844559585, 
                    695.7512953367876
                ], 
                [
                    766.6321243523316, 
                    701.3471502590673
                ], 
                [
                    761.0362694300518, 
                    733.0569948186529
                ], 
                [
                    759.1709844559585, 
                    751.7098445595855
                ], 
                [
                    755.4404145077721, 
                    774.0932642487047
                ], 
                [
                    755.4404145077721, 
                    794.6113989637306
                ], 
                [
                    755.4404145077721, 
                    820.7253886010363
                ]
            ], 
            "user": "daid", 
            "verified": 0
        }, 
        {
            "date": "15-Nov-2018 14:13:16", 
            "deleted": 0, 
            "draw": true, 
            "id": 1, 
            "label": "traffic light", 
            "polygon": [
                [
                    1165.8031088082903, 
                    462.59067357512953
                ], 
                [
                    1201.2435233160622, 
                    460.7253886010363
                ], 
                [
                    1197.5129533678758, 
                    380.5181347150259
                ], 
                [
                    1197.5129533678758, 
                    374.9222797927461
                ], 
                [
                    1162.0725388601036, 
                    376.7875647668394
                ]
            ], 
            "user": "daid", 
            "verified": 0
        }, 
        {
            "date": "15-Nov-2018 14:14:04", 
            "deleted": 0, 
            "draw": true, 
            "id": 2, 
            "label": "truck", 
            "polygon": [
                [
                    274.1968911917099, 
                    609.9481865284974
                ], 
                [
                    292.8497409326425, 
                    611.8134715025907
                ], 
                [
                    296.580310880829, 
                    598.7564766839379
                ], 
                [
                    332.020725388601, 
                    596.8911917098446
                ], 
                [
                    339.4818652849741, 
                    609.9481865284974
                ], 
                [
                    393.57512953367876, 
                    608.0829015544042
                ], 
                [
                    410.36269430051817, 
                    608.0829015544042
                ], 
                [
                    406.63212435233163, 
                    595.0259067357513
                ], 
                [
                    436.47668393782385, 
                    596.8911917098446
                ], 
                [
                    460.7253886010363, 
                    591.2953367875648
                ], 
                [
                    475.6476683937824, 
                    574.5077720207254
                ], 
                [
                    477.51295336787564, 
                    561.4507772020726
                ], 
                [
                    477.51295336787564, 
                    555.8549222797927
                ], 
                [
                    425.2849740932643, 
                    555.8549222797927
                ], 
                [
                    339.4818652849741, 
                    563.3160621761658
                ], 
                [
                    341.34715025906735, 
                    531.6062176165804
                ], 
                [
                    302.1761658031088, 
                    533.4715025906736
                ], 
                [
                    279.79274611398966, 
                    555.8549222797927
                ], 
                [
                    274.1968911917099, 
                    568.9119170984457
                ]
            ], 
            "user": "daid", 
            "verified": 0
        }, 
        {
            "date": "15-Nov-2018 14:14:30", 
            "deleted": 0, 
            "draw": true, 
            "id": 3, 
            "label": "car", 
            "polygon": [
                [
                    697.6165803108809, 
                    578.238341968912
                ], 
                [
                    720.0, 
                    576.3730569948186
                ], 
                [
                    738.6528497409327, 
                    576.3730569948186
                ], 
                [
                    738.6528497409327, 
                    567.0466321243523
                ], 
                [
                    738.6528497409327, 
                    555.8549222797927
                ], 
                [
                    721.8652849740932, 
                    550.259067357513
                ], 
                [
                    708.8082901554404, 
                    552.1243523316062
                ], 
                [
                    699.4818652849741, 
                    552.1243523316062
                ], 
                [
                    697.6165803108809, 
                    563.3160621761658
                ], 
                [
                    699.4818652849741, 
                    570.7772020725389
                ]
            ], 
            "user": "daid", 
            "verified": 0
        }, 
        {
            "date": "15-Nov-2018 14:16:05", 
            "deleted": 0, 
            "draw": true, 
            "id": 4, 
            "label": "road", 
            "polygon": [
                [
                    1471.7098445595855, 
                    1079.0
                ], 
                [
                    1199.3782383419689, 
                    796.4766839378239
                ], 
                [
                    1195.6476683937824, 
                    835.6476683937824
                ], 
                [
                    1175.1295336787566, 
                    872.9533678756477
                ], 
                [
                    779.6891191709844, 
                    869.2227979274612
                ], 
                [
                    755.4404145077721, 
                    820.7253886010363
                ], 
                [
                    755.4404145077721, 
                    744.2487046632125
                ], 
                [
                    762.9015544041451, 
                    708.8082901554404
                ], 
                [
                    762.9015544041451, 
                    699.4818652849741
                ], 
                [
                    757.3056994818653, 
                    690.1554404145078
                ], 
                [
                    759.1709844559585, 
                    667.7720207253886
                ], 
                [
                    774.0932642487047, 
                    658.4455958549223
                ], 
                [
                    785.2849740932643, 
                    609.9481865284974
                ], 
                [
                    770.3626943005181, 
                    574.5077720207254
                ], 
                [
                    740.5181347150259, 
                    574.5077720207254
                ], 
                [
                    688.2901554404145, 
                    578.238341968912
                ], 
                [
                    636.0621761658032, 
                    589.4300518134716
                ], 
                [
                    600.6217616580311, 
                    598.7564766839379
                ], 
                [
                    542.7979274611399, 
                    604.3523316062176
                ], 
                [
                    458.86010362694304, 
                    606.2176165803108
                ], 
                [
                    406.63212435233163, 
                    609.9481865284974
                ], 
                [
                    307.7720207253886, 
                    613.6787564766839
                ], 
                [
                    272.3316062176166, 
                    609.9481865284974
                ], 
                [
                    266.7357512953368, 
                    598.7564766839379
                ], 
                [
                    223.8341968911917, 
                    598.7564766839379
                ], 
                [
                    134.30051813471502, 
                    598.7564766839379
                ], 
                [
                    57.82383419689119, 
                    604.3523316062176
                ], 
                [
                    3.7305699481865284, 
                    604.3523316062176
                ], 
                [
                    11.191709844559586, 
                    617.4093264248705
                ], 
                [
                    110.0518134715026, 
                    619.2746113989638
                ], 
                [
                    208.9119170984456, 
                    623.0051813471503
                ], 
                [
                    242.48704663212436, 
                    637.9274611398964
                ], 
                [
                    220.1036269430052, 
                    652.8497409326425
                ], 
                [
                    156.6839378238342, 
                    671.5025906735751
                ], 
                [
                    96.99481865284974, 
                    686.4248704663213
                ], 
                [
                    42.90155440414508, 
                    697.6165803108809
                ], 
                [
                    0.0, 
                    706.9430051813472
                ], 
                [
                    0.0, 
                    1079.0
                ]
            ], 
            "user": "daid", 
            "verified": 0
        }, 
        {
            "date": "15-Nov-2018 14:16:49", 
            "deleted": 0, 
            "draw": true, 
            "id": 5, 
            "label": "road", 
            "polygon": [
                [
                    1175.1295336787566, 
                    602.4870466321244
                ], 
                [
                    1296.3730569948186, 
                    604.3523316062176
                ], 
                [
                    1328.082901554404, 
                    606.2176165803108
                ], 
                [
                    1376.580310880829, 
                    608.0829015544042
                ], 
                [
                    1471.7098445595855, 
                    606.2176165803108
                ], 
                [
                    1522.0725388601036, 
                    606.2176165803108
                ], 
                [
                    1591.0880829015543, 
                    606.2176165803108
                ], 
                [
                    1620.9326424870467, 
                    604.3523316062176
                ], 
                [
                    1626.5284974093265, 
                    617.4093264248705
                ], 
                [
                    1542.5906735751296, 
                    621.139896373057
                ], 
                [
                    1430.6735751295337, 
                    626.7357512953369
                ], 
                [
                    1365.3886010362694, 
                    626.7357512953369
                ], 
                [
                    1244.1450777202074, 
                    639.7927461139897
                ], 
                [
                    1204.9740932642487, 
                    639.7927461139897
                ], 
                [
                    1188.1865284974094, 
                    647.2538860103627
                ]
            ], 
            "user": "daid", 
            "verified": 0
        }, 
        {
            "date": "15-Nov-2018 14:17:56", 
            "deleted": 0, 
            "draw": true, 
            "id": 6, 
            "label": "sidewalk", 
            "polygon": [
                [
                    1195.6476683937824, 
                    650.9844559585492
                ], 
                [
                    1188.1865284974094, 
                    654.7150259067357
                ], 
                [
                    1186.321243523316, 
                    667.7720207253886
                ], 
                [
                    1195.6476683937824, 
                    677.098445595855
                ], 
                [
                    1199.3782383419689, 
                    802.0725388601037
                ], 
                [
                    1471.7098445595855, 
                    1079.0
                ], 
                [
                    1913.7823834196893, 
                    1079.0
                ], 
                [
                    1919.0, 
                    861.7616580310881
                ], 
                [
                    1619.0673575129533, 
                    764.7668393782384
                ], 
                [
                    1602.279792746114, 
                    746.1139896373057
                ], 
                [
                    1609.740932642487, 
                    723.7305699481866
                ], 
                [
                    1617.2020725388602, 
                    710.6735751295337
                ], 
                [
                    1620.9326424870467, 
                    678.9637305699482
                ], 
                [
                    1626.5284974093265, 
                    634.1968911917098
                ], 
                [
                    1626.5284974093265, 
                    624.8704663212435
                ], 
                [
                    1626.5284974093265, 
                    621.139896373057
                ], 
                [
                    1583.6269430051814, 
                    617.4093264248705
                ], 
                [
                    1548.1865284974094, 
                    623.0051813471503
                ], 
                [
                    1527.6683937823834, 
                    626.7357512953369
                ], 
                [
                    1495.958549222798, 
                    624.8704663212435
                ], 
                [
                    1464.2487046632125, 
                    628.6010362694301
                ], 
                [
                    1436.2694300518135, 
                    626.7357512953369
                ], 
                [
                    1423.2124352331607, 
                    628.6010362694301
                ], 
                [
                    1380.3108808290156, 
                    628.6010362694301
                ], 
                [
                    1354.19689119171, 
                    630.4663212435233
                ], 
                [
                    1324.3523316062176, 
                    634.1968911917098
                ], 
                [
                    1283.3160621761658, 
                    637.9274611398964
                ], 
                [
                    1253.4715025906737, 
                    643.5233160621761
                ], 
                [
                    1231.0880829015543, 
                    645.3886010362695
                ], 
                [
                    1210.5699481865286, 
                    645.3886010362695
                ]
            ], 
            "user": "daid", 
            "verified": 0
        }, 
        {
            "date": "15-Nov-2018 14:18:48", 
            "deleted": 0, 
            "draw": true, 
            "id": 7, 
            "label": "sidewalk", 
            "polygon": [
                [
                    11.191709844559586, 
                    623.0051813471503
                ], 
                [
                    41.03626943005182, 
                    623.0051813471503
                ], 
                [
                    72.74611398963731, 
                    624.8704663212435
                ], 
                [
                    104.4559585492228, 
                    624.8704663212435
                ], 
                [
                    158.54922279792746, 
                    626.7357512953369
                ], 
                [
                    199.58549222797927, 
                    623.0051813471503
                ], 
                [
                    220.1036269430052, 
                    628.6010362694301
                ], 
                [
                    242.48704663212436, 
                    637.9274611398964
                ], 
                [
                    236.89119170984458, 
                    643.5233160621761
                ], 
                [
                    214.50777202072538, 
                    652.8497409326425
                ], 
                [
                    177.2020725388601, 
                    664.041450777202
                ], 
                [
                    136.1658031088083, 
                    677.098445595855
                ], 
                [
                    93.26424870466322, 
                    686.4248704663213
                ], 
                [
                    65.28497409326425, 
                    695.7512953367876
                ], 
                [
                    37.30569948186529, 
                    701.3471502590673
                ], 
                [
                    1.8652849740932642, 
                    708.8082901554404
                ], 
                [
                    0.0, 
                    624.8704663212435
                ]
            ], 
            "user": "daid", 
            "verified": 0
        }, 
        {
            "date": "15-Nov-2018 14:19:25", 
            "deleted": 0, 
            "draw": true, 
            "id": 8, 
            "label": "traffic sign", 
            "polygon": [
                [
                    1150.8808290155441, 
                    352.538860103627
                ], 
                [
                    1149.0155440414508, 
                    337.61658031088086
                ], 
                [
                    1154.6113989637306, 
                    320.82901554404145
                ], 
                [
                    1165.8031088082903, 
                    318.9637305699482
                ], 
                [
                    1176.9948186528497, 
                    318.9637305699482
                ], 
                [
                    1184.455958549223, 
                    320.82901554404145
                ], 
                [
                    1188.1865284974094, 
                    324.559585492228
                ], 
                [
                    1190.0518134715026, 
                    332.020725388601
                ], 
                [
                    1191.917098445596, 
                    343.21243523316065
                ], 
                [
                    1188.1865284974094, 
                    346.9430051813472
                ], 
                [
                    1184.455958549223, 
                    352.538860103627
                ], 
                [
                    1173.2642487046633, 
                    354.4041450777202
                ], 
                [
                    1160.2072538860104, 
                    354.4041450777202
                ]
            ], 
            "user": "daid", 
            "verified": 0
        }, 
        {
            "date": "15-Nov-2018 14:19:39", 
            "deleted": 0, 
            "draw": true, 
            "id": 9, 
            "label": "traffic light", 
            "polygon": [
                [
                    1273.9896373056995, 
                    496.1658031088083
                ], 
                [
                    1287.0466321243523, 
                    496.1658031088083
                ], 
                [
                    1285.1813471502592, 
                    462.59067357512953
                ], 
                [
                    1285.1813471502592, 
                    449.5336787564767
                ], 
                [
                    1270.259067357513, 
                    449.5336787564767
                ]
            ], 
            "user": "daid", 
            "verified": 0
        }, 
        {
            "date": "15-Nov-2018 15:47:43", 
            "deleted": 0, 
            "draw": true, 
            "id": 10, 
            "label": "sidewalk", 
            "polygon": [
                [
                    1175.1295336787566, 
                    600.6217616580311
                ], 
                [
                    1175.1295336787566, 
                    591.2953367875648
                ], 
                [
                    1195.6476683937824, 
                    593.160621761658
                ], 
                [
                    1223.6269430051814, 
                    591.2953367875648
                ], 
                [
                    1242.279792746114, 
                    585.699481865285
                ], 
                [
                    1255.3367875647668, 
                    591.2953367875648
                ], 
                [
                    1283.3160621761658, 
                    591.2953367875648
                ], 
                [
                    1288.9119170984457, 
                    591.2953367875648
                ], 
                [
                    1288.9119170984457, 
                    604.3523316062176
                ], 
                [
                    1253.4715025906737, 
                    604.3523316062176
                ]
            ], 
            "user": "daid", 
            "verified": 0
        }, 
        {
            "date": "15-Nov-2018 15:47:56", 
            "deleted": 0, 
            "draw": true, 
            "id": 11, 
            "label": "sidewalk", 
            "polygon": [
                [
                    1300.103626943005, 
                    591.2953367875648
                ], 
                [
                    1300.103626943005, 
                    596.8911917098446
                ], 
                [
                    1300.103626943005, 
                    602.4870466321244
                ], 
                [
                    1343.0051813471503, 
                    606.2176165803108
                ], 
                [
                    1348.60103626943, 
                    593.160621761658
                ], 
                [
                    1348.60103626943, 
                    581.9689119170985
                ], 
                [
                    1322.4870466321245, 
                    581.9689119170985
                ], 
                [
                    1311.2953367875648, 
                    583.8341968911917
                ]
            ], 
            "user": "daid", 
            "verified": 0
        }, 
        {
            "date": "15-Nov-2018 15:48:17", 
            "deleted": 0, 
            "draw": true, 
            "id": 12, 
            "label": "sidewalk", 
            "polygon": [
                [
                    1357.9274611398964, 
                    587.5647668393783
                ], 
                [
                    1357.9274611398964, 
                    604.3523316062176
                ], 
                [
                    1628.3937823834196, 
                    602.4870466321244
                ], 
                [
                    1630.259067357513, 
                    583.8341968911917
                ], 
                [
                    1613.4715025906737, 
                    580.1036269430052
                ], 
                [
                    1579.896373056995, 
                    578.238341968912
                ], 
                [
                    1555.6476683937824, 
                    581.9689119170985
                ], 
                [
                    1507.1502590673576, 
                    580.1036269430052
                ], 
                [
                    1481.0362694300518, 
                    580.1036269430052
                ], 
                [
                    1436.2694300518135, 
                    585.699481865285
                ], 
                [
                    1400.8290155440416, 
                    581.9689119170985
                ]
            ], 
            "user": "daid", 
            "verified": 0
        }, 
        {
            "date": "15-Nov-2018 15:52:26", 
            "deleted": 0, 
            "draw": true, 
            "id": 13, 
            "label": "building", 
            "polygon": [
                [
                    1361.658031088083, 
                    583.8341968911917
                ], 
                [
                    1630.259067357513, 
                    580.1036269430052
                ], 
                [
                    1641.4507772020727, 
                    483.1088082901555
                ], 
                [
                    1846.6321243523316, 
                    445.8031088082902
                ], 
                [
                    1848.497409326425, 
                    378.65284974093265
                ], 
                [
                    1814.9222797927462, 
                    369.3264248704663
                ], 
                [
                    1848.497409326425, 
                    352.538860103627
                ], 
                [
                    1833.5751295336788, 
                    3.7305699481865284
                ], 
                [
                    1316.8911917098446, 
                    0.0
                ], 
                [
                    1329.9481865284974, 
                    408.4974093264249
                ], 
                [
                    1367.2538860103627, 
                    404.76683937823833
                ], 
                [
                    1384.041450777202, 
                    417.8238341968912
                ], 
                [
                    1385.9067357512954, 
                    436.47668393782385
                ], 
                [
                    1387.7720207253888, 
                    456.99481865284974
                ], 
                [
                    1370.9844559585492, 
                    458.86010362694304
                ], 
                [
                    1370.9844559585492, 
                    471.91709844559585
                ], 
                [
                    1350.4663212435235, 
                    471.91709844559585
                ], 
                [
                    1350.4663212435235, 
                    471.91709844559585
                ], 
                [
                    1352.3316062176166, 
                    490.5699481865285
                ], 
                [
                    1372.8497409326426, 
                    492.4352331606218
                ], 
                [
                    1385.9067357512954, 
                    501.7616580310881
                ], 
                [
                    1387.7720207253888, 
                    524.1450777202073
                ], 
                [
                    1387.7720207253888, 
                    548.3937823834198
                ], 
                [
                    1363.5233160621763, 
                    548.3937823834198
                ]
            ], 
            "user": "daid", 
            "verified": 0
        }, 
        {
            "date": "15-Nov-2018 15:53:20", 
            "deleted": 0, 
            "draw": true, 
            "id": 14, 
            "label": "building", 
            "polygon": [
                [
                    1301.9689119170985, 
                    589.4300518134716
                ], 
                [
                    1311.2953367875648, 
                    581.9689119170985
                ], 
                [
                    1329.9481865284974, 
                    581.9689119170985
                ], 
                [
                    1333.678756476684, 
                    402.9015544041451
                ], 
                [
                    1318.7564766839378, 
                    78.3419689119171
                ], 
                [
                    1227.3575129533679, 
                    96.99481865284974
                ], 
                [
                    1204.9740932642487, 
                    108.18652849740933
                ], 
                [
                    1203.1088082901554, 
                    173.4715025906736
                ], 
                [
                    1208.7046632124352, 
                    442.07253886010363
                ], 
                [
                    1210.5699481865286, 
                    490.5699481865285
                ], 
                [
                    1225.4922279792747, 
                    490.5699481865285
                ], 
                [
                    1229.2227979274612, 
                    555.8549222797927
                ], 
                [
                    1238.5492227979275, 
                    561.4507772020726
                ], 
                [
                    1238.5492227979275, 
                    589.4300518134716
                ], 
                [
                    1257.2020725388602, 
                    589.4300518134716
                ], 
                [
                    1279.5854922279793, 
                    589.4300518134716
                ], 
                [
                    1279.5854922279793, 
                    546.5284974093264
                ], 
                [
                    1275.8549222797928, 
                    509.22279792746116
                ], 
                [
                    1264.6632124352332, 
                    498.0310880829016
                ], 
                [
                    1264.6632124352332, 
                    466.32124352331607
                ], 
                [
                    1270.259067357513, 
                    449.5336787564767
                ], 
                [
                    1294.5077720207255, 
                    443.93782383419693
                ], 
                [
                    1294.5077720207255, 
                    464.4559585492228
                ], 
                [
                    1292.6424870466321, 
                    486.83937823834196
                ], 
                [
                    1296.3730569948186, 
                    557.720207253886
                ]
            ], 
            "user": "daid", 
            "verified": 0
        }
    ]
}