{
    "imgHeight": 1080, 
    "imgWidth": 1920, 
    "objects": [
        {
            "date": "15-Nov-2018 13:55:36", 
            "deleted": 0, 
            "draw": true, 
            "id": 0, 
            "label": "traffic light", 
            "polygon": [
                [
                    1290.777202072539, 
                    486.83937823834196
                ], 
                [
                    1315.0259067357513, 
                    488.70466321243526
                ], 
                [
                    1320.6217616580311, 
                    401.03626943005185
                ], 
                [
                    1285.1813471502592, 
                    401.03626943005185
                ]
            ], 
            "user": "daid", 
            "verified": 0
        }, 
        {
            "date": "15-Nov-2018 13:55:55", 
            "deleted": 0, 
            "draw": true, 
            "id": 1, 
            "label": "traffic sign", 
            "polygon": [
                [
                    940.1036269430052, 
                    98.86010362694302
                ], 
                [
                    1128.497409326425, 
                    83.93782383419689
                ], 
                [
                    1122.9015544041451, 
                    263.00518134715026
                ], 
                [
                    930.7772020725389, 
                    266.7357512953368
                ]
            ], 
            "user": "daid", 
            "verified": 0
        }, 
        {
            "date": "15-Nov-2018 13:56:14", 
            "deleted": 0, 
            "draw": true, 
            "id": 2, 
            "label": "traffic light", 
            "polygon": [
                [
                    997.9274611398964, 
                    429.01554404145077
                ], 
                [
                    1042.6943005181347, 
                    432.7461139896373
                ], 
                [
                    1052.020725388601, 
                    307.7720207253886
                ], 
                [
                    1001.6580310880829, 
                    305.90673575129534
                ], 
                [
                    996.0621761658032, 
                    432.7461139896373
                ]
            ], 
            "user": "daid", 
            "verified": 0
        }, 
        {
            "date": "15-Nov-2018 14:00:31", 
            "deleted": 0, 
            "draw": true, 
            "id": 3, 
            "label": "road", 
            "polygon": [
                [
                    1579.896373056995, 
                    1079.0
                ], 
                [
                    1350.4663212435235, 
                    921.4507772020726
                ], 
                [
                    1203.1088082901554, 
                    843.1088082901555
                ], 
                [
                    1121.0362694300518, 
                    798.3419689119171
                ], 
                [
                    955.0259067357513, 
                    727.4611398963731
                ], 
                [
                    876.6839378238342, 
                    703.2124352331606
                ], 
                [
                    863.6269430051814, 
                    697.6165803108809
                ], 
                [
                    861.7616580310881, 
                    684.559585492228
                ], 
                [
                    891.6062176165804, 
                    675.2331606217617
                ], 
                [
                    951.2953367875648, 
                    667.7720207253886
                ], 
                [
                    977.4093264248705, 
                    667.7720207253886
                ], 
                [
                    983.0051813471503, 
                    609.9481865284974
                ], 
                [
                    940.1036269430052, 
                    609.9481865284974
                ], 
                [
                    772.2279792746115, 
                    623.0051813471503
                ], 
                [
                    595.0259067357513, 
                    626.7357512953369
                ], 
                [
                    516.6839378238342, 
                    630.4663212435233
                ], 
                [
                    382.3834196891192, 
                    623.0051813471503
                ], 
                [
                    322.69430051813475, 
                    606.2176165803108
                ], 
                [
                    296.580310880829, 
                    598.7564766839379
                ], 
                [
                    287.2538860103627, 
                    591.2953367875648
                ], 
                [
                    0.0, 
                    576.3730569948186
                ], 
                [
                    0.0, 
                    1079.0
                ]
            ], 
            "user": "daid", 
            "verified": 0
        }, 
        {
            "date": "15-Nov-2018 14:02:33", 
            "deleted": 0, 
            "draw": true, 
            "id": 4, 
            "label": "car", 
            "polygon": [
                [
                    1389.6373056994819, 
                    580.1036269430052
                ], 
                [
                    1417.6165803108809, 
                    581.9689119170985
                ], 
                [
                    1419.4818652849742, 
                    572.6424870466321
                ], 
                [
                    1421.3471502590673, 
                    567.0466321243523
                ], 
                [
                    1417.6165803108809, 
                    557.720207253886
                ], 
                [
                    1395.2331606217617, 
                    555.8549222797927
                ], 
                [
                    1384.041450777202, 
                    561.4507772020726
                ], 
                [
                    1384.041450777202, 
                    572.6424870466321
                ]
            ], 
            "user": "daid", 
            "verified": 0
        }, 
        {
            "date": "15-Nov-2018 14:02:49", 
            "deleted": 0, 
            "draw": true, 
            "id": 5, 
            "label": "traffic light", 
            "polygon": [
                [
                    813.2642487046633, 
                    496.1658031088083
                ], 
                [
                    822.5906735751296, 
                    496.1658031088083
                ], 
                [
                    830.0518134715027, 
                    445.8031088082902
                ], 
                [
                    815.1295336787565, 
                    442.07253886010363
                ]
            ], 
            "user": "daid", 
            "verified": 0
        }, 
        {
            "date": "15-Nov-2018 14:03:13", 
            "deleted": 0, 
            "draw": true, 
            "id": 6, 
            "label": "car", 
            "polygon": [
                [
                    1426.9430051813472, 
                    580.1036269430052
                ], 
                [
                    1456.7875647668395, 
                    580.1036269430052
                ], 
                [
                    1458.6528497409327, 
                    567.0466321243523
                ], 
                [
                    1458.6528497409327, 
                    557.720207253886
                ], 
                [
                    1438.1347150259069, 
                    552.1243523316062
                ], 
                [
                    1426.9430051813472, 
                    553.9896373056995
                ], 
                [
                    1426.9430051813472, 
                    567.0466321243523
                ]
            ], 
            "user": "daid", 
            "verified": 0
        }, 
        {
            "date": "15-Nov-2018 14:04:28", 
            "deleted": 0, 
            "draw": true, 
            "id": 7, 
            "label": "road", 
            "polygon": [
                [
                    1384.041450777202, 
                    581.9689119170985
                ], 
                [
                    1471.7098445595855, 
                    581.9689119170985
                ], 
                [
                    1488.497409326425, 
                    581.9689119170985
                ], 
                [
                    1520.2072538860104, 
                    589.4300518134716
                ], 
                [
                    1744.041450777202, 
                    645.3886010362695
                ], 
                [
                    1848.497409326425, 
                    671.5025906735751
                ], 
                [
                    1919.0, 
                    684.559585492228
                ], 
                [
                    1919.0, 
                    1076.2694300518135
                ], 
                [
                    1693.678756476684, 
                    917.7202072538861
                ], 
                [
                    1596.6839378238342, 
                    844.9740932642487
                ], 
                [
                    1536.9948186528497, 
                    794.6113989637306
                ], 
                [
                    1509.0155440414508, 
                    768.4974093264249
                ], 
                [
                    1488.497409326425, 
                    736.7875647668394
                ], 
                [
                    1469.8445595854923, 
                    733.0569948186529
                ], 
                [
                    1473.5751295336788, 
                    630.4663212435233
                ], 
                [
                    1453.0569948186528, 
                    619.2746113989638
                ], 
                [
                    1440.0, 
                    611.8134715025907
                ], 
                [
                    1421.3471502590673, 
                    613.6787564766839
                ], 
                [
                    1408.2901554404145, 
                    617.4093264248705
                ], 
                [
                    1395.2331606217617, 
                    602.4870466321244
                ]
            ], 
            "user": "daid", 
            "verified": 0
        }, 
        {
            "date": "15-Nov-2018 15:34:06", 
            "deleted": 0, 
            "draw": true, 
            "id": 8, 
            "label": "sidewalk", 
            "polygon": [
                [
                    1365.3886010362694, 
                    921.4507772020726
                ], 
                [
                    1469.8445595854923, 
                    949.4300518134716
                ], 
                [
                    1529.5336787564768, 
                    949.4300518134716
                ], 
                [
                    1557.5129533678758, 
                    945.699481865285
                ], 
                [
                    1585.4922279792747, 
                    943.8341968911917
                ], 
                [
                    1606.0103626943005, 
                    932.6424870466321
                ], 
                [
                    1606.0103626943005, 
                    917.7202072538861
                ], 
                [
                    1598.5492227979275, 
                    899.0673575129534
                ], 
                [
                    1557.5129533678758, 
                    839.378238341969
                ], 
                [
                    1518.341968911917, 
                    781.5544041450778
                ], 
                [
                    1495.958549222798, 
                    747.979274611399
                ], 
                [
                    1486.6321243523316, 
                    734.9222797927462
                ], 
                [
                    1471.7098445595855, 
                    734.9222797927462
                ], 
                [
                    1467.979274611399, 
                    859.8963730569949
                ], 
                [
                    1456.7875647668395, 
                    867.3575129533679
                ], 
                [
                    1445.5958549222798, 
                    867.3575129533679
                ], 
                [
                    1430.6735751295337, 
                    867.3575129533679
                ], 
                [
                    1415.7512953367875, 
                    865.4922279792746
                ], 
                [
                    1395.2331606217617, 
                    859.8963730569949
                ], 
                [
                    1389.6373056994819, 
                    854.300518134715
                ], 
                [
                    1384.041450777202, 
                    848.7046632124352
                ], 
                [
                    1391.5025906735752, 
                    729.3264248704663
                ], 
                [
                    1025.9067357512954, 
                    673.3678756476684
                ], 
                [
                    1022.1761658031088, 
                    669.6373056994819
                ], 
                [
                    1022.1761658031088, 
                    695.7512953367876
                ], 
                [
                    1014.7150259067358, 
                    697.6165803108809
                ], 
                [
                    1009.119170984456, 
                    697.6165803108809
                ], 
                [
                    992.3316062176166, 
                    697.6165803108809
                ], 
                [
                    984.8704663212436, 
                    690.1554404145078
                ], 
                [
                    981.139896373057, 
                    690.1554404145078
                ], 
                [
                    977.4093264248705, 
                    690.1554404145078
                ], 
                [
                    979.2746113989638, 
                    675.2331606217617
                ], 
                [
                    979.2746113989638, 
                    671.5025906735751
                ], 
                [
                    966.217616580311, 
                    667.7720207253886
                ], 
                [
                    943.8341968911917, 
                    667.7720207253886
                ], 
                [
                    921.4507772020726, 
                    669.6373056994819
                ], 
                [
                    904.6632124352332, 
                    675.2331606217617
                ], 
                [
                    886.0103626943005, 
                    675.2331606217617
                ], 
                [
                    871.0880829015545, 
                    682.6943005181347
                ], 
                [
                    865.4922279792746, 
                    684.559585492228
                ], 
                [
                    867.3575129533679, 
                    693.8860103626944
                ], 
                [
                    867.3575129533679, 
                    697.6165803108809
                ], 
                [
                    893.4715025906736, 
                    708.8082901554404
                ], 
                [
                    919.5854922279793, 
                    714.4041450777203
                ], 
                [
                    941.9689119170985, 
                    721.8652849740932
                ], 
                [
                    962.4870466321244, 
                    731.1917098445596
                ], 
                [
                    994.1968911917098, 
                    742.3834196891193
                ], 
                [
                    1027.7720207253885, 
                    755.4404145077721
                ], 
                [
                    1055.7512953367875, 
                    766.6321243523316
                ], 
                [
                    1087.4611398963732, 
                    783.419689119171
                ], 
                [
                    1122.9015544041451, 
                    800.2072538860103
                ], 
                [
                    1165.8031088082903, 
                    820.7253886010363
                ], 
                [
                    1206.839378238342, 
                    843.1088082901555
                ], 
                [
                    1244.1450777202074, 
                    867.3575129533679
                ], 
                [
                    1287.0466321243523, 
                    887.8756476683939
                ], 
                [
                    1320.6217616580311, 
                    904.6632124352332
                ]
            ], 
            "user": "daid", 
            "verified": 0
        }, 
        {
            "date": "15-Nov-2018 15:35:25", 
            "deleted": 0, 
            "draw": true, 
            "id": 9, 
            "label": "road", 
            "polygon": [
                [
                    1514.6113989637306, 
                    775.958549222798
                ], 
                [
                    1611.6062176165804, 
                    917.7202072538861
                ], 
                [
                    1611.6062176165804, 
                    932.6424870466321
                ], 
                [
                    1594.818652849741, 
                    938.238341968912
                ], 
                [
                    1591.0880829015543, 
                    945.699481865285
                ], 
                [
                    1561.2435233160622, 
                    947.5647668393783
                ], 
                [
                    1540.7253886010362, 
                    949.4300518134716
                ], 
                [
                    1499.6891191709844, 
                    951.2953367875648
                ], 
                [
                    1471.7098445595855, 
                    949.4300518134716
                ], 
                [
                    1436.2694300518135, 
                    943.8341968911917
                ], 
                [
                    1398.9637305699482, 
                    932.6424870466321
                ], 
                [
                    1363.5233160621763, 
                    921.4507772020726
                ], 
                [
                    1337.4093264248704, 
                    912.1243523316062
                ], 
                [
                    1367.2538860103627, 
                    930.7772020725389
                ], 
                [
                    1412.020725388601, 
                    960.6217616580311
                ], 
                [
                    1445.5958549222798, 
                    984.8704663212436
                ], 
                [
                    1481.0362694300518, 
                    1010.9844559585492
                ], 
                [
                    1512.7461139896373, 
                    1033.3678756476684
                ], 
                [
                    1544.455958549223, 
                    1055.7512953367875
                ], 
                [
                    1579.896373056995, 
                    1076.2694300518135
                ], 
                [
                    1919.0, 
                    1079.0
                ], 
                [
                    1820.518134715026, 
                    1009.119170984456
                ], 
                [
                    1781.3471502590673, 
                    983.0051813471503
                ], 
                [
                    1762.6943005181347, 
                    966.217616580311
                ], 
                [
                    1742.176165803109, 
                    955.0259067357513
                ], 
                [
                    1727.2538860103627, 
                    940.1036269430052
                ], 
                [
                    1701.1398963730571, 
                    923.3160621761658
                ], 
                [
                    1689.9481865284974, 
                    913.9896373056995
                ], 
                [
                    1648.9119170984457, 
                    882.279792746114
                ], 
                [
                    1628.3937823834196, 
                    869.2227979274612
                ], 
                [
                    1587.3575129533679, 
                    835.6476683937824
                ], 
                [
                    1587.3575129533679, 
                    835.6476683937824
                ], 
                [
                    1564.9740932642487, 
                    822.5906735751296
                ], 
                [
                    1555.6476683937824, 
                    805.8031088082902
                ], 
                [
                    1540.7253886010362, 
                    794.6113989637306
                ]
            ], 
            "user": "daid", 
            "verified": 0
        }, 
        {
            "date": "15-Nov-2018 15:36:06", 
            "deleted": 0, 
            "draw": true, 
            "id": 10, 
            "label": "car", 
            "polygon": [
                [
                    904.6632124352332, 
                    600.6217616580311
                ], 
                [
                    936.3730569948187, 
                    602.4870466321244
                ], 
                [
                    960.6217616580311, 
                    604.3523316062176
                ], 
                [
                    968.0829015544042, 
                    604.3523316062176
                ], 
                [
                    973.6787564766839, 
                    585.699481865285
                ], 
                [
                    973.6787564766839, 
                    570.7772020725389
                ], 
                [
                    979.2746113989638, 
                    567.0466321243523
                ], 
                [
                    983.0051813471503, 
                    567.0466321243523
                ], 
                [
                    983.0051813471503, 
                    544.6632124352332
                ], 
                [
                    983.0051813471503, 
                    539.0673575129534
                ], 
                [
                    983.0051813471503, 
                    535.3367875647668
                ], 
                [
                    983.0051813471503, 
                    533.4715025906736
                ], 
                [
                    983.0051813471503, 
                    526.0103626943005
                ], 
                [
                    956.8911917098446, 
                    526.0103626943005
                ], 
                [
                    949.4300518134716, 
                    526.0103626943005
                ], 
                [
                    940.1036269430052, 
                    527.8756476683938
                ], 
                [
                    927.0466321243524, 
                    527.8756476683938
                ], 
                [
                    923.3160621761658, 
                    537.2020725388601
                ], 
                [
                    908.3937823834198, 
                    546.5284974093264
                ], 
                [
                    904.6632124352332, 
                    552.1243523316062
                ], 
                [
                    897.2020725388601, 
                    561.4507772020726
                ], 
                [
                    897.2020725388601, 
                    574.5077720207254
                ], 
                [
                    897.2020725388601, 
                    581.9689119170985
                ], 
                [
                    897.2020725388601, 
                    585.699481865285
                ], 
                [
                    906.5284974093264, 
                    596.8911917098446
                ]
            ], 
            "user": "daid", 
            "verified": 0
        }, 
        {
            "date": "15-Nov-2018 15:36:32", 
            "deleted": 0, 
            "draw": true, 
            "id": 11, 
            "label": "car", 
            "polygon": [
                [
                    1027.7720207253885, 
                    533.4715025906736
                ], 
                [
                    1040.8290155440416, 
                    533.4715025906736
                ], 
                [
                    1042.6943005181347, 
                    533.4715025906736
                ], 
                [
                    1052.020725388601, 
                    546.5284974093264
                ], 
                [
                    1057.6165803108809, 
                    561.4507772020726
                ], 
                [
                    1057.6165803108809, 
                    572.6424870466321
                ], 
                [
                    1057.6165803108809, 
                    578.238341968912
                ], 
                [
                    1055.7512953367875, 
                    581.9689119170985
                ], 
                [
                    1046.4248704663212, 
                    583.8341968911917
                ], 
                [
                    1046.4248704663212, 
                    595.0259067357513
                ], 
                [
                    1044.559585492228, 
                    596.8911917098446
                ], 
                [
                    1029.6373056994819, 
                    598.7564766839379
                ], 
                [
                    1029.6373056994819, 
                    593.160621761658
                ], 
                [
                    1029.6373056994819, 
                    581.9689119170985
                ], 
                [
                    1029.6373056994819, 
                    567.0466321243523
                ], 
                [
                    1029.6373056994819, 
                    552.1243523316062
                ], 
                [
                    1029.6373056994819, 
                    537.2020725388601
                ]
            ], 
            "user": "daid", 
            "verified": 0
        }, 
        {
            "date": "15-Nov-2018 15:37:17", 
            "deleted": 0, 
            "draw": true, 
            "id": 12, 
            "label": "road", 
            "polygon": [
                [
                    1025.9067357512954, 
                    669.6373056994819
                ], 
                [
                    1046.4248704663212, 
                    665.9067357512954
                ], 
                [
                    1074.4041450777202, 
                    662.1761658031088
                ], 
                [
                    1121.0362694300518, 
                    656.5803108808291
                ], 
                [
                    1167.6683937823834, 
                    647.2538860103627
                ], 
                [
                    1204.9740932642487, 
                    643.5233160621761
                ], 
                [
                    1247.8756476683939, 
                    636.0621761658032
                ], 
                [
                    1285.1813471502592, 
                    628.6010362694301
                ], 
                [
                    1285.1813471502592, 
                    628.6010362694301
                ], 
                [
                    1288.9119170984457, 
                    606.2176165803108
                ], 
                [
                    1288.9119170984457, 
                    591.2953367875648
                ], 
                [
                    1288.9119170984457, 
                    565.1813471502591
                ], 
                [
                    1273.9896373056995, 
                    570.7772020725389
                ], 
                [
                    1253.4715025906737, 
                    574.5077720207254
                ], 
                [
                    1238.5492227979275, 
                    581.9689119170985
                ], 
                [
                    1208.7046632124352, 
                    587.5647668393783
                ], 
                [
                    1182.5906735751296, 
                    589.4300518134716
                ], 
                [
                    1165.8031088082903, 
                    596.8911917098446
                ], 
                [
                    1132.2279792746115, 
                    598.7564766839379
                ], 
                [
                    1109.8445595854923, 
                    602.4870466321244
                ], 
                [
                    1052.020725388601, 
                    604.3523316062176
                ], 
                [
                    1029.6373056994819, 
                    606.2176165803108
                ], 
                [
                    1025.9067357512954, 
                    628.6010362694301
                ], 
                [
                    1025.9067357512954, 
                    641.6580310880829
                ], 
                [
                    1025.9067357512954, 
                    654.7150259067357
                ]
            ], 
            "user": "daid", 
            "verified": 0
        }, 
        {
            "date": "15-Nov-2018 15:37:47", 
            "deleted": 0, 
            "draw": true, 
            "id": 13, 
            "label": "road", 
            "polygon": [
                [
                    1300.103626943005, 
                    626.7357512953369
                ], 
                [
                    1320.6217616580311, 
                    623.0051813471503
                ], 
                [
                    1343.0051813471503, 
                    619.2746113989638
                ], 
                [
                    1357.9274611398964, 
                    613.6787564766839
                ], 
                [
                    1359.7927461139898, 
                    600.6217616580311
                ], 
                [
                    1361.658031088083, 
                    574.5077720207254
                ], 
                [
                    1367.2538860103627, 
                    568.9119170984457
                ], 
                [
                    1376.580310880829, 
                    568.9119170984457
                ], 
                [
                    1369.119170984456, 
                    563.3160621761658
                ], 
                [
                    1361.658031088083, 
                    559.5854922279793
                ], 
                [
                    1348.60103626943, 
                    563.3160621761658
                ], 
                [
                    1341.1398963730571, 
                    559.5854922279793
                ], 
                [
                    1326.217616580311, 
                    563.3160621761658
                ], 
                [
                    1301.9689119170985, 
                    567.0466321243523
                ], 
                [
                    1301.9689119170985, 
                    578.238341968912
                ], 
                [
                    1301.9689119170985, 
                    598.7564766839379
                ], 
                [
                    1301.9689119170985, 
                    608.0829015544042
                ], 
                [
                    1301.9689119170985, 
                    617.4093264248705
                ], 
                [
                    1301.9689119170985, 
                    621.139896373057
                ]
            ], 
            "user": "daid", 
            "verified": 0
        }, 
        {
            "date": "15-Nov-2018 15:38:40", 
            "deleted": 0, 
            "draw": true, 
            "id": 14, 
            "label": "sidewalk", 
            "polygon": [
                [
                    1273.9896373056995, 
                    637.9274611398964
                ], 
                [
                    1277.720207253886, 
                    643.5233160621761
                ], 
                [
                    1283.3160621761658, 
                    647.2538860103627
                ], 
                [
                    1283.3160621761658, 
                    660.3108808290156
                ], 
                [
                    1292.6424870466321, 
                    660.3108808290156
                ], 
                [
                    1300.103626943005, 
                    660.3108808290156
                ], 
                [
                    1300.103626943005, 
                    650.9844559585492
                ], 
                [
                    1333.678756476684, 
                    656.5803108808291
                ], 
                [
                    1333.678756476684, 
                    656.5803108808291
                ], 
                [
                    1357.9274611398964, 
                    660.3108808290156
                ], 
                [
                    1387.7720207253888, 
                    658.4455958549223
                ], 
                [
                    1395.2331606217617, 
                    660.3108808290156
                ], 
                [
                    1395.2331606217617, 
                    673.3678756476684
                ], 
                [
                    1393.3678756476684, 
                    693.8860103626944
                ], 
                [
                    1393.3678756476684, 
                    708.8082901554404
                ], 
                [
                    1393.3678756476684, 
                    723.7305699481866
                ], 
                [
                    1389.6373056994819, 
                    725.5958549222798
                ], 
                [
                    1363.5233160621763, 
                    720.0
                ], 
                [
                    1311.2953367875648, 
                    716.2694300518135
                ], 
                [
                    1266.5284974093265, 
                    708.8082901554404
                ], 
                [
                    1218.0310880829015, 
                    701.3471502590673
                ], 
                [
                    1163.937823834197, 
                    692.020725388601
                ], 
                [
                    1121.0362694300518, 
                    688.2901554404145
                ], 
                [
                    1081.8652849740934, 
                    682.6943005181347
                ], 
                [
                    1042.6943005181347, 
                    677.098445595855
                ], 
                [
                    1025.9067357512954, 
                    675.2331606217617
                ], 
                [
                    1059.4818652849742, 
                    665.9067357512954
                ], 
                [
                    1080.0, 
                    662.1761658031088
                ], 
                [
                    1111.7098445595855, 
                    660.3108808290156
                ], 
                [
                    1147.1502590673576, 
                    652.8497409326425
                ], 
                [
                    1191.917098445596, 
                    645.3886010362695
                ], 
                [
                    1229.2227979274612, 
                    639.7927461139897
                ], 
                [
                    1251.6062176165804, 
                    637.9274611398964
                ], 
                [
                    1270.259067357513, 
                    634.1968911917098
                ]
            ], 
            "user": "daid", 
            "verified": 0
        }, 
        {
            "date": "15-Nov-2018 15:39:12", 
            "deleted": 0, 
            "draw": true, 
            "id": 15, 
            "label": "sidewalk", 
            "polygon": [
                [
                    1298.238341968912, 
                    647.2538860103627
                ], 
                [
                    1339.2746113989638, 
                    654.7150259067357
                ], 
                [
                    1363.5233160621763, 
                    654.7150259067357
                ], 
                [
                    1395.2331606217617, 
                    658.4455958549223
                ], 
                [
                    1398.9637305699482, 
                    641.6580310880829
                ], 
                [
                    1402.6943005181347, 
                    624.8704663212435
                ], 
                [
                    1402.6943005181347, 
                    623.0051813471503
                ], 
                [
                    1398.9637305699482, 
                    611.8134715025907
                ], 
                [
                    1395.2331606217617, 
                    606.2176165803108
                ], 
                [
                    1378.4455958549224, 
                    617.4093264248705
                ], 
                [
                    1378.4455958549224, 
                    617.4093264248705
                ], 
                [
                    1378.4455958549224, 
                    624.8704663212435
                ], 
                [
                    1365.3886010362694, 
                    624.8704663212435
                ], 
                [
                    1356.062176165803, 
                    621.139896373057
                ], 
                [
                    1350.4663212435235, 
                    617.4093264248705
                ], 
                [
                    1331.8134715025908, 
                    623.0051813471503
                ], 
                [
                    1307.5647668393783, 
                    628.6010362694301
                ], 
                [
                    1307.5647668393783, 
                    628.6010362694301
                ], 
                [
                    1305.699481865285, 
                    637.9274611398964
                ], 
                [
                    1300.103626943005, 
                    643.5233160621761
                ]
            ], 
            "user": "daid", 
            "verified": 0
        }, 
        {
            "date": "15-Nov-2018 15:40:57", 
            "deleted": 0, 
            "draw": true, 
            "id": 16, 
            "label": "vegetation", 
            "polygon": [
                [
                    1516.476683937824, 
                    585.699481865285
                ], 
                [
                    1516.476683937824, 
                    570.7772020725389
                ], 
                [
                    1518.341968911917, 
                    552.1243523316062
                ], 
                [
                    1533.2642487046633, 
                    550.259067357513
                ], 
                [
                    1550.0518134715026, 
                    548.3937823834198
                ], 
                [
                    1566.839378238342, 
                    548.3937823834198
                ], 
                [
                    1592.9533678756477, 
                    548.3937823834198
                ], 
                [
                    1615.3367875647668, 
                    548.3937823834198
                ], 
                [
                    1639.5854922279793, 
                    548.3937823834198
                ], 
                [
                    1669.4300518134717, 
                    548.3937823834198
                ], 
                [
                    1689.9481865284974, 
                    548.3937823834198
                ], 
                [
                    1717.9274611398964, 
                    550.259067357513
                ], 
                [
                    1729.119170984456, 
                    550.259067357513
                ], 
                [
                    1749.6373056994819, 
                    550.259067357513
                ], 
                [
                    1757.098445595855, 
                    555.8549222797927
                ], 
                [
                    1753.3678756476684, 
                    539.0673575129534
                ], 
                [
                    1751.5025906735752, 
                    511.0880829015544
                ], 
                [
                    1786.9430051813472, 
                    505.4922279792746
                ], 
                [
                    1786.9430051813472, 
                    505.4922279792746
                ], 
                [
                    1794.4041450777202, 
                    483.1088082901555
                ], 
                [
                    1794.4041450777202, 
                    458.86010362694304
                ], 
                [
                    1760.8290155440416, 
                    430.88082901554407
                ], 
                [
                    1693.678756476684, 
                    434.6113989637306
                ], 
                [
                    1673.1606217616581, 
                    449.5336787564767
                ], 
                [
                    1633.9896373056995, 
                    451.39896373056996
                ], 
                [
                    1633.9896373056995, 
                    436.47668393782385
                ], 
                [
                    1622.79792746114, 
                    429.01554404145077
                ], 
                [
                    1619.0673575129533, 
                    429.01554404145077
                ], 
                [
                    1615.3367875647668, 
                    414.09326424870466
                ], 
                [
                    1591.0880829015543, 
                    415.95854922279796
                ], 
                [
                    1587.3575129533679, 
                    406.63212435233163
                ], 
                [
                    1578.0310880829015, 
                    399.17098445595855
                ], 
                [
                    1583.6269430051814, 
                    386.11398963730574
                ], 
                [
                    1578.0310880829015, 
                    382.3834196891192
                ], 
                [
                    1594.818652849741, 
                    369.3264248704663
                ], 
                [
                    1600.4145077720207, 
                    354.4041450777202
                ], 
                [
                    1622.79792746114, 
                    354.4041450777202
                ], 
                [
                    1619.0673575129533, 
                    346.9430051813472
                ], 
                [
                    1611.6062176165804, 
                    337.61658031088086
                ], 
                [
                    1613.4715025906737, 
                    322.69430051813475
                ], 
                [
                    1596.6839378238342, 
                    304.0414507772021
                ], 
                [
                    1596.6839378238342, 
                    304.0414507772021
                ], 
                [
                    1604.1450777202074, 
                    300.31088082901556
                ], 
                [
                    1611.6062176165804, 
                    283.52331606217615
                ], 
                [
                    1628.3937823834196, 
                    270.46632124352334
                ], 
                [
                    1648.9119170984457, 
                    246.2176165803109
                ], 
                [
                    1650.777202072539, 
                    298.4455958549223
                ], 
                [
                    1682.4870466321245, 
                    270.46632124352334
                ], 
                [
                    1706.7357512953367, 
                    255.5440414507772
                ], 
                [
                    1706.7357512953367, 
                    255.5440414507772
                ], 
                [
                    1764.559585492228, 
                    270.46632124352334
                ], 
                [
                    1762.6943005181347, 
                    272.3316062176166
                ], 
                [
                    1794.4041450777202, 
                    294.7150259067358
                ], 
                [
                    1826.1139896373058, 
                    290.98445595854923
                ], 
                [
                    1865.2849740932643, 
                    309.6373056994819
                ], 
                [
                    1865.2849740932643, 
                    309.6373056994819
                ], 
                [
                    1919.0, 
                    309.6373056994819
                ], 
                [
                    1919.0, 
                    544.6632124352332
                ], 
                [
                    1904.455958549223, 
                    544.6632124352332
                ], 
                [
                    1855.958549222798, 
                    550.259067357513
                ], 
                [
                    1813.0569948186528, 
                    553.9896373056995
                ], 
                [
                    1809.3264248704663, 
                    578.238341968912
                ], 
                [
                    1813.0569948186528, 
                    609.9481865284974
                ], 
                [
                    1813.0569948186528, 
                    628.6010362694301
                ], 
                [
                    1777.6165803108809, 
                    623.0051813471503
                ], 
                [
                    1708.60103626943, 
                    615.5440414507772
                ], 
                [
                    1708.60103626943, 
                    615.5440414507772
                ], 
                [
                    1675.0259067357513, 
                    608.0829015544042
                ], 
                [
                    1639.5854922279793, 
                    609.9481865284974
                ], 
                [
                    1581.7616580310882, 
                    598.7564766839379
                ], 
                [
                    1559.3782383419689, 
                    591.2953367875648
                ], 
                [
                    1529.5336787564768, 
                    589.4300518134716
                ]
            ], 
            "user": "daid", 
            "verified": 0
        }, 
        {
            "date": "15-Nov-2018 15:41:48", 
            "deleted": 0, 
            "draw": true, 
            "id": 17, 
            "label": "building", 
            "polygon": [
                [
                    1061.3471502590673, 
                    557.720207253886
                ], 
                [
                    1072.538860103627, 
                    559.5854922279793
                ], 
                [
                    1096.7875647668395, 
                    557.720207253886
                ], 
                [
                    1104.2487046632125, 
                    561.4507772020726
                ], 
                [
                    1104.2487046632125, 
                    546.5284974093264
                ], 
                [
                    1104.2487046632125, 
                    533.4715025906736
                ], 
                [
                    1100.518134715026, 
                    527.8756476683938
                ], 
                [
                    1068.8082901554405, 
                    518.5492227979274
                ], 
                [
                    1068.8082901554405, 
                    499.89637305699483
                ], 
                [
                    1085.5958549222798, 
                    486.83937823834196
                ], 
                [
                    1089.3264248704663, 
                    438.3419689119171
                ], 
                [
                    1070.6735751295337, 
                    430.88082901554407
                ], 
                [
                    1050.155440414508, 
                    417.8238341968912
                ], 
                [
                    1050.155440414508, 
                    432.7461139896373
                ], 
                [
                    1029.6373056994819, 
                    432.7461139896373
                ], 
                [
                    1029.6373056994819, 
                    456.99481865284974
                ], 
                [
                    1029.6373056994819, 
                    479.37823834196894
                ], 
                [
                    1027.7720207253885, 
                    505.4922279792746
                ], 
                [
                    1027.7720207253885, 
                    520.4145077720208
                ], 
                [
                    1027.7720207253885, 
                    526.0103626943005
                ], 
                [
                    1042.6943005181347, 
                    527.8756476683938
                ], 
                [
                    1050.155440414508, 
                    537.2020725388601
                ]
            ], 
            "user": "daid", 
            "verified": 0
        }, 
        {
            "date": "15-Nov-2018 15:42:08", 
            "deleted": 0, 
            "draw": true, 
            "id": 18, 
            "label": "building", 
            "polygon": [
                [
                    990.4663212435233, 
                    427.1502590673575
                ], 
                [
                    984.8704663212436, 
                    442.07253886010363
                ], 
                [
                    966.217616580311, 
                    440.2072538860104
                ], 
                [
                    969.9481865284974, 
                    456.99481865284974
                ], 
                [
                    969.9481865284974, 
                    481.2435233160622
                ], 
                [
                    969.9481865284974, 
                    503.6269430051814
                ], 
                [
                    969.9481865284974, 
                    518.5492227979274
                ], 
                [
                    969.9481865284974, 
                    522.279792746114
                ], 
                [
                    981.139896373057, 
                    522.279792746114
                ], 
                [
                    986.7357512953369, 
                    522.279792746114
                ], 
                [
                    988.6010362694301, 
                    498.0310880829016
                ], 
                [
                    986.7357512953369, 
                    468.18652849740937
                ], 
                [
                    992.3316062176166, 
                    442.07253886010363
                ]
            ], 
            "user": "daid", 
            "verified": 0
        }, 
        {
            "date": "15-Nov-2018 15:42:36", 
            "deleted": 0, 
            "draw": true, 
            "id": 19, 
            "label": "building", 
            "polygon": [
                [
                    962.4870466321244, 
                    445.8031088082902
                ], 
                [
                    928.9119170984457, 
                    443.93782383419693
                ], 
                [
                    906.5284974093264, 
                    443.93782383419693
                ], 
                [
                    899.0673575129534, 
                    445.8031088082902
                ], 
                [
                    895.3367875647668, 
                    458.86010362694304
                ], 
                [
                    895.3367875647668, 
                    471.91709844559585
                ], 
                [
                    913.9896373056995, 
                    477.51295336787564
                ], 
                [
                    913.9896373056995, 
                    498.0310880829016
                ], 
                [
                    904.6632124352332, 
                    505.4922279792746
                ], 
                [
                    904.6632124352332, 
                    524.1450777202073
                ], 
                [
                    904.6632124352332, 
                    529.7409326424871
                ], 
                [
                    912.1243523316062, 
                    533.4715025906736
                ], 
                [
                    917.7202072538861, 
                    533.4715025906736
                ], 
                [
                    928.9119170984457, 
                    527.8756476683938
                ], 
                [
                    928.9119170984457, 
                    527.8756476683938
                ], 
                [
                    951.2953367875648, 
                    526.0103626943005
                ], 
                [
                    953.160621761658, 
                    522.279792746114
                ], 
                [
                    951.2953367875648, 
                    499.89637305699483
                ], 
                [
                    951.2953367875648, 
                    483.1088082901555
                ], 
                [
                    953.160621761658, 
                    468.18652849740937
                ], 
                [
                    956.8911917098446, 
                    453.2642487046632
                ]
            ], 
            "user": "daid", 
            "verified": 0
        }, 
        {
            "date": "15-Nov-2018 20:25:23", 
            "deleted": 0, 
            "draw": true, 
            "id": 20, 
            "label": "vegetation", 
            "polygon": [
                [
                    1440.0, 
                    514.8186528497409
                ], 
                [
                    1458.6528497409327, 
                    512.9533678756477
                ], 
                [
                    1479.1709844559587, 
                    518.5492227979274
                ], 
                [
                    1514.6113989637306, 
                    509.22279792746116
                ], 
                [
                    1553.7823834196893, 
                    481.2435233160622
                ], 
                [
                    1522.0725388601036, 
                    456.99481865284974
                ], 
                [
                    1440.0, 
                    464.4559585492228
                ], 
                [
                    1413.8860103626944, 
                    473.78238341968915
                ], 
                [
                    1412.020725388601, 
                    492.4352331606218
                ], 
                [
                    1417.6165803108809, 
                    496.1658031088083
                ]
            ], 
            "user": "daid", 
            "verified": 0
        }
    ]
}