{
    "imgHeight": 1080, 
    "imgWidth": 1920, 
    "objects": [
        {
            "date": "15-Nov-2018 11:57:12", 
            "deleted": 0, 
            "draw": true, 
            "id": 0, 
            "label": "road", 
            "polygon": [
                [
                    3.7305699481865284, 
                    785.2849740932643
                ], 
                [
                    464.4559585492228, 
                    673.3678756476684
                ], 
                [
                    742.3834196891193, 
                    606.2176165803108
                ], 
                [
                    800.2072538860103, 
                    585.699481865285
                ], 
                [
                    816.9948186528497, 
                    580.1036269430052
                ], 
                [
                    869.2227979274612, 
                    580.1036269430052
                ], 
                [
                    925.1813471502591, 
                    576.3730569948186
                ], 
                [
                    960.6217616580311, 
                    574.5077720207254
                ], 
                [
                    994.1968911917098, 
                    574.5077720207254
                ], 
                [
                    1016.5803108808291, 
                    572.6424870466321
                ], 
                [
                    1024.041450777202, 
                    567.0466321243523
                ], 
                [
                    1031.5025906735752, 
                    553.9896373056995
                ], 
                [
                    1055.7512953367875, 
                    553.9896373056995
                ], 
                [
                    1076.2694300518135, 
                    561.4507772020726
                ], 
                [
                    1098.6528497409327, 
                    574.5077720207254
                ], 
                [
                    1134.0932642487046, 
                    587.5647668393783
                ], 
                [
                    1331.8134715025908, 
                    682.6943005181347
                ], 
                [
                    1885.8031088082903, 
                    915.8549222797927
                ], 
                [
                    1915.6476683937824, 
                    927.0466321243524
                ], 
                [
                    1919.0, 
                    1079.0
                ], 
                [
                    1574.300518134715, 
                    1072.538860103627
                ], 
                [
                    1527.6683937823834, 
                    1061.3471502590673
                ], 
                [
                    1462.3834196891191, 
                    1059.4818652849742
                ], 
                [
                    1408.2901554404145, 
                    1042.6943005181347
                ], 
                [
                    1344.8704663212436, 
                    1035.2331606217617
                ], 
                [
                    1259.0673575129533, 
                    1018.4455958549223
                ], 
                [
                    1180.7253886010362, 
                    1009.119170984456
                ], 
                [
                    1059.4818652849742, 
                    994.1968911917098
                ], 
                [
                    971.8134715025907, 
                    986.7357512953369
                ], 
                [
                    863.6269430051814, 
                    988.6010362694301
                ], 
                [
                    747.979274611399, 
                    986.7357512953369
                ], 
                [
                    628.6010362694301, 
                    996.0621761658032
                ], 
                [
                    540.9326424870467, 
                    1001.6580310880829
                ], 
                [
                    499.89637305699483, 
                    1009.119170984456
                ], 
                [
                    443.93782383419693, 
                    1027.7720207253885
                ], 
                [
                    391.7098445595855, 
                    1050.155440414508
                ], 
                [
                    358.13471502590676, 
                    1070.6735751295337
                ], 
                [
                    346.9430051813472, 
                    1074.4041450777202
                ], 
                [
                    0.0, 
                    1079.0
                ]
            ], 
            "user": "daid", 
            "verified": 0
        }, 
        {
            "date": "15-Nov-2018 11:57:49", 
            "deleted": 0, 
            "draw": true, 
            "id": 1, 
            "label": "traffic sign", 
            "polygon": [
                [
                    1169.5336787564768, 
                    596.8911917098446
                ], 
                [
                    1204.9740932642487, 
                    596.8911917098446
                ], 
                [
                    1191.917098445596, 
                    568.9119170984457
                ]
            ], 
            "user": "daid", 
            "verified": 0
        }, 
        {
            "date": "15-Nov-2018 11:58:23", 
            "deleted": 0, 
            "draw": true, 
            "id": 2, 
            "label": "ego vehicle", 
            "polygon": [
                [
                    360.0, 
                    1074.4041450777202
                ], 
                [
                    410.36269430051817, 
                    1046.4248704663212
                ], 
                [
                    456.99481865284974, 
                    1024.041450777202
                ], 
                [
                    492.4352331606218, 
                    1014.7150259067358
                ], 
                [
                    526.0103626943005, 
                    1003.5233160621761
                ], 
                [
                    589.4300518134716, 
                    996.0621761658032
                ], 
                [
                    692.020725388601, 
                    992.3316062176166
                ], 
                [
                    816.9948186528497, 
                    988.6010362694301
                ], 
                [
                    945.699481865285, 
                    988.6010362694301
                ], 
                [
                    1061.3471502590673, 
                    990.4663212435233
                ], 
                [
                    1193.7823834196893, 
                    1007.2538860103627
                ], 
                [
                    1357.9274611398964, 
                    1029.6373056994819
                ], 
                [
                    1462.3834196891191, 
                    1057.6165803108809
                ], 
                [
                    1507.1502590673576, 
                    1061.3471502590673
                ], 
                [
                    1568.7046632124352, 
                    1070.6735751295337
                ], 
                [
                    1589.2227979274612, 
                    1074.4041450777202
                ], 
                [
                    1592.9533678756477, 
                    1076.2694300518135
                ]
            ], 
            "user": "daid", 
            "verified": 0
        }, 
        {
            "date": "15-Nov-2018 13:04:46", 
            "deleted": 0, 
            "draw": true, 
            "id": 3, 
            "label": "train", 
            "polygon": [
                [
                    0.0, 
                    621.139896373057
                ], 
                [
                    83.93782383419689, 
                    617.4093264248705
                ], 
                [
                    160.41450777202073, 
                    615.5440414507772
                ], 
                [
                    246.2176165803109, 
                    608.0829015544042
                ], 
                [
                    333.8860103626943, 
                    602.4870466321244
                ], 
                [
                    425.2849740932643, 
                    598.7564766839379
                ], 
                [
                    501.7616580310881, 
                    595.0259067357513
                ], 
                [
                    574.5077720207254, 
                    593.160621761658
                ], 
                [
                    647.2538860103627, 
                    591.2953367875648
                ], 
                [
                    671.5025906735751, 
                    589.4300518134716
                ], 
                [
                    706.9430051813472, 
                    123.10880829015545
                ], 
                [
                    716.2694300518135, 
                    124.97409326424871
                ], 
                [
                    692.020725388601, 
                    589.4300518134716
                ], 
                [
                    807.6683937823834, 
                    583.8341968911917
                ], 
                [
                    874.8186528497409, 
                    578.238341968912
                ], 
                [
                    947.5647668393783, 
                    576.3730569948186
                ], 
                [
                    1014.7150259067358, 
                    570.7772020725389
                ], 
                [
                    1025.9067357512954, 
                    555.8549222797927
                ], 
                [
                    1025.9067357512954, 
                    548.3937823834198
                ], 
                [
                    1024.041450777202, 
                    540.9326424870467
                ], 
                [
                    1018.4455958549223, 
                    529.7409326424871
                ], 
                [
                    1018.4455958549223, 
                    518.5492227979274
                ], 
                [
                    1016.5803108808291, 
                    503.6269430051814
                ], 
                [
                    1022.1761658031088, 
                    496.1658031088083
                ], 
                [
                    1016.5803108808291, 
                    488.70466321243526
                ], 
                [
                    981.139896373057, 
                    486.83937823834196
                ], 
                [
                    928.9119170984457, 
                    483.1088082901555
                ], 
                [
                    887.8756476683939, 
                    477.51295336787564
                ], 
                [
                    856.1658031088083, 
                    475.6476683937824
                ], 
                [
                    787.1502590673575, 
                    470.0518134715026
                ], 
                [
                    733.0569948186529, 
                    464.4559585492228
                ], 
                [
                    705.077720207254, 
                    456.99481865284974
                ], 
                [
                    701.3471502590673, 
                    455.1295336787565
                ], 
                [
                    718.1347150259068, 
                    123.10880829015545
                ], 
                [
                    706.9430051813472, 
                    124.97409326424871
                ], 
                [
                    680.8290155440415, 
                    453.2642487046632
                ], 
                [
                    611.8134715025907, 
                    442.07253886010363
                ], 
                [
                    473.78238341968915, 
                    419.6891191709845
                ], 
                [
                    360.0, 
                    397.3056994818653
                ], 
                [
                    274.1968911917099, 
                    386.11398963730574
                ], 
                [
                    207.04663212435233, 
                    373.05699481865287
                ], 
                [
                    117.51295336787565, 
                    363.73056994818654
                ], 
                [
                    33.575129533678755, 
                    348.80829015544043
                ], 
                [
                    0.0, 
                    345.0777202072539
                ]
            ], 
            "user": "daid", 
            "verified": 0
        }, 
        {
            "date": "15-Nov-2018 13:05:29", 
            "deleted": 0, 
            "draw": true, 
            "id": 4, 
            "label": "pole", 
            "polygon": [
                [
                    673.3678756476684, 
                    595.0259067357513
                ], 
                [
                    686.4248704663213, 
                    401.03626943005185
                ], 
                [
                    695.7512953367876, 
                    290.98445595854923
                ], 
                [
                    701.3471502590673, 
                    186.52849740932643
                ], 
                [
                    705.077720207254, 
                    136.1658031088083
                ], 
                [
                    706.9430051813472, 
                    124.97409326424871
                ], 
                [
                    716.2694300518135, 
                    124.97409326424871
                ], 
                [
                    693.8860103626944, 
                    595.0259067357513
                ]
            ], 
            "user": "daid", 
            "verified": 0
        }, 
        {
            "date": "15-Nov-2018 19:43:04", 
            "deleted": 0, 
            "draw": true, 
            "id": 5, 
            "label": "vegetation", 
            "polygon": [
                [
                    0.0, 
                    626.7357512953369
                ], 
                [
                    0.0, 
                    787.1502590673575
                ], 
                [
                    703.2124352331606, 
                    615.5440414507772
                ], 
                [
                    779.6891191709844, 
                    595.0259067357513
                ], 
                [
                    708.8082901554404, 
                    587.5647668393783
                ], 
                [
                    697.6165803108809, 
                    589.4300518134716
                ], 
                [
                    697.6165803108809, 
                    598.7564766839379
                ], 
                [
                    673.3678756476684, 
                    600.6217616580311
                ], 
                [
                    673.3678756476684, 
                    595.0259067357513
                ], 
                [
                    617.4093264248705, 
                    593.160621761658
                ], 
                [
                    490.5699481865285, 
                    598.7564766839379
                ], 
                [
                    386.11398963730574, 
                    604.3523316062176
                ], 
                [
                    261.139896373057, 
                    608.0829015544042
                ], 
                [
                    166.0103626943005, 
                    615.5440414507772
                ], 
                [
                    83.93782383419689, 
                    621.139896373057
                ]
            ], 
            "user": "daid", 
            "verified": 0
        }
    ]
}