{
    "imgHeight": 1080, 
    "imgWidth": 1920, 
    "objects": [
        {
            "date": "15-Nov-2018 14:06:41", 
            "deleted": 0, 
            "draw": true, 
            "id": 0, 
            "label": "car", 
            "polygon": [
                [
                    600.6217616580311, 
                    591.2953367875648
                ], 
                [
                    654.7150259067357, 
                    589.4300518134716
                ], 
                [
                    673.3678756476684, 
                    587.5647668393783
                ], 
                [
                    675.2331606217617, 
                    570.7772020725389
                ], 
                [
                    671.5025906735751, 
                    555.8549222797927
                ], 
                [
                    665.9067357512954, 
                    546.5284974093264
                ], 
                [
                    654.7150259067357, 
                    537.2020725388601
                ], 
                [
                    623.0051813471503, 
                    539.0673575129534
                ], 
                [
                    609.9481865284974, 
                    539.0673575129534
                ], 
                [
                    598.7564766839379, 
                    550.259067357513
                ], 
                [
                    589.4300518134716, 
                    565.1813471502591
                ], 
                [
                    589.4300518134716, 
                    574.5077720207254
                ], 
                [
                    595.0259067357513, 
                    580.1036269430052
                ]
            ], 
            "user": "daid", 
            "verified": 0
        }, 
        {
            "date": "15-Nov-2018 14:07:27", 
            "deleted": 0, 
            "draw": true, 
            "id": 1, 
            "label": "person", 
            "polygon": [
                [
                    1096.7875647668395, 
                    682.6943005181347
                ], 
                [
                    1115.440414507772, 
                    680.8290155440415
                ], 
                [
                    1122.9015544041451, 
                    675.2331606217617
                ], 
                [
                    1141.5544041450778, 
                    678.9637305699482
                ], 
                [
                    1150.8808290155441, 
                    667.7720207253886
                ], 
                [
                    1141.5544041450778, 
                    662.1761658031088
                ], 
                [
                    1149.0155440414508, 
                    617.4093264248705
                ], 
                [
                    1143.419689119171, 
                    600.6217616580311
                ], 
                [
                    1141.5544041450778, 
                    576.3730569948186
                ], 
                [
                    1134.0932642487046, 
                    550.259067357513
                ], 
                [
                    1122.9015544041451, 
                    529.7409326424871
                ], 
                [
                    1121.0362694300518, 
                    512.9533678756477
                ], 
                [
                    1098.6528497409327, 
                    512.9533678756477
                ], 
                [
                    1102.3834196891191, 
                    524.1450777202073
                ], 
                [
                    1094.9222797927462, 
                    535.3367875647668
                ], 
                [
                    1078.1347150259069, 
                    548.3937823834198
                ], 
                [
                    1080.0, 
                    576.3730569948186
                ], 
                [
                    1089.3264248704663, 
                    576.3730569948186
                ], 
                [
                    1089.3264248704663, 
                    596.8911917098446
                ], 
                [
                    1096.7875647668395, 
                    611.8134715025907
                ]
            ], 
            "user": "daid", 
            "verified": 0
        }, 
        {
            "date": "15-Nov-2018 14:08:00", 
            "deleted": 0, 
            "draw": true, 
            "id": 2, 
            "label": "person", 
            "polygon": [
                [
                    1234.818652849741, 
                    688.2901554404145
                ], 
                [
                    1266.5284974093265, 
                    690.1554404145078
                ], 
                [
                    1273.9896373056995, 
                    664.041450777202
                ], 
                [
                    1272.1243523316064, 
                    617.4093264248705
                ], 
                [
                    1275.8549222797928, 
                    600.6217616580311
                ], 
                [
                    1283.3160621761658, 
                    548.3937823834198
                ], 
                [
                    1272.1243523316064, 
                    531.6062176165804
                ], 
                [
                    1272.1243523316064, 
                    514.8186528497409
                ], 
                [
                    1253.4715025906737, 
                    511.0880829015544
                ], 
                [
                    1251.6062176165804, 
                    524.1450777202073
                ], 
                [
                    1247.8756476683939, 
                    537.2020725388601
                ], 
                [
                    1232.9533678756477, 
                    546.5284974093264
                ], 
                [
                    1236.6839378238342, 
                    596.8911917098446
                ], 
                [
                    1242.279792746114, 
                    600.6217616580311
                ], 
                [
                    1244.1450777202074, 
                    628.6010362694301
                ], 
                [
                    1244.1450777202074, 
                    669.6373056994819
                ]
            ], 
            "user": "daid", 
            "verified": 0
        }, 
        {
            "date": "15-Nov-2018 14:08:21", 
            "deleted": 0, 
            "draw": true, 
            "id": 3, 
            "label": "car", 
            "polygon": [
                [
                    720.0, 
                    572.6424870466321
                ], 
                [
                    744.2487046632125, 
                    570.7772020725389
                ], 
                [
                    753.5751295336788, 
                    563.3160621761658
                ], 
                [
                    753.5751295336788, 
                    552.1243523316062
                ], 
                [
                    747.979274611399, 
                    542.7979274611399
                ], 
                [
                    742.3834196891193, 
                    537.2020725388601
                ], 
                [
                    729.3264248704663, 
                    537.2020725388601
                ], 
                [
                    718.1347150259068, 
                    548.3937823834198
                ], 
                [
                    714.4041450777203, 
                    553.9896373056995
                ], 
                [
                    714.4041450777203, 
                    561.4507772020726
                ]
            ], 
            "user": "daid", 
            "verified": 0
        }, 
        {
            "date": "15-Nov-2018 14:08:51", 
            "deleted": 0, 
            "draw": true, 
            "id": 4, 
            "label": "person", 
            "polygon": [
                [
                    997.9274611398964, 
                    613.6787564766839
                ], 
                [
                    1016.5803108808291, 
                    613.6787564766839
                ], 
                [
                    1014.7150259067358, 
                    598.7564766839379
                ], 
                [
                    1016.5803108808291, 
                    580.1036269430052
                ], 
                [
                    1018.4455958549223, 
                    552.1243523316062
                ], 
                [
                    1010.9844559585492, 
                    535.3367875647668
                ], 
                [
                    999.7927461139897, 
                    537.2020725388601
                ], 
                [
                    1003.5233160621761, 
                    542.7979274611399
                ], 
                [
                    997.9274611398964, 
                    555.8549222797927
                ], 
                [
                    997.9274611398964, 
                    574.5077720207254
                ], 
                [
                    1003.5233160621761, 
                    589.4300518134716
                ], 
                [
                    1005.3886010362695, 
                    604.3523316062176
                ]
            ], 
            "user": "daid", 
            "verified": 0
        }, 
        {
            "date": "15-Nov-2018 14:10:00", 
            "deleted": 0, 
            "draw": true, 
            "id": 5, 
            "label": "road", 
            "polygon": [
                [
                    1594.818652849741, 
                    1079.0
                ], 
                [
                    1055.7512953367875, 
                    667.7720207253886
                ], 
                [
                    947.5647668393783, 
                    602.4870466321244
                ], 
                [
                    886.0103626943005, 
                    567.0466321243523
                ], 
                [
                    880.4145077720208, 
                    565.1813471502591
                ], 
                [
                    850.5699481865286, 
                    565.1813471502591
                ], 
                [
                    830.0518134715027, 
                    567.0466321243523
                ], 
                [
                    796.4766839378239, 
                    570.7772020725389
                ], 
                [
                    757.3056994818653, 
                    572.6424870466321
                ], 
                [
                    723.7305699481866, 
                    570.7772020725389
                ], 
                [
                    703.2124352331606, 
                    570.7772020725389
                ], 
                [
                    680.8290155440415, 
                    570.7772020725389
                ], 
                [
                    677.098445595855, 
                    585.699481865285
                ], 
                [
                    636.0621761658032, 
                    591.2953367875648
                ], 
                [
                    595.0259067357513, 
                    591.2953367875648
                ], 
                [
                    552.1243523316062, 
                    593.160621761658
                ], 
                [
                    1.8652849740932642, 
                    684.559585492228
                ], 
                [
                    0.0, 
                    1079.0
                ]
            ], 
            "user": "daid", 
            "verified": 0
        }, 
        {
            "date": "15-Nov-2018 14:10:50", 
            "deleted": 0, 
            "draw": true, 
            "id": 6, 
            "label": "person", 
            "polygon": [
                [
                    1149.0155440414508, 
                    645.3886010362695
                ], 
                [
                    1158.341968911917, 
                    647.2538860103627
                ], 
                [
                    1158.341968911917, 
                    636.0621761658032
                ], 
                [
                    1154.6113989637306, 
                    623.0051813471503
                ], 
                [
                    1154.6113989637306, 
                    600.6217616580311
                ], 
                [
                    1154.6113989637306, 
                    591.2953367875648
                ], 
                [
                    1162.0725388601036, 
                    578.238341968912
                ], 
                [
                    1162.0725388601036, 
                    553.9896373056995
                ], 
                [
                    1150.8808290155441, 
                    537.2020725388601
                ], 
                [
                    1150.8808290155441, 
                    524.1450777202073
                ], 
                [
                    1137.8238341968913, 
                    524.1450777202073
                ], 
                [
                    1135.958549222798, 
                    537.2020725388601
                ], 
                [
                    1130.3626943005181, 
                    537.2020725388601
                ], 
                [
                    1137.8238341968913, 
                    550.259067357513
                ], 
                [
                    1143.419689119171, 
                    574.5077720207254
                ], 
                [
                    1143.419689119171, 
                    591.2953367875648
                ], 
                [
                    1152.7461139896373, 
                    604.3523316062176
                ]
            ], 
            "user": "daid", 
            "verified": 0
        }, 
        {
            "date": "15-Nov-2018 14:11:24", 
            "deleted": 0, 
            "draw": true, 
            "id": 7, 
            "label": "person", 
            "polygon": [
                [
                    997.9274611398964, 
                    553.9896373056995
                ], 
                [
                    994.1968911917098, 
                    548.3937823834198
                ], 
                [
                    994.1968911917098, 
                    537.2020725388601
                ], 
                [
                    988.6010362694301, 
                    535.3367875647668
                ], 
                [
                    975.5440414507773, 
                    537.2020725388601
                ], 
                [
                    975.5440414507773, 
                    546.5284974093264
                ], 
                [
                    969.9481865284974, 
                    553.9896373056995
                ], 
                [
                    968.0829015544042, 
                    572.6424870466321
                ], 
                [
                    973.6787564766839, 
                    583.8341968911917
                ], 
                [
                    969.9481865284974, 
                    598.7564766839379
                ], 
                [
                    979.2746113989638, 
                    595.0259067357513
                ], 
                [
                    981.139896373057, 
                    604.3523316062176
                ], 
                [
                    994.1968911917098, 
                    604.3523316062176
                ], 
                [
                    999.7927461139897, 
                    591.2953367875648
                ], 
                [
                    997.9274611398964, 
                    576.3730569948186
                ]
            ], 
            "user": "daid", 
            "verified": 0
        }, 
        {
            "date": "15-Nov-2018 15:44:05", 
            "deleted": 0, 
            "draw": true, 
            "id": 8, 
            "label": "sidewalk", 
            "polygon": [
                [
                    1917.5129533678758, 
                    886.0103626943005
                ], 
                [
                    1919.0, 
                    1079.0
                ], 
                [
                    1589.2227979274612, 
                    1079.0
                ], 
                [
                    1057.6165803108809, 
                    667.7720207253886
                ], 
                [
                    900.9326424870467, 
                    568.9119170984457
                ], 
                [
                    882.279792746114, 
                    563.3160621761658
                ], 
                [
                    912.1243523316062, 
                    561.4507772020726
                ], 
                [
                    928.9119170984457, 
                    567.0466321243523
                ], 
                [
                    951.2953367875648, 
                    578.238341968912
                ], 
                [
                    966.217616580311, 
                    581.9689119170985
                ], 
                [
                    966.217616580311, 
                    591.2953367875648
                ], 
                [
                    966.217616580311, 
                    596.8911917098446
                ], 
                [
                    975.5440414507773, 
                    596.8911917098446
                ], 
                [
                    975.5440414507773, 
                    608.0829015544042
                ], 
                [
                    992.3316062176166, 
                    606.2176165803108
                ], 
                [
                    1001.6580310880829, 
                    617.4093264248705
                ], 
                [
                    1018.4455958549223, 
                    617.4093264248705
                ], 
                [
                    1018.4455958549223, 
                    609.9481865284974
                ], 
                [
                    1018.4455958549223, 
                    593.160621761658
                ], 
                [
                    1037.0984455958549, 
                    600.6217616580311
                ], 
                [
                    1057.6165803108809, 
                    606.2176165803108
                ], 
                [
                    1091.1917098445597, 
                    621.139896373057
                ], 
                [
                    1091.1917098445597, 
                    654.7150259067357
                ], 
                [
                    1093.0569948186528, 
                    675.2331606217617
                ], 
                [
                    1106.1139896373056, 
                    682.6943005181347
                ], 
                [
                    1128.497409326425, 
                    677.098445595855
                ], 
                [
                    1154.6113989637306, 
                    677.098445595855
                ], 
                [
                    1149.0155440414508, 
                    665.9067357512954
                ], 
                [
                    1149.0155440414508, 
                    658.4455958549223
                ], 
                [
                    1149.0155440414508, 
                    652.8497409326425
                ], 
                [
                    1167.6683937823834, 
                    656.5803108808291
                ], 
                [
                    1167.6683937823834, 
                    641.6580310880829
                ], 
                [
                    1214.300518134715, 
                    656.5803108808291
                ], 
                [
                    1238.5492227979275, 
                    665.9067357512954
                ], 
                [
                    1232.9533678756477, 
                    686.4248704663213
                ], 
                [
                    1246.0103626943005, 
                    695.7512953367876
                ], 
                [
                    1270.259067357513, 
                    686.4248704663213
                ], 
                [
                    1270.259067357513, 
                    686.4248704663213
                ], 
                [
                    1275.8549222797928, 
                    677.098445595855
                ]
            ], 
            "user": "daid", 
            "verified": 0
        }, 
        {
            "date": "15-Nov-2018 15:45:13", 
            "deleted": 0, 
            "draw": true, 
            "id": 9, 
            "label": "sidewalk", 
            "polygon": [
                [
                    1.8652849740932642, 
                    632.3316062176166
                ], 
                [
                    0.0, 
                    686.4248704663213
                ], 
                [
                    542.7979274611399, 
                    596.8911917098446
                ], 
                [
                    600.6217616580311, 
                    593.160621761658
                ], 
                [
                    598.7564766839379, 
                    581.9689119170985
                ], 
                [
                    591.2953367875648, 
                    576.3730569948186
                ], 
                [
                    593.160621761658, 
                    565.1813471502591
                ], 
                [
                    600.6217616580311, 
                    552.1243523316062
                ], 
                [
                    615.5440414507772, 
                    539.0673575129534
                ], 
                [
                    632.3316062176166, 
                    539.0673575129534
                ], 
                [
                    615.5440414507772, 
                    533.4715025906736
                ], 
                [
                    604.3523316062176, 
                    548.3937823834198
                ], 
                [
                    585.699481865285, 
                    568.9119170984457
                ], 
                [
                    576.3730569948186, 
                    567.0466321243523
                ], 
                [
                    555.8549222797927, 
                    570.7772020725389
                ], 
                [
                    529.7409326424871, 
                    572.6424870466321
                ], 
                [
                    511.0880829015544, 
                    576.3730569948186
                ], 
                [
                    486.83937823834196, 
                    576.3730569948186
                ], 
                [
                    455.1295336787565, 
                    580.1036269430052
                ], 
                [
                    429.01554404145077, 
                    581.9689119170985
                ], 
                [
                    358.13471502590676, 
                    593.160621761658
                ], 
                [
                    283.52331606217615, 
                    591.2953367875648
                ], 
                [
                    261.139896373057, 
                    608.0829015544042
                ], 
                [
                    242.48704663212436, 
                    606.2176165803108
                ], 
                [
                    220.1036269430052, 
                    608.0829015544042
                ], 
                [
                    205.18134715025909, 
                    604.3523316062176
                ], 
                [
                    188.3937823834197, 
                    604.3523316062176
                ], 
                [
                    167.87564766839378, 
                    608.0829015544042
                ], 
                [
                    123.10880829015545, 
                    606.2176165803108
                ]
            ], 
            "user": "daid", 
            "verified": 0
        }, 
        {
            "date": "15-Nov-2018 15:45:29", 
            "deleted": 0, 
            "draw": true, 
            "id": 10, 
            "label": "sidewalk", 
            "polygon": [
                [
                    677.098445595855, 
                    561.4507772020726
                ], 
                [
                    680.8290155440415, 
                    559.5854922279793
                ], 
                [
                    693.8860103626944, 
                    559.5854922279793
                ], 
                [
                    714.4041450777203, 
                    561.4507772020726
                ], 
                [
                    718.1347150259068, 
                    574.5077720207254
                ], 
                [
                    688.2901554404145, 
                    574.5077720207254
                ], 
                [
                    677.098445595855, 
                    576.3730569948186
                ]
            ], 
            "user": "daid", 
            "verified": 0
        }, 
        {
            "date": "15-Nov-2018 15:47:07", 
            "deleted": 0, 
            "draw": true, 
            "id": 11, 
            "label": "building", 
            "polygon": [
                [
                    0.0, 
                    634.1968911917098
                ], 
                [
                    1.8652849740932642, 
                    111.91709844559585
                ], 
                [
                    216.37305699481865, 
                    225.69948186528498
                ], 
                [
                    244.35233160621763, 
                    167.87564766839378
                ], 
                [
                    279.79274611398966, 
                    156.6839378238342
                ], 
                [
                    311.5025906735751, 
                    180.93264248704665
                ], 
                [
                    305.90673575129534, 
                    212.64248704663214
                ], 
                [
                    423.419689119171, 
                    279.79274611398966
                ], 
                [
                    427.1502590673575, 
                    322.69430051813475
                ], 
                [
                    414.09326424870466, 
                    339.4818652849741
                ], 
                [
                    503.6269430051814, 
                    389.8445595854922
                ], 
                [
                    522.279792746114, 
                    214.50777202072538
                ], 
                [
                    570.7772020725389, 
                    274.1968911917099
                ], 
                [
                    567.0466321243523, 
                    352.538860103627
                ], 
                [
                    596.8911917098446, 
                    365.5958549222798
                ], 
                [
                    608.0829015544042, 
                    378.65284974093265
                ], 
                [
                    630.4663212435233, 
                    391.7098445595855
                ], 
                [
                    677.098445595855, 
                    395.44041450777206
                ], 
                [
                    688.2901554404145, 
                    417.8238341968912
                ], 
                [
                    690.1554404145078, 
                    462.59067357512953
                ], 
                [
                    678.9637305699482, 
                    462.59067357512953
                ], 
                [
                    673.3678756476684, 
                    462.59067357512953
                ], 
                [
                    677.098445595855, 
                    512.9533678756477
                ], 
                [
                    673.3678756476684, 
                    522.279792746114
                ], 
                [
                    678.9637305699482, 
                    559.5854922279793
                ], 
                [
                    660.3108808290156, 
                    540.9326424870467
                ], 
                [
                    645.3886010362695, 
                    535.3367875647668
                ], 
                [
                    623.0051813471503, 
                    537.2020725388601
                ], 
                [
                    609.9481865284974, 
                    542.7979274611399
                ], 
                [
                    602.4870466321244, 
                    553.9896373056995
                ], 
                [
                    593.160621761658, 
                    565.1813471502591
                ], 
                [
                    555.8549222797927, 
                    570.7772020725389
                ], 
                [
                    526.0103626943005, 
                    570.7772020725389
                ], 
                [
                    498.0310880829016, 
                    578.238341968912
                ], 
                [
                    477.51295336787564, 
                    578.238341968912
                ], 
                [
                    456.99481865284974, 
                    581.9689119170985
                ], 
                [
                    432.7461139896373, 
                    580.1036269430052
                ], 
                [
                    402.9015544041451, 
                    585.699481865285
                ], 
                [
                    380.5181347150259, 
                    595.0259067357513
                ], 
                [
                    358.13471502590676, 
                    595.0259067357513
                ], 
                [
                    330.1554404145078, 
                    595.0259067357513
                ], 
                [
                    302.1761658031088, 
                    595.0259067357513
                ], 
                [
                    285.38860103626945, 
                    595.0259067357513
                ], 
                [
                    272.3316062176166, 
                    604.3523316062176
                ], 
                [
                    255.5440414507772, 
                    608.0829015544042
                ], 
                [
                    214.50777202072538, 
                    606.2176165803108
                ], 
                [
                    197.72020725388603, 
                    606.2176165803108
                ], 
                [
                    180.93264248704665, 
                    606.2176165803108
                ], 
                [
                    126.83937823834198, 
                    608.0829015544042
                ], 
                [
                    104.4559585492228, 
                    615.5440414507772
                ], 
                [
                    50.362694300518136, 
                    623.0051813471503
                ]
            ], 
            "user": "daid", 
            "verified": 0
        }
    ]
}