{
    "imgHeight": 1080, 
    "imgWidth": 1920, 
    "objects": [
               {
            "date": "15-Nov-2018 13:25:09", 
            "deleted": 0, 
            "draw": true, 
            "id": 1, 
            "label": "car", 
            "polygon": [
                [
                    858.0310880829015, 
                    567.0466321243523
                ], 
                [
                    897.2020725388601, 
                    568.9119170984457
                ], 
                [
                    906.5284974093264, 
                    559.5854922279793
                ], 
                [
                    904.6632124352332, 
                    539.0673575129534
                ], 
                [
                    902.7979274611399, 
                    531.6062176165804
                ], 
                [
                    893.4715025906736, 
                    529.7409326424871
                ], 
                [
                    880.4145077720208, 
                    526.0103626943005
                ], 
                [
                    867.3575129533679, 
                    526.0103626943005
                ], 
                [
                    854.300518134715, 
                    529.7409326424871
                ], 
                [
                    852.4352331606218, 
                    537.2020725388601
                ], 
                [
                    850.5699481865286, 
                    550.259067357513
                ], 
                [
                    850.5699481865286, 
                    559.5854922279793
                ]
            ], 
            "user": "daid", 
            "verified": 0
        }, 
        {
            "date": "15-Nov-2018 13:25:53", 
            "deleted": 0, 
            "draw": true, 
            "id": 2, 
            "label": "traffic light", 
            "polygon": [
                [
                    1150.8808290155441, 
                    630.4663212435233
                ], 
                [
                    1178.860103626943, 
                    632.3316062176166
                ], 
                [
                    1176.9948186528497, 
                    619.2746113989638
                ], 
                [
                    1184.455958549223, 
                    496.1658031088083
                ], 
                [
                    1190.0518134715026, 
                    488.70466321243526
                ], 
                [
                    1193.7823834196893, 
                    436.47668393782385
                ], 
                [
                    1195.6476683937824, 
                    430.88082901554407
                ], 
                [
                    1169.5336787564768, 
                    427.1502590673575
                ], 
                [
                    1163.937823834197, 
                    427.1502590673575
                ], 
                [
                    1160.2072538860104, 
                    492.4352331606218
                ], 
                [
                    1163.937823834197, 
                    492.4352331606218
                ]
            ], 
            "user": "daid", 
            "verified": 0
        }, 
        {
            "date": "15-Nov-2018 13:28:36", 
            "deleted": 0, 
            "draw": true, 
            "id": 3, 
            "label": "road", 
            "polygon": [
                [
                    0.0, 
                    779.6891191709844
                ], 
                [
                    0.0, 
                    1078.1347150259069
                ], 
                [
                    1919.0, 
                    1079.0
                ], 
                [
                    1919.0, 
                    1016.5803108808291
                ], 
                [
                    1080.0, 
                    606.2176165803108
                ], 
                [
                    1025.9067357512954, 
                    589.4300518134716
                ], 
                [
                    984.8704663212436, 
                    578.238341968912
                ], 
                [
                    843.1088082901555, 
                    568.9119170984457
                ], 
                [
                    798.3419689119171, 
                    563.3160621761658
                ], 
                [
                    727.4611398963731, 
                    563.3160621761658
                ], 
                [
                    677.098445595855, 
                    565.1813471502591
                ], 
                [
                    623.0051813471503, 
                    568.9119170984457
                ], 
                [
                    565.1813471502591, 
                    568.9119170984457
                ], 
                [
                    520.4145077720208, 
                    580.1036269430052
                ], 
                [
                    552.1243523316062, 
                    596.8911917098446
                ], 
                [
                    563.3160621761658, 
                    617.4093264248705
                ], 
                [
                    555.8549222797927, 
                    632.3316062176166
                ], 
                [
                    473.78238341968915, 
                    658.4455958549223
                ], 
                [
                    354.4041450777202, 
                    692.020725388601
                ], 
                [
                    210.77720207253887, 
                    727.4611398963731
                ], 
                [
                    89.53367875647669, 
                    755.4404145077721
                ]
            ], 
            "user": "daid", 
            "verified": 0
        }, 
        {
            "date": "15-Nov-2018 19:31:18", 
            "deleted": 0, 
            "draw": true, 
            "id": 4, 
            "label": "traffic light", 
            "polygon": [
                [
                    727.4611398963731, 
                    264.87046632124355
                ], 
                [
                    764.7668393782384, 
                    268.60103626943004
                ], 
                [
                    768.4974093264249, 
                    179.06735751295338
                ], 
                [
                    731.1917098445596, 
                    179.06735751295338
                ]
            ], 
            "user": "daid", 
            "verified": 0
        }, 
        {
            "date": "15-Nov-2018 19:31:31", 
            "deleted": 0, 
            "draw": true, 
            "id": 5, 
            "label": "traffic light", 
            "polygon": [
                [
                    936.3730569948187, 
                    279.79274611398966
                ], 
                [
                    971.8134715025907, 
                    281.6580310880829
                ], 
                [
                    977.4093264248705, 
                    195.85492227979276
                ], 
                [
                    934.5077720207254, 
                    192.12435233160622
                ]
            ], 
            "user": "daid", 
            "verified": 0
        }, 
        {
            "date": "15-Nov-2018 19:31:47", 
            "deleted": 0, 
            "draw": true, 
            "id": 6, 
            "label": "traffic sign", 
            "polygon": [
                [
                    990.4663212435233, 
                    276.0621761658031
                ], 
                [
                    1066.9430051813472, 
                    283.52331606217615
                ], 
                [
                    1070.6735751295337, 
                    210.77720207253887
                ], 
                [
                    992.3316062176166, 
                    201.45077720207254
                ]
            ], 
            "user": "daid", 
            "verified": 0
        }, 
        {
            "date": "15-Nov-2018 19:32:32", 
            "deleted": 0, 
            "draw": true, 
            "id": 7, 
            "label": "sidewalk", 
            "polygon": [
                [
                    1917.5129533678758, 
                    785.2849740932643
                ], 
                [
                    1919.0, 
                    1016.5803108808291
                ], 
                [
                    1673.1606217616581, 
                    895.3367875647668
                ], 
                [
                    1559.3782383419689, 
                    844.9740932642487
                ], 
                [
                    1432.538860103627, 
                    775.958549222798
                ], 
                [
                    1313.1606217616581, 
                    714.4041450777203
                ], 
                [
                    1316.8911917098446, 
                    692.020725388601
                ], 
                [
                    1354.19689119171, 
                    678.9637305699482
                ], 
                [
                    1382.176165803109, 
                    680.8290155440415
                ], 
                [
                    1415.7512953367875, 
                    697.6165803108809
                ], 
                [
                    1445.5958549222798, 
                    699.4818652849741
                ], 
                [
                    1475.4404145077722, 
                    695.7512953367876
                ], 
                [
                    1374.7150259067357, 
                    667.7720207253886
                ], 
                [
                    1354.19689119171, 
                    662.1761658031088
                ], 
                [
                    1356.062176165803, 
                    641.6580310880829
                ], 
                [
                    1402.6943005181347, 
                    654.7150259067357
                ], 
                [
                    1469.8445595854923, 
                    673.3678756476684
                ], 
                [
                    1550.0518134715026, 
                    693.8860103626944
                ], 
                [
                    1645.1813471502592, 
                    714.4041450777203
                ], 
                [
                    1788.8082901554405, 
                    751.7098445595855
                ]
            ], 
            "user": "daid", 
            "verified": 0
        }, 
        {
            "date": "15-Nov-2018 19:33:15", 
            "deleted": 0, 
            "draw": true, 
            "id": 8, 
            "label": "sidewalk", 
            "polygon": [
                [
                    1111.7098445595855, 
                    623.0051813471503
                ], 
                [
                    1117.3056994818653, 
                    613.6787564766839
                ], 
                [
                    1137.8238341968913, 
                    609.9481865284974
                ], 
                [
                    1152.7461139896373, 
                    611.8134715025907
                ], 
                [
                    1152.7461139896373, 
                    628.6010362694301
                ], 
                [
                    1175.1295336787566, 
                    628.6010362694301
                ], 
                [
                    1176.9948186528497, 
                    609.9481865284974
                ], 
                [
                    1199.3782383419689, 
                    609.9481865284974
                ], 
                [
                    1232.9533678756477, 
                    613.6787564766839
                ], 
                [
                    1257.2020725388602, 
                    617.4093264248705
                ], 
                [
                    1255.3367875647668, 
                    652.8497409326425
                ], 
                [
                    1268.3937823834196, 
                    652.8497409326425
                ], 
                [
                    1268.3937823834196, 
                    652.8497409326425
                ], 
                [
                    1268.3937823834196, 
                    637.9274611398964
                ], 
                [
                    1273.9896373056995, 
                    626.7357512953369
                ], 
                [
                    1287.0466321243523, 
                    628.6010362694301
                ], 
                [
                    1288.9119170984457, 
                    654.7150259067357
                ], 
                [
                    1305.699481865285, 
                    656.5803108808291
                ], 
                [
                    1309.4300518134714, 
                    656.5803108808291
                ], 
                [
                    1305.699481865285, 
                    634.1968911917098
                ], 
                [
                    1337.4093264248704, 
                    634.1968911917098
                ], 
                [
                    1337.4093264248704, 
                    662.1761658031088
                ], 
                [
                    1346.7357512953367, 
                    667.7720207253886
                ], 
                [
                    1346.7357512953367, 
                    677.098445595855
                ], 
                [
                    1316.8911917098446, 
                    688.2901554404145
                ], 
                [
                    1315.0259067357513, 
                    723.7305699481866
                ]
            ], 
            "user": "daid", 
            "verified": 0
        }, 
        {
            "date": "15-Nov-2018 19:33:33", 
            "deleted": 0, 
            "draw": true, 
            "id": 9, 
            "label": "sidewalk", 
            "polygon": [
                [
                    1344.8704663212436, 
                    664.041450777202
                ], 
                [
                    1352.3316062176166, 
                    677.098445595855
                ], 
                [
                    1372.8497409326426, 
                    677.098445595855
                ], 
                [
                    1406.4248704663212, 
                    692.020725388601
                ], 
                [
                    1425.0777202072538, 
                    697.6165803108809
                ], 
                [
                    1460.518134715026, 
                    697.6165803108809
                ], 
                [
                    1385.9067357512954, 
                    669.6373056994819
                ], 
                [
                    1352.3316062176166, 
                    665.9067357512954
                ]
            ], 
            "user": "daid", 
            "verified": 0
        }, 
        {
            "date": "15-Nov-2018 19:33:47", 
            "deleted": 0, 
            "draw": true, 
            "id": 10, 
            "label": "pole", 
            "polygon": [
                [
                    1344.8704663212436, 
                    662.1761658031088
                ], 
                [
                    1354.19689119171, 
                    662.1761658031088
                ], 
                [
                    1359.7927461139898, 
                    483.1088082901555
                ], 
                [
                    1348.60103626943, 
                    481.2435233160622
                ]
            ], 
            "user": "daid", 
            "verified": 0
        }, 
        {
            "date": "15-Nov-2018 19:34:10", 
            "deleted": 0, 
            "draw": true, 
            "id": 11, 
            "label": "road", 
            "polygon": [
                [
                    906.5284974093264, 
                    548.3937823834198
                ], 
                [
                    917.7202072538861, 
                    544.6632124352332
                ], 
                [
                    940.1036269430052, 
                    544.6632124352332
                ], 
                [
                    955.0259067357513, 
                    557.720207253886
                ], 
                [
                    971.8134715025907, 
                    570.7772020725389
                ], 
                [
                    981.139896373057, 
                    576.3730569948186
                ], 
                [
                    906.5284974093264, 
                    572.6424870466321
                ], 
                [
                    910.259067357513, 
                    552.1243523316062
                ]
            ], 
            "user": "daid", 
            "verified": 0
        }, 
        {
            "date": "15-Nov-2018 19:34:46", 
            "deleted": 0, 
            "draw": true, 
            "id": 12, 
            "label": "sidewalk", 
            "polygon": [
                [
                    1022.1761658031088, 
                    578.238341968912
                ], 
                [
                    1063.2124352331607, 
                    578.238341968912
                ], 
                [
                    1094.9222797927462, 
                    578.238341968912
                ], 
                [
                    1104.2487046632125, 
                    578.238341968912
                ], 
                [
                    1104.2487046632125, 
                    598.7564766839379
                ], 
                [
                    1121.0362694300518, 
                    604.3523316062176
                ], 
                [
                    1134.0932642487046, 
                    604.3523316062176
                ], 
                [
                    1150.8808290155441, 
                    602.4870466321244
                ], 
                [
                    1150.8808290155441, 
                    611.8134715025907
                ], 
                [
                    1122.9015544041451, 
                    611.8134715025907
                ], 
                [
                    1113.5751295336788, 
                    624.8704663212435
                ], 
                [
                    1080.0, 
                    604.3523316062176
                ], 
                [
                    1042.6943005181347, 
                    591.2953367875648
                ]
            ], 
            "user": "daid", 
            "verified": 0
        }
    ]
}