{
    "imgHeight": 1080, 
    "imgWidth": 1920, 
    "objects": [
        {
            "date": "15-Nov-2018 13:06:35", 
            "deleted": 0, 
            "draw": true, 
            "id": 0, 
            "label": "traffic sign", 
            "polygon": [
                [
                    70.88082901554404, 
                    473.78238341968915
                ], 
                [
                    89.53367875647669, 
                    479.37823834196894
                ], 
                [
                    115.64766839378238, 
                    479.37823834196894
                ], 
                [
                    134.30051813471502, 
                    475.6476683937824
                ], 
                [
                    152.95336787564767, 
                    453.2642487046632
                ], 
                [
                    154.81865284974094, 
                    432.7461139896373
                ], 
                [
                    136.1658031088083, 
                    414.09326424870466
                ], 
                [
                    102.59067357512954, 
                    410.36269430051817
                ], 
                [
                    78.3419689119171, 
                    406.63212435233163
                ], 
                [
                    54.09326424870466, 
                    415.95854922279796
                ], 
                [
                    41.03626943005182, 
                    430.88082901554407
                ], 
                [
                    39.17098445595855, 
                    443.93782383419693
                ], 
                [
                    41.03626943005182, 
                    456.99481865284974
                ], 
                [
                    54.09326424870466, 
                    468.18652849740937
                ]
            ], 
            "user": "daid", 
            "verified": 0
        }, 
        {
            "date": "15-Nov-2018 13:10:15", 
            "deleted": 0, 
            "draw": true, 
            "id": 1, 
            "label": "traffic light", 
            "polygon": [
                [
                    602.4870466321244, 
                    641.6580310880829
                ], 
                [
                    615.5440414507772, 
                    641.6580310880829
                ], 
                [
                    615.5440414507772, 
                    628.6010362694301
                ], 
                [
                    621.139896373057, 
                    464.4559585492228
                ], 
                [
                    621.139896373057, 
                    440.2072538860104
                ], 
                [
                    623.0051813471503, 
                    406.63212435233163
                ], 
                [
                    621.139896373057, 
                    389.8445595854922
                ], 
                [
                    621.139896373057, 
                    384.24870466321244
                ], 
                [
                    611.8134715025907, 
                    382.3834196891192
                ], 
                [
                    595.0259067357513, 
                    382.3834196891192
                ], 
                [
                    587.5647668393783, 
                    384.24870466321244
                ], 
                [
                    583.8341968911917, 
                    401.03626943005185
                ], 
                [
                    585.699481865285, 
                    425.2849740932643
                ], 
                [
                    581.9689119170985, 
                    440.2072538860104
                ], 
                [
                    589.4300518134716, 
                    455.1295336787565
                ], 
                [
                    600.6217616580311, 
                    456.99481865284974
                ]
            ], 
            "user": "daid", 
            "verified": 0
        }, 
        {
            "date": "15-Nov-2018 13:10:59", 
            "deleted": 0, 
            "draw": true, 
            "id": 2, 
            "label": "traffic light", 
            "polygon": [
                [
                    811.39896373057, 
                    634.1968911917098
                ], 
                [
                    828.1865284974093, 
                    634.1968911917098
                ], 
                [
                    828.1865284974093, 
                    626.7357512953369
                ], 
                [
                    824.4559585492228, 
                    619.2746113989638
                ], 
                [
                    830.0518134715027, 
                    466.32124352331607
                ], 
                [
                    841.2435233160622, 
                    466.32124352331607
                ], 
                [
                    852.4352331606218, 
                    466.32124352331607
                ], 
                [
                    852.4352331606218, 
                    456.99481865284974
                ], 
                [
                    863.6269430051814, 
                    445.8031088082902
                ], 
                [
                    861.7616580310881, 
                    440.2072538860104
                ], 
                [
                    858.0310880829015, 
                    438.3419689119171
                ], 
                [
                    863.6269430051814, 
                    423.419689119171
                ], 
                [
                    858.0310880829015, 
                    412.2279792746114
                ], 
                [
                    852.4352331606218, 
                    399.17098445595855
                ], 
                [
                    846.839378238342, 
                    397.3056994818653
                ], 
                [
                    831.9170984455959, 
                    393.57512953367876
                ], 
                [
                    826.3212435233161, 
                    393.57512953367876
                ], 
                [
                    818.860103626943, 
                    414.09326424870466
                ], 
                [
                    820.7253886010363, 
                    432.7461139896373
                ], 
                [
                    818.860103626943, 
                    453.2642487046632
                ]
            ], 
            "user": "daid", 
            "verified": 0
        }, 
        {
            "date": "15-Nov-2018 13:11:47", 
            "deleted": 0, 
            "draw": true, 
            "id": 3, 
            "label": "traffic light", 
            "polygon": [
                [
                    1454.9222797927462, 
                    665.9067357512954
                ], 
                [
                    1475.4404145077722, 
                    665.9067357512954
                ], 
                [
                    1475.4404145077722, 
                    656.5803108808291
                ], 
                [
                    1473.5751295336788, 
                    652.8497409326425
                ], 
                [
                    1477.3056994818653, 
                    477.51295336787564
                ], 
                [
                    1484.7668393782385, 
                    458.86010362694304
                ], 
                [
                    1484.7668393782385, 
                    430.88082901554407
                ], 
                [
                    1484.7668393782385, 
                    404.76683937823833
                ], 
                [
                    1486.6321243523316, 
                    395.44041450777206
                ], 
                [
                    1482.9015544041451, 
                    384.24870466321244
                ], 
                [
                    1477.3056994818653, 
                    374.9222797927461
                ], 
                [
                    1464.2487046632125, 
                    373.05699481865287
                ], 
                [
                    1464.2487046632125, 
                    387.979274611399
                ], 
                [
                    1453.0569948186528, 
                    393.57512953367876
                ], 
                [
                    1445.5958549222798, 
                    408.4974093264249
                ], 
                [
                    1443.7305699481865, 
                    427.1502590673575
                ], 
                [
                    1443.7305699481865, 
                    443.93782383419693
                ], 
                [
                    1445.5958549222798, 
                    458.86010362694304
                ], 
                [
                    1458.6528497409327, 
                    468.18652849740937
                ]
            ], 
            "user": "daid", 
            "verified": 0
        }, 
        {
            "date": "15-Nov-2018 13:14:22", 
            "deleted": 0, 
            "draw": true, 
            "id": 4, 
            "label": "sidewalk", 
            "polygon": [
                [
                    1335.5440414507773, 
                    634.1968911917098
                ], 
                [
                    1378.4455958549224, 
                    656.5803108808291
                ], 
                [
                    1408.2901554404145, 
                    675.2331606217617
                ], 
                [
                    1449.3264248704663, 
                    695.7512953367876
                ], 
                [
                    1495.958549222798, 
                    712.5388601036269
                ], 
                [
                    1553.7823834196893, 
                    729.3264248704663
                ], 
                [
                    1602.279792746114, 
                    742.3834196891193
                ], 
                [
                    1669.4300518134717, 
                    757.3056994818653
                ], 
                [
                    1725.3886010362694, 
                    768.4974093264249
                ], 
                [
                    1796.2694300518135, 
                    777.8238341968912
                ], 
                [
                    1870.8808290155441, 
                    787.1502590673575
                ], 
                [
                    1915.6476683937824, 
                    792.7461139896374
                ], 
                [
                    1919.0, 
                    632.3316062176166
                ], 
                [
                    1913.7823834196893, 
                    617.4093264248705
                ], 
                [
                    1889.5336787564768, 
                    621.139896373057
                ], 
                [
                    1805.5958549222798, 
                    636.0621761658032
                ], 
                [
                    1768.2901554404145, 
                    632.3316062176166
                ], 
                [
                    1740.3108808290156, 
                    611.8134715025907
                ], 
                [
                    1564.9740932642487, 
                    587.5647668393783
                ], 
                [
                    1531.39896373057, 
                    578.238341968912
                ], 
                [
                    1522.0725388601036, 
                    576.3730569948186
                ], 
                [
                    1522.0725388601036, 
                    598.7564766839379
                ], 
                [
                    1533.2642487046633, 
                    598.7564766839379
                ], 
                [
                    1548.1865284974094, 
                    593.160621761658
                ], 
                [
                    1548.1865284974094, 
                    632.3316062176166
                ], 
                [
                    1522.0725388601036, 
                    636.0621761658032
                ], 
                [
                    1481.0362694300518, 
                    636.0621761658032
                ], 
                [
                    1481.0362694300518, 
                    479.37823834196894
                ], 
                [
                    1488.497409326425, 
                    399.17098445595855
                ], 
                [
                    1482.9015544041451, 
                    386.11398963730574
                ], 
                [
                    1481.0362694300518, 
                    376.7875647668394
                ], 
                [
                    1469.8445595854923, 
                    371.1917098445596
                ], 
                [
                    1466.1139896373058, 
                    384.24870466321244
                ], 
                [
                    1454.9222797927462, 
                    391.7098445595855
                ], 
                [
                    1447.4611398963732, 
                    410.36269430051817
                ], 
                [
                    1443.7305699481865, 
                    460.7253886010363
                ], 
                [
                    1458.6528497409327, 
                    470.0518134715026
                ], 
                [
                    1454.9222797927462, 
                    630.4663212435233
                ]
            ], 
            "user": "daid", 
            "verified": 0
        }, 
        {
            "date": "15-Nov-2018 13:17:48", 
            "deleted": 0, 
            "draw": true, 
            "id": 5, 
            "label": "sidewalk", 
            "polygon": [
                [
                    136.1658031088083, 
                    617.4093264248705
                ], 
                [
                    248.08290155440415, 
                    636.0621761658032
                ], 
                [
                    318.9637305699482, 
                    647.2538860103627
                ], 
                [
                    423.419689119171, 
                    658.4455958549223
                ], 
                [
                    548.3937823834198, 
                    665.9067357512954
                ], 
                [
                    678.9637305699482, 
                    665.9067357512954
                ], 
                [
                    822.5906735751296, 
                    669.6373056994819
                ], 
                [
                    886.0103626943005, 
                    665.9067357512954
                ], 
                [
                    936.3730569948187, 
                    632.3316062176166
                ], 
                [
                    992.3316062176166, 
                    600.6217616580311
                ], 
                [
                    1033.3678756476684, 
                    589.4300518134716
                ], 
                [
                    1074.4041450777202, 
                    576.3730569948186
                ], 
                [
                    1106.1139896373056, 
                    576.3730569948186
                ], 
                [
                    1147.1502590673576, 
                    567.0466321243523
                ], 
                [
                    1167.6683937823834, 
                    559.5854922279793
                ], 
                [
                    1149.0155440414508, 
                    550.259067357513
                ], 
                [
                    1121.0362694300518, 
                    555.8549222797927
                ], 
                [
                    1102.3834196891191, 
                    552.1243523316062
                ], 
                [
                    1070.6735751295337, 
                    559.5854922279793
                ], 
                [
                    984.8704663212436, 
                    568.9119170984457
                ], 
                [
                    945.699481865285, 
                    576.3730569948186
                ], 
                [
                    882.279792746114, 
                    578.238341968912
                ], 
                [
                    844.9740932642487, 
                    572.6424870466321
                ], 
                [
                    828.1865284974093, 
                    572.6424870466321
                ], 
                [
                    830.0518134715027, 
                    470.0518134715026
                ], 
                [
                    854.300518134715, 
                    468.18652849740937
                ], 
                [
                    863.6269430051814, 
                    440.2072538860104
                ], 
                [
                    858.0310880829015, 
                    436.47668393782385
                ], 
                [
                    863.6269430051814, 
                    427.1502590673575
                ], 
                [
                    859.8963730569949, 
                    415.95854922279796
                ], 
                [
                    854.300518134715, 
                    401.03626943005185
                ], 
                [
                    841.2435233160622, 
                    397.3056994818653
                ], 
                [
                    831.9170984455959, 
                    389.8445595854922
                ], 
                [
                    830.0518134715027, 
                    380.5181347150259
                ], 
                [
                    820.7253886010363, 
                    382.3834196891192
                ], 
                [
                    809.5336787564767, 
                    576.3730569948186
                ], 
                [
                    781.5544041450778, 
                    572.6424870466321
                ], 
                [
                    744.2487046632125, 
                    583.8341968911917
                ], 
                [
                    695.7512953367876, 
                    585.699481865285
                ], 
                [
                    621.139896373057, 
                    591.2953367875648
                ], 
                [
                    623.0051813471503, 
                    386.11398963730574
                ], 
                [
                    591.2953367875648, 
                    384.24870466321244
                ], 
                [
                    580.1036269430052, 
                    399.17098445595855
                ], 
                [
                    580.1036269430052, 
                    447.6683937823834
                ], 
                [
                    591.2953367875648, 
                    460.7253886010363
                ], 
                [
                    598.7564766839379, 
                    460.7253886010363
                ], 
                [
                    596.8911917098446, 
                    591.2953367875648
                ], 
                [
                    542.7979274611399, 
                    593.160621761658
                ], 
                [
                    479.37823834196894, 
                    593.160621761658
                ], 
                [
                    421.55440414507774, 
                    583.8341968911917
                ], 
                [
                    361.8652849740933, 
                    581.9689119170985
                ], 
                [
                    305.90673575129534, 
                    578.238341968912
                ], 
                [
                    253.67875647668396, 
                    574.5077720207254
                ], 
                [
                    190.25906735751295, 
                    570.7772020725389
                ], 
                [
                    152.95336787564767, 
                    567.0466321243523
                ], 
                [
                    138.03108808290156, 
                    581.9689119170985
                ]
            ], 
            "user": "daid", 
            "verified": 0
        }, 
        {
            "date": "15-Nov-2018 19:38:23", 
            "deleted": 0, 
            "draw": true, 
            "id": 6, 
            "label": "vegetation", 
            "polygon": [
                [
                    1089.3264248704663, 
                    171.60621761658032
                ], 
                [
                    1087.4611398963732, 
                    193.9896373056995
                ], 
                [
                    1070.6735751295337, 
                    205.18134715025909
                ], 
                [
                    1087.4611398963732, 
                    231.29533678756476
                ], 
                [
                    1087.4611398963732, 
                    248.08290155440415
                ], 
                [
                    1111.7098445595855, 
                    261.139896373057
                ], 
                [
                    1107.979274611399, 
                    287.2538860103627
                ], 
                [
                    1130.3626943005181, 
                    287.2538860103627
                ], 
                [
                    1152.7461139896373, 
                    315.23316062176167
                ], 
                [
                    1160.2072538860104, 
                    335.75129533678756
                ], 
                [
                    1178.860103626943, 
                    358.13471502590676
                ], 
                [
                    1163.937823834197, 
                    380.5181347150259
                ], 
                [
                    1212.4352331606217, 
                    373.05699481865287
                ], 
                [
                    1313.1606217616581, 
                    384.24870466321244
                ], 
                [
                    1246.0103626943005, 
                    402.9015544041451
                ], 
                [
                    1231.0880829015543, 
                    423.419689119171
                ], 
                [
                    1231.0880829015543, 
                    443.93782383419693
                ], 
                [
                    1253.4715025906737, 
                    455.1295336787565
                ], 
                [
                    1296.3730569948186, 
                    455.1295336787565
                ], 
                [
                    1331.8134715025908, 
                    438.3419689119171
                ], 
                [
                    1363.5233160621763, 
                    442.07253886010363
                ], 
                [
                    1369.119170984456, 
                    477.51295336787564
                ], 
                [
                    1412.020725388601, 
                    470.0518134715026
                ], 
                [
                    1419.4818652849742, 
                    417.8238341968912
                ], 
                [
                    1438.1347150259069, 
                    382.3834196891192
                ], 
                [
                    1454.9222797927462, 
                    365.5958549222798
                ], 
                [
                    1460.518134715026, 
                    343.21243523316065
                ], 
                [
                    1501.5544041450778, 
                    345.0777202072539
                ], 
                [
                    1531.39896373057, 
                    313.3678756476684
                ], 
                [
                    1557.5129533678758, 
                    279.79274611398966
                ], 
                [
                    1574.300518134715, 
                    220.1036269430052
                ], 
                [
                    1583.6269430051814, 
                    164.14507772020727
                ], 
                [
                    1579.896373056995, 
                    100.72538860103627
                ], 
                [
                    1579.896373056995, 
                    100.72538860103627
                ], 
                [
                    1550.0518134715026, 
                    85.80310880829016
                ], 
                [
                    1550.0518134715026, 
                    37.30569948186529
                ], 
                [
                    1546.321243523316, 
                    0.0
                ], 
                [
                    1231.0880829015543, 
                    0.0
                ], 
                [
                    1169.5336787564768, 
                    141.76165803108807
                ], 
                [
                    1160.2072538860104, 
                    158.54922279792746
                ], 
                [
                    1150.8808290155441, 
                    158.54922279792746
                ], 
                [
                    1145.2849740932643, 
                    175.33678756476684
                ], 
                [
                    1122.9015544041451, 
                    173.4715025906736
                ], 
                [
                    1117.3056994818653, 
                    169.74093264248705
                ]
            ], 
            "user": "daid", 
            "verified": 0
        }, 
        {
            "date": "15-Nov-2018 19:41:12", 
            "deleted": 0, 
            "draw": true, 
            "id": 7, 
            "label": "car", 
            "polygon": [
                [
                    1186.321243523316, 
                    600.6217616580311
                ], 
                [
                    1223.6269430051814, 
                    606.2176165803108
                ], 
                [
                    1249.740932642487, 
                    602.4870466321244
                ], 
                [
                    1262.79792746114, 
                    585.699481865285
                ], 
                [
                    1260.9326424870467, 
                    567.0466321243523
                ], 
                [
                    1251.6062176165804, 
                    553.9896373056995
                ], 
                [
                    1232.9533678756477, 
                    544.6632124352332
                ], 
                [
                    1201.2435233160622, 
                    542.7979274611399
                ], 
                [
                    1188.1865284974094, 
                    552.1243523316062
                ], 
                [
                    1173.2642487046633, 
                    568.9119170984457
                ], 
                [
                    1176.9948186528497, 
                    591.2953367875648
                ]
            ], 
            "user": "daid", 
            "verified": 0
        }, 
        {
            "date": "15-Nov-2018 19:42:17", 
            "deleted": 0, 
            "draw": true, 
            "id": 8, 
            "label": "road", 
            "polygon": [
                [
                    1156.476683937824, 
                    570.7772020725389
                ], 
                [
                    1169.5336787564768, 
                    574.5077720207254
                ], 
                [
                    1175.1295336787566, 
                    595.0259067357513
                ], 
                [
                    1195.6476683937824, 
                    604.3523316062176
                ], 
                [
                    1251.6062176165804, 
                    606.2176165803108
                ], 
                [
                    1275.8549222797928, 
                    596.8911917098446
                ], 
                [
                    1335.5440414507773, 
                    637.9274611398964
                ], 
                [
                    1466.1139896373058, 
                    706.9430051813472
                ], 
                [
                    1561.2435233160622, 
                    729.3264248704663
                ], 
                [
                    1706.7357512953367, 
                    768.4974093264249
                ], 
                [
                    1846.6321243523316, 
                    783.419689119171
                ], 
                [
                    1919.0, 
                    789.0155440414508
                ], 
                [
                    1919.0, 
                    1079.0
                ], 
                [
                    0.0, 
                    1079.0
                ], 
                [
                    0.0, 
                    816.9948186528497
                ], 
                [
                    76.47668393782384, 
                    830.0518134715027
                ], 
                [
                    177.2020725388601, 
                    822.5906735751296
                ], 
                [
                    210.77720207253887, 
                    805.8031088082902
                ], 
                [
                    240.6217616580311, 
                    770.3626943005181
                ], 
                [
                    208.9119170984456, 
                    736.7875647668394
                ], 
                [
                    149.22279792746116, 
                    723.7305699481866
                ], 
                [
                    132.43523316062178, 
                    690.1554404145078
                ], 
                [
                    136.1658031088083, 
                    658.4455958549223
                ], 
                [
                    136.1658031088083, 
                    636.0621761658032
                ], 
                [
                    136.1658031088083, 
                    630.4663212435233
                ], 
                [
                    313.3678756476684, 
                    649.119170984456
                ], 
                [
                    455.1295336787565, 
                    665.9067357512954
                ], 
                [
                    563.3160621761658, 
                    669.6373056994819
                ], 
                [
                    680.8290155440415, 
                    671.5025906735751
                ], 
                [
                    781.5544041450778, 
                    673.3678756476684
                ], 
                [
                    884.1450777202073, 
                    675.2331606217617
                ], 
                [
                    917.7202072538861, 
                    649.119170984456
                ], 
                [
                    966.217616580311, 
                    619.2746113989638
                ], 
                [
                    1016.5803108808291, 
                    595.0259067357513
                ], 
                [
                    1061.3471502590673, 
                    585.699481865285
                ], 
                [
                    1083.7305699481865, 
                    580.1036269430052
                ], 
                [
                    1113.5751295336788, 
                    578.238341968912
                ]
            ], 
            "user": "daid", 
            "verified": 0
        }, 
        {
            "date": "15-Nov-2018 20:32:45", 
            "deleted": 0, 
            "draw": true, 
            "id": 9, 
            "label": "building", 
            "polygon": [
                [
                    0.0, 
                    374.9222797927461
                ], 
                [
                    76.47668393782384, 
                    369.3264248704663
                ], 
                [
                    78.3419689119171, 
                    402.9015544041451
                ], 
                [
                    128.70466321243524, 
                    414.09326424870466
                ], 
                [
                    154.81865284974094, 
                    419.6891191709845
                ], 
                [
                    158.54922279792746, 
                    451.39896373056996
                ], 
                [
                    147.3575129533679, 
                    471.91709844559585
                ], 
                [
                    132.43523316062178, 
                    484.9740932642487
                ], 
                [
                    130.5699481865285, 
                    568.9119170984457
                ], 
                [
                    186.52849740932643, 
                    567.0466321243523
                ], 
                [
                    317.0984455958549, 
                    580.1036269430052
                ], 
                [
                    470.0518134715026, 
                    589.4300518134716
                ], 
                [
                    589.4300518134716, 
                    589.4300518134716
                ], 
                [
                    589.4300518134716, 
                    466.32124352331607
                ], 
                [
                    572.6424870466321, 
                    421.55440414507774
                ], 
                [
                    587.5647668393783, 
                    384.24870466321244
                ], 
                [
                    613.6787564766839, 
                    384.24870466321244
                ], 
                [
                    632.3316062176166, 
                    384.24870466321244
                ], 
                [
                    630.4663212435233, 
                    583.8341968911917
                ], 
                [
                    772.2279792746115, 
                    572.6424870466321
                ], 
                [
                    807.6683937823834, 
                    567.0466321243523
                ], 
                [
                    811.39896373057, 
                    0.0
                ], 
                [
                    0.0, 
                    0.0
                ]
            ], 
            "user": "daid", 
            "verified": 0
        }, 
        {
            "date": "15-Nov-2018 20:33:13", 
            "deleted": 0, 
            "draw": true, 
            "id": 10, 
            "label": "building", 
            "polygon": [
                [
                    878.5492227979275, 
                    555.8549222797927
                ], 
                [
                    1080.0, 
                    539.0673575129534
                ], 
                [
                    1072.538860103627, 
                    246.2176165803109
                ], 
                [
                    809.5336787564767, 
                    102.59067357512954
                ], 
                [
                    811.39896373057, 
                    378.65284974093265
                ], 
                [
                    831.9170984455959, 
                    378.65284974093265
                ], 
                [
                    843.1088082901555, 
                    384.24870466321244
                ], 
                [
                    861.7616580310881, 
                    397.3056994818653
                ], 
                [
                    869.2227979274612, 
                    432.7461139896373
                ], 
                [
                    869.2227979274612, 
                    462.59067357512953
                ], 
                [
                    854.300518134715, 
                    481.2435233160622
                ], 
                [
                    856.1658031088083, 
                    561.4507772020726
                ]
            ], 
            "user": "daid", 
            "verified": 0
        }, 
        {
            "date": "15-Nov-2018 20:33:40", 
            "deleted": 0, 
            "draw": true, 
            "id": 11, 
            "label": "building", 
            "polygon": [
                [
                    1074.4041450777202, 
                    251.8134715025907
                ], 
                [
                    1102.3834196891191, 
                    259.2746113989637
                ], 
                [
                    1107.979274611399, 
                    287.2538860103627
                ], 
                [
                    1130.3626943005181, 
                    292.8497409326425
                ], 
                [
                    1154.6113989637306, 
                    320.82901554404145
                ], 
                [
                    1175.1295336787566, 
                    352.538860103627
                ], 
                [
                    1152.7461139896373, 
                    389.8445595854922
                ], 
                [
                    1197.5129533678758, 
                    386.11398963730574
                ], 
                [
                    1197.5129533678758, 
                    499.89637305699483
                ], 
                [
                    1081.8652849740934, 
                    492.4352331606218
                ]
            ], 
            "user": "daid", 
            "verified": 0
        }
    ]
}