{
    "imgHeight": 1080, 
    "imgWidth": 1920, 
    "objects": [
        {
            "date": "15-Nov-2018 13:31:17", 
            "deleted": 0, 
            "draw": true, 
            "id": 0, 
            "label": "car", 
            "polygon": [
                [
                    1009.119170984456, 
                    581.9689119170985
                ], 
                [
                    1053.8860103626944, 
                    583.8341968911917
                ], 
                [
                    1068.8082901554405, 
                    587.5647668393783
                ], 
                [
                    1072.538860103627, 
                    565.1813471502591
                ], 
                [
                    1072.538860103627, 
                    559.5854922279793
                ], 
                [
                    1063.2124352331607, 
                    544.6632124352332
                ], 
                [
                    1059.4818652849742, 
                    540.9326424870467
                ], 
                [
                    1053.8860103626944, 
                    539.0673575129534
                ], 
                [
                    1037.0984455958549, 
                    537.2020725388601
                ], 
                [
                    1031.5025906735752, 
                    537.2020725388601
                ], 
                [
                    1027.7720207253885, 
                    542.7979274611399
                ], 
                [
                    1009.119170984456, 
                    552.1243523316062
                ]
            ], 
            "user": "daid", 
            "verified": 0
        }, 
        {
            "date": "15-Nov-2018 13:32:41", 
            "deleted": 0, 
            "draw": true, 
            "id": 1, 
            "label": "road", 
            "polygon": [
                [
                    0.0, 
                    835.6476683937824
                ], 
                [
                    305.90673575129534, 
                    736.7875647668394
                ], 
                [
                    468.18652849740937, 
                    686.4248704663213
                ], 
                [
                    654.7150259067357, 
                    632.3316062176166
                ], 
                [
                    785.2849740932643, 
                    589.4300518134716
                ], 
                [
                    822.5906735751296, 
                    578.238341968912
                ], 
                [
                    869.2227979274612, 
                    555.8549222797927
                ], 
                [
                    897.2020725388601, 
                    540.9326424870467
                ], 
                [
                    938.238341968912, 
                    537.2020725388601
                ], 
                [
                    955.0259067357513, 
                    540.9326424870467
                ], 
                [
                    973.6787564766839, 
                    552.1243523316062
                ], 
                [
                    997.9274611398964, 
                    552.1243523316062
                ], 
                [
                    1009.119170984456, 
                    552.1243523316062
                ], 
                [
                    1024.041450777202, 
                    548.3937823834198
                ], 
                [
                    1042.6943005181347, 
                    539.0673575129534
                ], 
                [
                    1059.4818652849742, 
                    540.9326424870467
                ], 
                [
                    1070.6735751295337, 
                    552.1243523316062
                ], 
                [
                    1070.6735751295337, 
                    565.1813471502591
                ], 
                [
                    1083.7305699481865, 
                    574.5077720207254
                ], 
                [
                    1102.3834196891191, 
                    583.8341968911917
                ], 
                [
                    1475.4404145077722, 
                    665.9067357512954
                ], 
                [
                    1587.3575129533679, 
                    688.2901554404145
                ], 
                [
                    1602.279792746114, 
                    692.020725388601
                ], 
                [
                    1598.5492227979275, 
                    720.0
                ], 
                [
                    1598.5492227979275, 
                    747.979274611399
                ], 
                [
                    1919.0, 
                    852.4352331606218
                ], 
                [
                    1919.0, 
                    1076.2694300518135
                ], 
                [
                    1.8652849740932642, 
                    1079.0
                ]
            ], 
            "user": "daid", 
            "verified": 0
        }, 
        {
            "date": "15-Nov-2018 13:34:02", 
            "deleted": 0, 
            "draw": true, 
            "id": 2, 
            "label": "traffic light", 
            "polygon": [
                [
                    828.1865284974093, 
                    559.5854922279793
                ], 
                [
                    831.9170984455959, 
                    512.9533678756477
                ], 
                [
                    837.5129533678756, 
                    507.3575129533679
                ], 
                [
                    839.378238341969, 
                    486.83937823834196
                ], 
                [
                    831.9170984455959, 
                    473.78238341968915
                ], 
                [
                    824.4559585492228, 
                    484.9740932642487
                ], 
                [
                    824.4559585492228, 
                    507.3575129533679
                ], 
                [
                    822.5906735751296, 
                    561.4507772020726
                ]
            ], 
            "user": "daid", 
            "verified": 0
        }, 
        {
            "date": "15-Nov-2018 13:34:40", 
            "deleted": 0, 
            "draw": true, 
            "id": 3, 
            "label": "traffic light", 
            "polygon": [
                [
                    1070.6735751295337, 
                    524.1450777202073
                ], 
                [
                    1087.4611398963732, 
                    526.0103626943005
                ], 
                [
                    1091.1917098445597, 
                    498.0310880829016
                ], 
                [
                    1078.1347150259069, 
                    496.1658031088083
                ], 
                [
                    1068.8082901554405, 
                    496.1658031088083
                ]
            ], 
            "user": "daid", 
            "verified": 0
        }, 
        {
            "date": "15-Nov-2018 19:27:42", 
            "deleted": 0, 
            "draw": true, 
            "id": 4, 
            "label": "sidewalk", 
            "polygon": [
                [
                    3.7305699481865284, 
                    675.2331606217617
                ], 
                [
                    0.0, 
                    833.7823834196892
                ], 
                [
                    572.6424870466321, 
                    654.7150259067357
                ], 
                [
                    749.8445595854922, 
                    600.6217616580311
                ], 
                [
                    818.860103626943, 
                    578.238341968912
                ], 
                [
                    839.378238341969, 
                    568.9119170984457
                ], 
                [
                    822.5906735751296, 
                    559.5854922279793
                ], 
                [
                    764.7668393782384, 
                    555.8549222797927
                ], 
                [
                    736.7875647668394, 
                    553.9896373056995
                ], 
                [
                    729.3264248704663, 
                    553.9896373056995
                ], 
                [
                    729.3264248704663, 
                    565.1813471502591
                ], 
                [
                    695.7512953367876, 
                    572.6424870466321
                ], 
                [
                    639.7927461139897, 
                    580.1036269430052
                ], 
                [
                    570.7772020725389, 
                    596.8911917098446
                ], 
                [
                    486.83937823834196, 
                    609.9481865284974
                ], 
                [
                    443.93782383419693, 
                    624.8704663212435
                ], 
                [
                    406.63212435233163, 
                    621.139896373057
                ], 
                [
                    350.6735751295337, 
                    626.7357512953369
                ], 
                [
                    268.60103626943004, 
                    645.3886010362695
                ], 
                [
                    184.66321243523316, 
                    660.3108808290156
                ], 
                [
                    111.91709844559585, 
                    673.3678756476684
                ], 
                [
                    42.90155440414508, 
                    669.6373056994819
                ]
            ], 
            "user": "daid", 
            "verified": 0
        }, 
        {
            "date": "15-Nov-2018 19:28:07", 
            "deleted": 0, 
            "draw": true, 
            "id": 5, 
            "label": "sidewalk", 
            "polygon": [
                [
                    1104.2487046632125, 
                    578.238341968912
                ], 
                [
                    1139.6891191709844, 
                    574.5077720207254
                ], 
                [
                    1165.8031088082903, 
                    581.9689119170985
                ], 
                [
                    1204.9740932642487, 
                    591.2953367875648
                ], 
                [
                    1257.2020725388602, 
                    602.4870466321244
                ], 
                [
                    1365.3886010362694, 
                    621.139896373057
                ], 
                [
                    1419.4818652849742, 
                    634.1968911917098
                ], 
                [
                    1492.2279792746115, 
                    650.9844559585492
                ], 
                [
                    1578.0310880829015, 
                    664.041450777202
                ], 
                [
                    1606.0103626943005, 
                    667.7720207253886
                ], 
                [
                    1604.1450777202074, 
                    688.2901554404145
                ], 
                [
                    1501.5544041450778, 
                    671.5025906735751
                ], 
                [
                    1391.5025906735752, 
                    647.2538860103627
                ], 
                [
                    1313.1606217616581, 
                    626.7357512953369
                ], 
                [
                    1232.9533678756477, 
                    611.8134715025907
                ], 
                [
                    1165.8031088082903, 
                    596.8911917098446
                ], 
                [
                    1115.440414507772, 
                    587.5647668393783
                ]
            ], 
            "user": "daid", 
            "verified": 0
        }, 
        {
            "date": "15-Nov-2018 19:28:59", 
            "deleted": 0, 
            "draw": true, 
            "id": 6, 
            "label": "building", 
            "polygon": [
                [
                    720.0, 
                    1.8652849740932642
                ], 
                [
                    751.7098445595855, 
                    48.49740932642487
                ], 
                [
                    757.3056994818653, 
                    67.15025906735751
                ], 
                [
                    733.0569948186529, 
                    410.36269430051817
                ], 
                [
                    762.9015544041451, 
                    425.2849740932643
                ], 
                [
                    733.0569948186529, 
                    451.39896373056996
                ], 
                [
                    729.3264248704663, 
                    561.4507772020726
                ], 
                [
                    520.4145077720208, 
                    602.4870466321244
                ], 
                [
                    456.99481865284974, 
                    623.0051813471503
                ], 
                [
                    423.419689119171, 
                    621.139896373057
                ], 
                [
                    387.979274611399, 
                    621.139896373057
                ], 
                [
                    337.61658031088086, 
                    626.7357512953369
                ], 
                [
                    292.8497409326425, 
                    637.9274611398964
                ], 
                [
                    229.43005181347152, 
                    654.7150259067357
                ], 
                [
                    167.87564766839378, 
                    665.9067357512954
                ], 
                [
                    119.37823834196891, 
                    671.5025906735751
                ], 
                [
                    70.88082901554404, 
                    677.098445595855
                ], 
                [
                    16.787564766839377, 
                    675.2331606217617
                ], 
                [
                    0.0, 
                    680.8290155440415
                ], 
                [
                    0.0, 
                    5.595854922279793
                ]
            ], 
            "user": "daid", 
            "verified": 0
        }, 
        {
            "date": "15-Nov-2018 19:29:39", 
            "deleted": 0, 
            "draw": true, 
            "id": 7, 
            "label": "building", 
            "polygon": [
                [
                    755.4404145077721, 
                    229.43005181347152
                ], 
                [
                    826.3212435233161, 
                    238.75647668393782
                ], 
                [
                    839.378238341969, 
                    257.40932642487047
                ], 
                [
                    856.1658031088083, 
                    285.38860103626945
                ], 
                [
                    871.0880829015545, 
                    313.3678756476684
                ], 
                [
                    876.6839378238342, 
                    341.34715025906735
                ], 
                [
                    863.6269430051814, 
                    542.7979274611399
                ], 
                [
                    856.1658031088083, 
                    546.5284974093264
                ], 
                [
                    833.7823834196892, 
                    542.7979274611399
                ], 
                [
                    833.7823834196892, 
                    518.5492227979274
                ], 
                [
                    837.5129533678756, 
                    507.3575129533679
                ], 
                [
                    843.1088082901555, 
                    479.37823834196894
                ], 
                [
                    837.5129533678756, 
                    473.78238341968915
                ], 
                [
                    824.4559585492228, 
                    477.51295336787564
                ], 
                [
                    824.4559585492228, 
                    494.30051813471505
                ], 
                [
                    822.5906735751296, 
                    546.5284974093264
                ], 
                [
                    733.0569948186529, 
                    544.6632124352332
                ], 
                [
                    738.6528497409327, 
                    449.5336787564767
                ], 
                [
                    762.9015544041451, 
                    429.01554404145077
                ], 
                [
                    740.5181347150259, 
                    412.2279792746114
                ]
            ], 
            "user": "daid", 
            "verified": 0
        }, 
        {
            "date": "15-Nov-2018 19:30:31", 
            "deleted": 0, 
            "draw": true, 
            "id": 8, 
            "label": "building", 
            "polygon": [
                [
                    1111.7098445595855, 
                    175.33678756476684
                ], 
                [
                    1219.896373056995, 
                    0.0
                ], 
                [
                    1919.0, 
                    0.0
                ], 
                [
                    1919.0, 
                    481.2435233160622
                ], 
                [
                    1617.2020725388602, 
                    499.89637305699483
                ], 
                [
                    1609.740932642487, 
                    662.1761658031088
                ], 
                [
                    1594.818652849741, 
                    660.3108808290156
                ], 
                [
                    1531.39896373057, 
                    654.7150259067357
                ], 
                [
                    1441.8652849740934, 
                    637.9274611398964
                ], 
                [
                    1385.9067357512954, 
                    626.7357512953369
                ], 
                [
                    1318.7564766839378, 
                    611.8134715025907
                ], 
                [
                    1249.740932642487, 
                    598.7564766839379
                ], 
                [
                    1180.7253886010362, 
                    585.699481865285
                ], 
                [
                    1150.8808290155441, 
                    574.5077720207254
                ], 
                [
                    1121.0362694300518, 
                    567.0466321243523
                ], 
                [
                    1098.6528497409327, 
                    557.720207253886
                ], 
                [
                    1100.518134715026, 
                    511.0880829015544
                ], 
                [
                    1089.3264248704663, 
                    494.30051813471505
                ], 
                [
                    1072.538860103627, 
                    475.6476683937824
                ], 
                [
                    1085.5958549222798, 
                    466.32124352331607
                ], 
                [
                    1085.5958549222798, 
                    466.32124352331607
                ], 
                [
                    1106.1139896373056, 
                    466.32124352331607
                ], 
                [
                    1106.1139896373056, 
                    397.3056994818653
                ], 
                [
                    1096.7875647668395, 
                    363.73056994818654
                ], 
                [
                    1104.2487046632125, 
                    341.34715025906735
                ], 
                [
                    1109.8445595854923, 
                    255.5440414507772
                ]
            ], 
            "user": "daid", 
            "verified": 0
        }, 
        {
            "date": "15-Nov-2018 19:30:53", 
            "deleted": 0, 
            "draw": true, 
            "id": 9, 
            "label": "wall", 
            "polygon": [
                [
                    1619.0673575129533, 
                    507.3575129533679
                ], 
                [
                    1915.6476683937824, 
                    484.9740932642487
                ], 
                [
                    1917.5129533678758, 
                    852.4352331606218
                ], 
                [
                    1602.279792746114, 
                    751.7098445595855
                ]
            ], 
            "user": "daid", 
            "verified": 0
        }
    ]
}