{
    "imgHeight": 1080, 
    "imgWidth": 1920, 
    "objects": [
        {
            "date": "15-Nov-2018 13:49:52", 
            "deleted": 0, 
            "draw": true, 
            "id": 0, 
            "label": "car", 
            "polygon": [
                [
                    1066.9430051813472, 
                    912.1243523316062
                ], 
                [
                    1091.1917098445597, 
                    921.4507772020726
                ], 
                [
                    1117.3056994818653, 
                    934.5077720207254
                ], 
                [
                    1137.8238341968913, 
                    932.6424870466321
                ], 
                [
                    1139.6891191709844, 
                    927.0466321243524
                ], 
                [
                    1540.7253886010362, 
                    968.0829015544042
                ], 
                [
                    1572.435233160622, 
                    943.8341968911917
                ], 
                [
                    1596.6839378238342, 
                    872.9533678756477
                ], 
                [
                    1591.0880829015543, 
                    846.839378238342
                ], 
                [
                    1589.2227979274612, 
                    781.5544041450778
                ], 
                [
                    1579.896373056995, 
                    725.5958549222798
                ], 
                [
                    1559.3782383419689, 
                    697.6165803108809
                ], 
                [
                    1481.0362694300518, 
                    581.9689119170985
                ], 
                [
                    1453.0569948186528, 
                    550.259067357513
                ], 
                [
                    1385.9067357512954, 
                    533.4715025906736
                ], 
                [
                    1281.4507772020727, 
                    529.7409326424871
                ], 
                [
                    1216.1658031088084, 
                    529.7409326424871
                ], 
                [
                    1154.6113989637306, 
                    546.5284974093264
                ], 
                [
                    1106.1139896373056, 
                    606.2176165803108
                ], 
                [
                    1083.7305699481865, 
                    654.7150259067357
                ], 
                [
                    1055.7512953367875, 
                    686.4248704663213
                ], 
                [
                    1044.559585492228, 
                    708.8082901554404
                ], 
                [
                    1040.8290155440416, 
                    747.979274611399
                ], 
                [
                    1040.8290155440416, 
                    774.0932642487047
                ], 
                [
                    1046.4248704663212, 
                    884.1450777202073
                ]
            ], 
            "user": "daid", 
            "verified": 0
        }, 
        {
            "date": "15-Nov-2018 13:50:40", 
            "deleted": 0, 
            "draw": true, 
            "id": 1, 
            "label": "person", 
            "polygon": [
                [
                    979.2746113989638, 
                    649.119170984456
                ], 
                [
                    999.7927461139897, 
                    649.119170984456
                ], 
                [
                    1003.5233160621761, 
                    637.9274611398964
                ], 
                [
                    1012.8497409326425, 
                    611.8134715025907
                ], 
                [
                    1027.7720207253885, 
                    637.9274611398964
                ], 
                [
                    1024.041450777202, 
                    649.119170984456
                ], 
                [
                    1040.8290155440416, 
                    649.119170984456
                ], 
                [
                    1038.9637305699482, 
                    632.3316062176166
                ], 
                [
                    1029.6373056994819, 
                    611.8134715025907
                ], 
                [
                    1025.9067357512954, 
                    598.7564766839379
                ], 
                [
                    1027.7720207253885, 
                    583.8341968911917
                ], 
                [
                    1038.9637305699482, 
                    572.6424870466321
                ], 
                [
                    1033.3678756476684, 
                    559.5854922279793
                ], 
                [
                    1037.0984455958549, 
                    542.7979274611399
                ], 
                [
                    1025.9067357512954, 
                    540.9326424870467
                ], 
                [
                    1020.3108808290156, 
                    524.1450777202073
                ], 
                [
                    994.1968911917098, 
                    529.7409326424871
                ], 
                [
                    996.0621761658032, 
                    537.2020725388601
                ], 
                [
                    1003.5233160621761, 
                    550.259067357513
                ], 
                [
                    990.4663212435233, 
                    570.7772020725389
                ], 
                [
                    986.7357512953369, 
                    585.699481865285
                ], 
                [
                    1007.2538860103627, 
                    585.699481865285
                ], 
                [
                    999.7927461139897, 
                    609.9481865284974
                ], 
                [
                    992.3316062176166, 
                    636.0621761658032
                ]
            ], 
            "user": "daid", 
            "verified": 0
        }, 
        {
            "date": "15-Nov-2018 13:52:09", 
            "deleted": 0, 
            "draw": true, 
            "id": 2, 
            "label": "road", 
            "polygon": [
                [
                    1919.0, 
                    705.077720207254
                ], 
                [
                    1833.5751295336788, 
                    662.1761658031088
                ], 
                [
                    1816.7875647668395, 
                    643.5233160621761
                ], 
                [
                    1803.7305699481865, 
                    628.6010362694301
                ], 
                [
                    1805.5958549222798, 
                    619.2746113989638
                ], 
                [
                    1829.8445595854923, 
                    617.4093264248705
                ], 
                [
                    1869.0155440414508, 
                    606.2176165803108
                ], 
                [
                    1913.7823834196893, 
                    600.6217616580311
                ], 
                [
                    1917.5129533678758, 
                    595.0259067357513
                ], 
                [
                    1915.6476683937824, 
                    565.1813471502591
                ], 
                [
                    1764.559585492228, 
                    572.6424870466321
                ], 
                [
                    1755.2331606217617, 
                    578.238341968912
                ], 
                [
                    1717.9274611398964, 
                    580.1036269430052
                ], 
                [
                    1658.238341968912, 
                    583.8341968911917
                ], 
                [
                    1589.2227979274612, 
                    587.5647668393783
                ], 
                [
                    1548.1865284974094, 
                    587.5647668393783
                ], 
                [
                    1510.8808290155441, 
                    587.5647668393783
                ], 
                [
                    1482.9015544041451, 
                    581.9689119170985
                ], 
                [
                    1456.7875647668395, 
                    552.1243523316062
                ], 
                [
                    1406.4248704663212, 
                    539.0673575129534
                ], 
                [
                    1343.0051813471503, 
                    527.8756476683938
                ], 
                [
                    1283.3160621761658, 
                    531.6062176165804
                ], 
                [
                    1242.279792746114, 
                    531.6062176165804
                ], 
                [
                    1195.6476683937824, 
                    533.4715025906736
                ], 
                [
                    1162.0725388601036, 
                    548.3937823834198
                ], 
                [
                    1134.0932642487046, 
                    563.3160621761658
                ], 
                [
                    1113.5751295336788, 
                    593.160621761658
                ], 
                [
                    1093.0569948186528, 
                    639.7927461139897
                ], 
                [
                    1080.0, 
                    662.1761658031088
                ], 
                [
                    1059.4818652849742, 
                    680.8290155440415
                ], 
                [
                    1044.559585492228, 
                    710.6735751295337
                ], 
                [
                    1042.6943005181347, 
                    740.5181347150259
                ], 
                [
                    563.3160621761658, 
                    1079.0
                ], 
                [
                    1919.0, 
                    1079.0
                ]
            ], 
            "user": "daid", 
            "verified": 0
        }, 
        {
            "date": "15-Nov-2018 13:52:42", 
            "deleted": 0, 
            "draw": true, 
            "id": 3, 
            "label": "traffic light", 
            "polygon": [
                [
                    1134.0932642487046, 
                    475.6476683937824
                ], 
                [
                    1158.341968911917, 
                    477.51295336787564
                ], 
                [
                    1160.2072538860104, 
                    434.6113989637306
                ], 
                [
                    1158.341968911917, 
                    410.36269430051817
                ], 
                [
                    1156.476683937824, 
                    402.9015544041451
                ], 
                [
                    1143.419689119171, 
                    397.3056994818653
                ], 
                [
                    1126.6321243523316, 
                    402.9015544041451
                ]
            ], 
            "user": "daid", 
            "verified": 0
        }, 
        {
            "date": "15-Nov-2018 13:53:38", 
            "deleted": 0, 
            "draw": true, 
            "id": 4, 
            "label": "traffic light", 
            "polygon": [
                [
                    1641.4507772020727, 
                    516.6839378238342
                ], 
                [
                    1660.1036269430053, 
                    518.5492227979274
                ], 
                [
                    1660.1036269430053, 
                    483.1088082901555
                ], 
                [
                    1643.3160621761658, 
                    481.2435233160622
                ], 
                [
                    1639.5854922279793, 
                    481.2435233160622
                ]
            ], 
            "user": "daid", 
            "verified": 0
        }, 
        {
            "date": "15-Nov-2018 13:54:02", 
            "deleted": 0, 
            "draw": true, 
            "id": 5, 
            "label": "traffic light", 
            "polygon": [
                [
                    1111.7098445595855, 
                    499.89637305699483
                ], 
                [
                    1128.497409326425, 
                    499.89637305699483
                ], 
                [
                    1130.3626943005181, 
                    471.91709844559585
                ], 
                [
                    1132.2279792746115, 
                    412.2279792746114
                ], 
                [
                    1126.6321243523316, 
                    406.63212435233163
                ], 
                [
                    1113.5751295336788, 
                    402.9015544041451
                ], 
                [
                    1106.1139896373056, 
                    410.36269430051817
                ], 
                [
                    1104.2487046632125, 
                    438.3419689119171
                ]
            ], 
            "user": "daid", 
            "verified": 0
        }, 
        {
            "date": "15-Nov-2018 13:54:45", 
            "deleted": 0, 
            "draw": true, 
            "id": 6, 
            "label": "car", 
            "polygon": [
                [
                    1482.9015544041451, 
                    568.9119170984457
                ], 
                [
                    1518.341968911917, 
                    568.9119170984457
                ], 
                [
                    1525.8031088082903, 
                    553.9896373056995
                ], 
                [
                    1535.1295336787566, 
                    553.9896373056995
                ], 
                [
                    1536.9948186528497, 
                    570.7772020725389
                ], 
                [
                    1570.5699481865286, 
                    561.4507772020726
                ], 
                [
                    1572.435233160622, 
                    550.259067357513
                ], 
                [
                    1564.9740932642487, 
                    542.7979274611399
                ], 
                [
                    1548.1865284974094, 
                    537.2020725388601
                ], 
                [
                    1525.8031088082903, 
                    535.3367875647668
                ], 
                [
                    1509.0155440414508, 
                    535.3367875647668
                ], 
                [
                    1488.497409326425, 
                    537.2020725388601
                ], 
                [
                    1477.3056994818653, 
                    546.5284974093264
                ], 
                [
                    1477.3056994818653, 
                    550.259067357513
                ], 
                [
                    1482.9015544041451, 
                    559.5854922279793
                ], 
                [
                    1484.7668393782385, 
                    572.6424870466321
                ]
            ], 
            "user": "daid", 
            "verified": 0
        }, 
        {
            "date": "15-Nov-2018 19:53:42", 
            "deleted": 0, 
            "draw": true, 
            "id": 7, 
            "label": "rail track", 
            "polygon": [
                [
                    5.595854922279793, 
                    731.1917098445596
                ], 
                [
                    214.50777202072538, 
                    695.7512953367876
                ], 
                [
                    352.538860103627, 
                    671.5025906735751
                ], 
                [
                    475.6476683937824, 
                    647.2538860103627
                ], 
                [
                    563.3160621761658, 
                    632.3316062176166
                ], 
                [
                    643.5233160621761, 
                    621.139896373057
                ], 
                [
                    733.0569948186529, 
                    609.9481865284974
                ], 
                [
                    811.39896373057, 
                    595.0259067357513
                ], 
                [
                    874.8186528497409, 
                    593.160621761658
                ], 
                [
                    930.7772020725389, 
                    589.4300518134716
                ], 
                [
                    973.6787564766839, 
                    593.160621761658
                ], 
                [
                    992.3316062176166, 
                    595.0259067357513
                ], 
                [
                    992.3316062176166, 
                    615.5440414507772
                ], 
                [
                    992.3316062176166, 
                    634.1968911917098
                ], 
                [
                    973.6787564766839, 
                    649.119170984456
                ], 
                [
                    997.9274611398964, 
                    650.9844559585492
                ], 
                [
                    1024.041450777202, 
                    654.7150259067357
                ], 
                [
                    1068.8082901554405, 
                    658.4455958549223
                ], 
                [
                    1046.4248704663212, 
                    688.2901554404145
                ], 
                [
                    1042.6943005181347, 
                    736.7875647668394
                ], 
                [
                    555.8549222797927, 
                    1079.0
                ], 
                [
                    1.8652849740932642, 
                    1079.0
                ]
            ], 
            "user": "daid", 
            "verified": 0
        }, 
        {
            "date": "15-Nov-2018 19:54:02", 
            "deleted": 0, 
            "draw": true, 
            "id": 8, 
            "label": "train", 
            "polygon": [
                [
                    833.7823834196892, 
                    565.1813471502591
                ], 
                [
                    887.8756476683939, 
                    565.1813471502591
                ], 
                [
                    886.0103626943005, 
                    505.4922279792746
                ], 
                [
                    880.4145077720208, 
                    496.1658031088083
                ], 
                [
                    848.7046632124352, 
                    490.5699481865285
                ], 
                [
                    824.4559585492228, 
                    490.5699481865285
                ], 
                [
                    818.860103626943, 
                    509.22279792746116
                ], 
                [
                    816.9948186528497, 
                    555.8549222797927
                ]
            ], 
            "user": "daid", 
            "verified": 0
        }, 
        {
            "date": "15-Nov-2018 19:54:15", 
            "deleted": 0, 
            "draw": true, 
            "id": 9, 
            "label": "train", 
            "polygon": [
                [
                    886.0103626943005, 
                    499.89637305699483
                ], 
                [
                    947.5647668393783, 
                    501.7616580310881
                ], 
                [
                    951.2953367875648, 
                    533.4715025906736
                ], 
                [
                    882.279792746114, 
                    535.3367875647668
                ]
            ], 
            "user": "daid", 
            "verified": 0
        }, 
        {
            "date": "15-Nov-2018 19:54:34", 
            "deleted": 0, 
            "draw": true, 
            "id": 10, 
            "label": "car", 
            "polygon": [
                [
                    380.5181347150259, 
                    587.5647668393783
                ], 
                [
                    414.09326424870466, 
                    587.5647668393783
                ], 
                [
                    436.47668393782385, 
                    580.1036269430052
                ], 
                [
                    436.47668393782385, 
                    565.1813471502591
                ], 
                [
                    430.88082901554407, 
                    550.259067357513
                ], 
                [
                    393.57512953367876, 
                    546.5284974093264
                ], 
                [
                    374.9222797927461, 
                    553.9896373056995
                ], 
                [
                    369.3264248704663, 
                    563.3160621761658
                ], 
                [
                    369.3264248704663, 
                    581.9689119170985
                ]
            ], 
            "user": "daid", 
            "verified": 0
        }, 
        {
            "date": "15-Nov-2018 19:54:46", 
            "deleted": 0, 
            "draw": true, 
            "id": 11, 
            "label": "car", 
            "polygon": [
                [
                    442.07253886010363, 
                    580.1036269430052
                ], 
                [
                    471.91709844559585, 
                    581.9689119170985
                ], 
                [
                    479.37823834196894, 
                    565.1813471502591
                ], 
                [
                    473.78238341968915, 
                    550.259067357513
                ], 
                [
                    445.8031088082902, 
                    550.259067357513
                ], 
                [
                    434.6113989637306, 
                    561.4507772020726
                ]
            ], 
            "user": "daid", 
            "verified": 0
        }, 
        {
            "date": "15-Nov-2018 19:55:16", 
            "deleted": 0, 
            "draw": true, 
            "id": 12, 
            "label": "vegetation", 
            "polygon": [
                [
                    225.69948186528498, 
                    317.0984455958549
                ], 
                [
                    287.2538860103627, 
                    332.020725388601
                ], 
                [
                    348.80829015544043, 
                    352.538860103627
                ], 
                [
                    358.13471502590676, 
                    373.05699481865287
                ], 
                [
                    322.69430051813475, 
                    376.7875647668394
                ], 
                [
                    326.42487046632124, 
                    391.7098445595855
                ], 
                [
                    335.75129533678756, 
                    401.03626943005185
                ], 
                [
                    332.020725388601, 
                    455.1295336787565
                ], 
                [
                    274.1968911917099, 
                    462.59067357512953
                ], 
                [
                    251.8134715025907, 
                    484.9740932642487
                ], 
                [
                    193.9896373056995, 
                    503.6269430051814
                ], 
                [
                    123.10880829015545, 
                    509.22279792746116
                ], 
                [
                    48.49740932642487, 
                    490.5699481865285
                ], 
                [
                    0.0, 
                    440.2072538860104
                ], 
                [
                    0.0, 
                    384.24870466321244
                ], 
                [
                    0.0, 
                    302.1761658031088
                ], 
                [
                    61.554404145077726, 
                    302.1761658031088
                ], 
                [
                    139.89637305699483, 
                    304.0414507772021
                ], 
                [
                    231.29533678756476, 
                    317.0984455958549
                ]
            ], 
            "user": "daid", 
            "verified": 0
        }, 
        {
            "date": "15-Nov-2018 19:55:50", 
            "deleted": 0, 
            "draw": true, 
            "id": 13, 
            "label": "vegetation", 
            "polygon": [
                [
                    524.1450777202073, 
                    386.11398963730574
                ], 
                [
                    546.5284974093264, 
                    361.8652849740933
                ], 
                [
                    555.8549222797927, 
                    343.21243523316065
                ], 
                [
                    578.238341968912, 
                    333.8860103626943
                ], 
                [
                    598.7564766839379, 
                    324.559585492228
                ], 
                [
                    596.8911917098446, 
                    307.7720207253886
                ], 
                [
                    568.9119170984457, 
                    307.7720207253886
                ], 
                [
                    581.9689119170985, 
                    287.2538860103627
                ], 
                [
                    600.6217616580311, 
                    266.7357512953368
                ], 
                [
                    619.2746113989638, 
                    285.38860103626945
                ], 
                [
                    650.9844559585492, 
                    276.0621761658031
                ], 
                [
                    678.9637305699482, 
                    287.2538860103627
                ], 
                [
                    705.077720207254, 
                    313.3678756476684
                ], 
                [
                    733.0569948186529, 
                    315.23316062176167
                ], 
                [
                    792.7461139896374, 
                    318.9637305699482
                ], 
                [
                    828.1865284974093, 
                    317.0984455958549
                ], 
                [
                    863.6269430051814, 
                    322.69430051813475
                ], 
                [
                    856.1658031088083, 
                    350.6735751295337
                ], 
                [
                    826.3212435233161, 
                    356.26943005181346
                ], 
                [
                    796.4766839378239, 
                    386.11398963730574
                ], 
                [
                    785.2849740932643, 
                    419.6891191709845
                ], 
                [
                    761.0362694300518, 
                    423.419689119171
                ], 
                [
                    749.8445595854922, 
                    436.47668393782385
                ], 
                [
                    705.077720207254, 
                    442.07253886010363
                ], 
                [
                    667.7720207253886, 
                    423.419689119171
                ], 
                [
                    645.3886010362695, 
                    434.6113989637306
                ], 
                [
                    630.4663212435233, 
                    451.39896373056996
                ], 
                [
                    585.699481865285, 
                    455.1295336787565
                ], 
                [
                    540.9326424870467, 
                    453.2642487046632
                ], 
                [
                    539.0673575129534, 
                    421.55440414507774
                ], 
                [
                    555.8549222797927, 
                    412.2279792746114
                ], 
                [
                    555.8549222797927, 
                    395.44041450777206
                ], 
                [
                    527.8756476683938, 
                    389.8445595854922
                ]
            ], 
            "user": "daid", 
            "verified": 0
        }, 
        {
            "date": "15-Nov-2018 19:56:19", 
            "deleted": 0, 
            "draw": true, 
            "id": 14, 
            "label": "road", 
            "polygon": [
                [
                    1.8652849740932642, 
                    621.139896373057
                ], 
                [
                    0.0, 
                    734.9222797927462
                ], 
                [
                    356.26943005181346, 
                    667.7720207253886
                ], 
                [
                    356.26943005181346, 
                    587.5647668393783
                ], 
                [
                    298.4455958549223, 
                    596.8911917098446
                ], 
                [
                    229.43005181347152, 
                    600.6217616580311
                ], 
                [
                    166.0103626943005, 
                    613.6787564766839
                ], 
                [
                    74.61139896373058, 
                    617.4093264248705
                ]
            ], 
            "user": "daid", 
            "verified": 0
        }, 
        {
            "date": "15-Nov-2018 19:56:37", 
            "deleted": 0, 
            "draw": true, 
            "id": 15, 
            "label": "road", 
            "polygon": [
                [
                    371.1917098445596, 
                    589.4300518134716
                ], 
                [
                    378.65284974093265, 
                    639.7927461139897
                ], 
                [
                    421.55440414507774, 
                    634.1968911917098
                ], 
                [
                    471.91709844559585, 
                    632.3316062176166
                ], 
                [
                    498.0310880829016, 
                    634.1968911917098
                ], 
                [
                    499.89637305699483, 
                    589.4300518134716
                ], 
                [
                    498.0310880829016, 
                    583.8341968911917
                ], 
                [
                    483.1088082901555, 
                    583.8341968911917
                ], 
                [
                    460.7253886010363, 
                    581.9689119170985
                ], 
                [
                    434.6113989637306, 
                    581.9689119170985
                ], 
                [
                    427.1502590673575, 
                    585.699481865285
                ], 
                [
                    414.09326424870466, 
                    587.5647668393783
                ]
            ], 
            "user": "daid", 
            "verified": 0
        }, 
        {
            "date": "15-Nov-2018 19:57:06", 
            "deleted": 0, 
            "draw": true, 
            "id": 16, 
            "label": "road", 
            "polygon": [
                [
                    483.1088082901555, 
                    559.5854922279793
                ], 
                [
                    509.22279792746116, 
                    555.8549222797927
                ], 
                [
                    533.4715025906736, 
                    542.7979274611399
                ], 
                [
                    533.4715025906736, 
                    533.4715025906736
                ], 
                [
                    552.1243523316062, 
                    533.4715025906736
                ], 
                [
                    550.259067357513, 
                    553.9896373056995
                ], 
                [
                    548.3937823834198, 
                    585.699481865285
                ], 
                [
                    568.9119170984457, 
                    591.2953367875648
                ], 
                [
                    602.4870466321244, 
                    598.7564766839379
                ], 
                [
                    692.020725388601, 
                    596.8911917098446
                ], 
                [
                    747.979274611399, 
                    596.8911917098446
                ], 
                [
                    533.4715025906736, 
                    630.4663212435233
                ], 
                [
                    531.6062176165804, 
                    602.4870466321244
                ], 
                [
                    531.6062176165804, 
                    572.6424870466321
                ], 
                [
                    529.7409326424871, 
                    559.5854922279793
                ], 
                [
                    503.6269430051814, 
                    567.0466321243523
                ], 
                [
                    503.6269430051814, 
                    583.8341968911917
                ], 
                [
                    475.6476683937824, 
                    581.9689119170985
                ]
            ], 
            "user": "daid", 
            "verified": 0
        }, 
        {
            "date": "15-Nov-2018 19:57:39", 
            "deleted": 0, 
            "draw": true, 
            "id": 17, 
            "label": "sidewalk", 
            "polygon": [
                [
                    1919.0, 
                    598.7564766839379
                ], 
                [
                    1876.476683937824, 
                    600.6217616580311
                ], 
                [
                    1829.8445595854923, 
                    613.6787564766839
                ], 
                [
                    1829.8445595854923, 
                    613.6787564766839
                ], 
                [
                    1809.3264248704663, 
                    619.2746113989638
                ], 
                [
                    1809.3264248704663, 
                    636.0621761658032
                ], 
                [
                    1827.979274611399, 
                    656.5803108808291
                ], 
                [
                    1850.3626943005181, 
                    669.6373056994819
                ], 
                [
                    1880.2072538860104, 
                    686.4248704663213
                ], 
                [
                    1911.917098445596, 
                    699.4818652849741
                ], 
                [
                    1919.0, 
                    708.8082901554404
                ]
            ], 
            "user": "daid", 
            "verified": 0
        }, 
        {
            "date": "15-Nov-2018 19:58:06", 
            "deleted": 0, 
            "draw": true, 
            "id": 18, 
            "label": "train", 
            "polygon": [
                [
                    1158.341968911917, 
                    492.4352331606218
                ], 
                [
                    1184.455958549223, 
                    494.30051813471505
                ], 
                [
                    1199.3782383419689, 
                    499.89637305699483
                ], 
                [
                    1223.6269430051814, 
                    496.1658031088083
                ], 
                [
                    1247.8756476683939, 
                    498.0310880829016
                ], 
                [
                    1268.3937823834196, 
                    499.89637305699483
                ], 
                [
                    1268.3937823834196, 
                    527.8756476683938
                ], 
                [
                    1208.7046632124352, 
                    527.8756476683938
                ], 
                [
                    1184.455958549223, 
                    537.2020725388601
                ], 
                [
                    1165.8031088082903, 
                    542.7979274611399
                ], 
                [
                    1152.7461139896373, 
                    546.5284974093264
                ]
            ], 
            "user": "daid", 
            "verified": 0
        }, 
        {
            "date": "15-Nov-2018 19:58:49", 
            "deleted": 0, 
            "draw": true, 
            "id": 19, 
            "label": "vegetation", 
            "polygon": [
                [
                    1581.7616580310882, 
                    223.8341968911917
                ], 
                [
                    1620.9326424870467, 
                    235.0259067357513
                ], 
                [
                    1650.777202072539, 
                    214.50777202072538
                ], 
                [
                    1675.0259067357513, 
                    249.94818652849742
                ], 
                [
                    1729.119170984456, 
                    251.8134715025907
                ], 
                [
                    1794.4041450777202, 
                    253.67875647668396
                ], 
                [
                    1835.4404145077722, 
                    259.2746113989637
                ], 
                [
                    1773.8860103626944, 
                    279.79274611398966
                ], 
                [
                    1712.3316062176166, 
                    285.38860103626945
                ], 
                [
                    1712.3316062176166, 
                    305.90673575129534
                ], 
                [
                    1730.9844559585492, 
                    326.42487046632124
                ], 
                [
                    1663.8341968911918, 
                    339.4818652849741
                ], 
                [
                    1667.5647668393783, 
                    371.1917098445596
                ], 
                [
                    1626.5284974093265, 
                    397.3056994818653
                ], 
                [
                    1544.455958549223, 
                    451.39896373056996
                ], 
                [
                    1469.8445595854923, 
                    440.2072538860104
                ], 
                [
                    1333.678756476684, 
                    432.7461139896373
                ], 
                [
                    1264.6632124352332, 
                    380.5181347150259
                ], 
                [
                    1344.8704663212436, 
                    358.13471502590676
                ], 
                [
                    1531.39896373057, 
                    369.3264248704663
                ], 
                [
                    1546.321243523316, 
                    317.0984455958549
                ], 
                [
                    1553.7823834196893, 
                    272.3316062176166
                ]
            ], 
            "user": "daid", 
            "verified": 0
        }, 
        {
            "date": "15-Nov-2018 19:59:18", 
            "deleted": 0, 
            "draw": true, 
            "id": 20, 
            "label": "vegetation", 
            "polygon": [
                [
                    1703.0051813471503, 
                    386.11398963730574
                ], 
                [
                    1744.041450777202, 
                    382.3834196891192
                ], 
                [
                    1786.9430051813472, 
                    378.65284974093265
                ], 
                [
                    1816.7875647668395, 
                    378.65284974093265
                ], 
                [
                    1826.1139896373058, 
                    343.21243523316065
                ], 
                [
                    1805.5958549222798, 
                    318.9637305699482
                ], 
                [
                    1826.1139896373058, 
                    309.6373056994819
                ], 
                [
                    1876.476683937824, 
                    307.7720207253886
                ], 
                [
                    1906.321243523316, 
                    302.1761658031088
                ], 
                [
                    1874.6113989637306, 
                    350.6735751295337
                ], 
                [
                    1859.6891191709844, 
                    358.13471502590676
                ], 
                [
                    1859.6891191709844, 
                    369.3264248704663
                ], 
                [
                    1859.6891191709844, 
                    369.3264248704663
                ], 
                [
                    1908.1865284974094, 
                    373.05699481865287
                ], 
                [
                    1919.0, 
                    360.0
                ], 
                [
                    1917.5129533678758, 
                    499.89637305699483
                ], 
                [
                    1874.6113989637306, 
                    498.0310880829016
                ], 
                [
                    1758.9637305699482, 
                    494.30051813471505
                ], 
                [
                    1704.8704663212436, 
                    492.4352331606218
                ]
            ], 
            "user": "daid", 
            "verified": 0
        }, 
        {
            "date": "15-Nov-2018 20:24:56", 
            "deleted": 0, 
            "draw": true, 
            "id": 21, 
            "label": "building", 
            "polygon": [
                [
                    831.9170984455959, 
                    369.3264248704663
                ], 
                [
                    915.8549222797927, 
                    371.1917098445596
                ], 
                [
                    968.0829015544042, 
                    369.3264248704663
                ], 
                [
                    1014.7150259067358, 
                    363.73056994818654
                ], 
                [
                    1052.020725388601, 
                    352.538860103627
                ], 
                [
                    1050.155440414508, 
                    337.61658031088086
                ], 
                [
                    1096.7875647668395, 
                    339.4818652849741
                ], 
                [
                    1121.0362694300518, 
                    343.21243523316065
                ], 
                [
                    1119.1709844559587, 
                    356.26943005181346
                ], 
                [
                    1169.5336787564768, 
                    354.4041450777202
                ], 
                [
                    1227.3575129533679, 
                    354.4041450777202
                ], 
                [
                    1255.3367875647668, 
                    356.26943005181346
                ], 
                [
                    1259.0673575129533, 
                    374.9222797927461
                ], 
                [
                    1273.9896373056995, 
                    397.3056994818653
                ], 
                [
                    1300.103626943005, 
                    408.4974093264249
                ], 
                [
                    1301.9689119170985, 
                    451.39896373056996
                ], 
                [
                    1216.1658031088084, 
                    451.39896373056996
                ], 
                [
                    1176.9948186528497, 
                    453.2642487046632
                ], 
                [
                    1165.8031088082903, 
                    449.5336787564767
                ], 
                [
                    1165.8031088082903, 
                    406.63212435233163
                ], 
                [
                    1160.2072538860104, 
                    387.979274611399
                ], 
                [
                    1113.5751295336788, 
                    393.57512953367876
                ], 
                [
                    1096.7875647668395, 
                    397.3056994818653
                ], 
                [
                    1100.518134715026, 
                    466.32124352331607
                ], 
                [
                    1038.9637305699482, 
                    466.32124352331607
                ], 
                [
                    871.0880829015545, 
                    483.1088082901555
                ], 
                [
                    826.3212435233161, 
                    484.9740932642487
                ]
            ], 
            "user": "daid", 
            "verified": 0
        }
    ]
}