{
    "imgHeight": 1080, 
    "imgWidth": 1920, 
    "objects": [
        {
            "date": "09-Apr-2018 20:51:45", 
            "deleted": 0, 
            "draw": true, 
            "id": 0, 
            "label": "car", 
            "polygon": [
                [
                    861.4065180102915, 
                    766.9296740994854
                ], 
                [
                    885.4888507718696, 
                    768.7821612349913
                ], 
                [
                    891.0463121783876, 
                    752.1097770154373
                ], 
                [
                    907.7186963979416, 
                    744.6998284734133
                ], 
                [
                    1087.4099485420238, 
                    742.8473413379073
                ], 
                [
                    1091.114922813036, 
                    742.8473413379073
                ], 
                [
                    1091.114922813036, 
                    766.9296740994854
                ], 
                [
                    1122.607204116638, 
                    768.7821612349913
                ], 
                [
                    1128.164665523156, 
                    733.5849056603773
                ], 
                [
                    1139.279588336192, 
                    679.8627787307032
                ], 
                [
                    1131.869639794168, 
                    633.5506003430531
                ], 
                [
                    1115.197255574614, 
                    611.3207547169811
                ], 
                [
                    1104.0823327615778, 
                    570.566037735849
                ], 
                [
                    1074.442538593482, 
                    540.926243567753
                ], 
                [
                    1055.917667238422, 
                    535.368782161235
                ], 
                [
                    1015.1629502572898, 
                    535.368782161235
                ], 
                [
                    950.3259005145796, 
                    535.368782161235
                ], 
                [
                    915.1286449399656, 
                    533.5162950257289
                ], 
                [
                    900.3087478559175, 
                    559.451114922813
                ], 
                [
                    892.8987993138936, 
                    577.9759862778731
                ], 
                [
                    878.0789022298455, 
                    577.9759862778731
                ], 
                [
                    876.2264150943396, 
                    577.9759862778731
                ], 
                [
                    868.8164665523155, 
                    585.385934819897
                ], 
                [
                    874.3739279588335, 
                    594.6483704974271
                ], 
                [
                    870.6689536878215, 
                    603.9108061749571
                ], 
                [
                    865.1114922813035, 
                    609.4682675814751
                ], 
                [
                    853.9965694682675, 
                    624.2881646655231
                ], 
                [
                    848.4391080617495, 
                    629.8456260720411
                ], 
                [
                    842.8816466552315, 
                    633.5506003430531
                ], 
                [
                    841.0291595197255, 
                    653.9279588336192
                ], 
                [
                    842.8816466552315, 
                    670.6003430531732
                ], 
                [
                    848.4391080617495, 
                    685.4202401372212
                ], 
                [
                    852.1440823327615, 
                    715.0600343053172
                ], 
                [
                    855.8490566037735, 
                    735.4373927958833
                ]
            ], 
            "user": "daid", 
            "verified": 0
        }, 
        {
            "date": "09-Apr-2018 20:52:47", 
            "deleted": 0, 
            "draw": true, 
            "id": 1, 
            "label": "car", 
            "polygon": [
                [
                    739.1423670668953, 
                    755.8147512864493
                ], 
                [
                    759.5197255574614, 
                    742.8473413379073
                ], 
                [
                    766.9296740994854, 
                    720.6174957118353
                ], 
                [
                    766.9296740994854, 
                    696.5351629502572
                ], 
                [
                    798.4219554030874, 
                    672.4528301886792
                ], 
                [
                    803.9794168096054, 
                    690.9777015437393
                ], 
                [
                    813.2418524871355, 
                    698.3876500857632
                ], 
                [
                    824.3567753001714, 
                    687.2727272727273
                ], 
                [
                    831.7667238421955, 
                    659.4854202401372
                ], 
                [
                    829.9142367066895, 
                    624.2881646655231
                ], 
                [
                    826.2092624356775, 
                    587.238421955403
                ], 
                [
                    809.5368782161235, 
                    553.893653516295
                ], 
                [
                    778.0445969125213, 
                    514.991423670669
                ], 
                [
                    742.8473413379073, 
                    507.5814751286449
                ], 
                [
                    676.1578044596912, 
                    502.0240137221269
                ], 
                [
                    618.730703259005, 
                    503.8765008576329
                ], 
                [
                    587.238421955403, 
                    511.28644939965693
                ], 
                [
                    553.893653516295, 
                    555.7461406518009
                ], 
                [
                    544.631217838765, 
                    565.008576329331
                ], 
                [
                    472.38421955403084, 
                    600.2058319039451
                ], 
                [
                    448.3018867924528, 
                    615.025728987993
                ], 
                [
                    435.33447684391075, 
                    627.9931389365352
                ], 
                [
                    424.21955403087475, 
                    644.6655231560892
                ], 
                [
                    422.36706689536874, 
                    668.7478559176672
                ], 
                [
                    422.36706689536874, 
                    692.8301886792452
                ], 
                [
                    422.36706689536874, 
                    707.6500857632933
                ], 
                [
                    435.33447684391075, 
                    720.6174957118353
                ], 
                [
                    442.7444253859348, 
                    744.6998284734133
                ], 
                [
                    444.5969125214408, 
                    752.1097770154373
                ], 
                [
                    487.20411663807886, 
                    750.2572898799314
                ], 
                [
                    535.368782161235, 
                    742.8473413379073
                ], 
                [
                    579.828473413379, 
                    744.6998284734133
                ], 
                [
                    626.1406518010291, 
                    739.1423670668953
                ], 
                [
                    646.5180102915951, 
                    755.8147512864493
                ], 
                [
                    678.0102915951971, 
                    757.6672384219553
                ], 
                [
                    718.7650085763293, 
                    757.6672384219553
                ]
            ], 
            "user": "daid", 
            "verified": 0
        }, 
        {
            "date": "09-Apr-2018 20:56:13", 
            "deleted": 0, 
            "draw": true, 
            "id": 2, 
            "label": "road", 
            "polygon": [
                [
                    1137.427101200686, 
                    692.8301886792452
                ], 
                [
                    1448.6449399656947, 
                    1009.6054888507717
                ], 
                [
                    1417.1526586620926, 
                    1004.0480274442538
                ], 
                [
                    1380.1029159519724, 
                    998.4905660377358
                ], 
                [
                    1337.4957118353343, 
                    992.9331046312177
                ], 
                [
                    1261.5437392795882, 
                    989.2281303602058
                ], 
                [
                    1185.591766723842, 
                    981.8181818181818
                ], 
                [
                    1146.6895368782161, 
                    981.8181818181818
                ], 
                [
                    1111.4922813036019, 
                    979.9656946826757
                ], 
                [
                    1057.7701543739279, 
                    979.9656946826757
                ], 
                [
                    991.0806174957117, 
                    979.9656946826757
                ], 
                [
                    928.0960548885076, 
                    979.9656946826757
                ], 
                [
                    868.8164665523155, 
                    981.8181818181818
                ], 
                [
                    813.2418524871355, 
                    983.6706689536877
                ], 
                [
                    755.8147512864493, 
                    985.5231560891938
                ], 
                [
                    696.5351629502572, 
                    991.0806174957117
                ], 
                [
                    639.1080617495711, 
                    992.9331046312177
                ], 
                [
                    602.058319039451, 
                    992.9331046312177
                ], 
                [
                    570.566037735849, 
                    1002.1955403087478
                ], 
                [
                    539.0737564322469, 
                    1011.4579759862778
                ], 
                [
                    502.0240137221269, 
                    1026.2778730703258
                ], 
                [
                    439.03945111492277, 
                    1052.2126929674098
                ], 
                [
                    381.6123499142367, 
                    1078.1475128644938
                ], 
                [
                    0.0, 
                    1079.0
                ], 
                [
                    0.0, 
                    922.5385934819897
                ], 
                [
                    429.7770154373928, 
                    746.5523156089193
                ], 
                [
                    479.7941680960549, 
                    748.4048027444253
                ], 
                [
                    585.385934819897, 
                    750.2572898799314
                ], 
                [
                    683.5677530017152, 
                    744.6998284734133
                ], 
                [
                    698.3876500857632, 
                    744.6998284734133
                ], 
                [
                    705.7975986277872, 
                    750.2572898799314
                ], 
                [
                    709.5025728987993, 
                    757.6672384219553
                ], 
                [
                    739.1423670668953, 
                    761.3722126929673
                ], 
                [
                    765.0771869639793, 
                    742.8473413379073
                ], 
                [
                    772.4871355060034, 
                    698.3876500857632
                ], 
                [
                    792.8644939965694, 
                    679.8627787307032
                ], 
                [
                    796.5694682675814, 
                    698.3876500857632
                ], 
                [
                    820.6518010291594, 
                    698.3876500857632
                ], 
                [
                    828.0617495711834, 
                    681.7152658662092
                ], 
                [
                    829.9142367066895, 
                    665.0428816466551
                ], 
                [
                    837.3241852487134, 
                    666.8953687821612
                ], 
                [
                    842.8816466552315, 
                    692.8301886792452
                ], 
                [
                    850.2915951972556, 
                    716.9125214408233
                ], 
                [
                    861.4065180102915, 
                    740.9948542024013
                ], 
                [
                    866.9639794168095, 
                    746.5523156089193
                ], 
                [
                    868.8164665523155, 
                    752.1097770154373
                ], 
                [
                    909.5711835334477, 
                    759.5197255574614
                ], 
                [
                    922.5385934819897, 
                    746.5523156089193
                ], 
                [
                    933.6535162950256, 
                    742.8473413379073
                ], 
                [
                    985.5231560891938, 
                    742.8473413379073
                ], 
                [
                    1035.5403087478558, 
                    742.8473413379073
                ], 
                [
                    1076.2950257289879, 
                    742.8473413379073
                ], 
                [
                    1091.114922813036, 
                    744.6998284734133
                ], 
                [
                    1096.672384219554, 
                    746.5523156089193
                ], 
                [
                    1098.52487135506, 
                    772.4871355060034
                ], 
                [
                    1122.607204116638, 
                    774.3396226415093
                ], 
                [
                    1133.722126929674, 
                    731.7324185248713
                ]
            ], 
            "user": "daid", 
            "verified": 0
        }, 
        {
            "date": "09-Apr-2018 20:57:12", 
            "deleted": 0, 
            "draw": true, 
            "id": 3, 
            "label": "sidewalk", 
            "polygon": [
                [
                    1.8524871355060033, 
                    896.6037735849056
                ], 
                [
                    431.6295025728988, 
                    735.4373927958833
                ], 
                [
                    424.21955403087475, 
                    707.6500857632933
                ], 
                [
                    420.5145797598627, 
                    666.8953687821612
                ], 
                [
                    422.36706689536874, 
                    639.1080617495711
                ], 
                [
                    426.07204116638076, 
                    611.3207547169811
                ], 
                [
                    422.36706689536874, 
                    594.6483704974271
                ], 
                [
                    418.6620926243567, 
                    568.713550600343
                ], 
                [
                    411.25214408233273, 
                    596.500857632933
                ], 
                [
                    403.8421955403087, 
                    609.4682675814751
                ], 
                [
                    396.4322469982847, 
                    620.5831903945111
                ], 
                [
                    396.4322469982847, 
                    648.3704974271011
                ], 
                [
                    398.2847341337907, 
                    672.4528301886792
                ], 
                [
                    374.20240137221265, 
                    683.5677530017152
                ], 
                [
                    357.5300171526586, 
                    683.5677530017152
                ], 
                [
                    361.23499142367064, 
                    637.2555746140652
                ], 
                [
                    329.7427101200686, 
                    661.3379073756432
                ], 
                [
                    311.21783876500854, 
                    672.4528301886792
                ], 
                [
                    240.8233276157804, 
                    694.6826758147512
                ], 
                [
                    238.97084048027443, 
                    703.9451114922813
                ], 
                [
                    188.95368782161233, 
                    716.9125214408233
                ], 
                [
                    138.93653516295024, 
                    713.2075471698113
                ], 
                [
                    0.0, 
                    742.8473413379073
                ]
            ], 
            "user": "daid", 
            "verified": 0
        }, 
        {
            "date": "09-Apr-2018 20:58:24", 
            "deleted": 0, 
            "draw": true, 
            "id": 4, 
            "label": "sidewalk", 
            "polygon": [
                [
                    1454.2024013722125, 
                    1007.7530017152658
                ], 
                [
                    1548.6792452830186, 
                    1041.0977701543738
                ], 
                [
                    1585.7289879931388, 
                    1052.2126929674098
                ], 
                [
                    1645.008576329331, 
                    1078.1475128644938
                ], 
                [
                    1919.0, 
                    1079.0
                ], 
                [
                    1919.0, 
                    879.9313893653516
                ], 
                [
                    1559.7941680960548, 
                    739.1423670668953
                ], 
                [
                    1491.2521440823327, 
                    720.6174957118353
                ], 
                [
                    1476.4322469982847, 
                    713.2075471698113
                ], 
                [
                    1481.9897084048025, 
                    694.6826758147512
                ], 
                [
                    1511.6295025728987, 
                    685.4202401372212
                ], 
                [
                    1565.3516295025727, 
                    672.4528301886792
                ], 
                [
                    1528.3018867924527, 
                    622.4356775300171
                ], 
                [
                    1483.8421955403087, 
                    627.9931389365352
                ], 
                [
                    1343.0531732418524, 
                    624.2881646655231
                ], 
                [
                    1228.1989708404801, 
                    626.1406518010291
                ], 
                [
                    1148.542024013722, 
                    624.2881646655231
                ], 
                [
                    1124.459691252144, 
                    624.2881646655231
                ], 
                [
                    1142.984562607204, 
                    670.6003430531732
                ], 
                [
                    1146.6895368782161, 
                    692.8301886792452
                ]
            ], 
            "user": "daid", 
            "verified": 0
        }, 
        {
            "date": "09-Apr-2018 20:58:46", 
            "deleted": 0, 
            "draw": true, 
            "id": 5, 
            "label": "traffic light", 
            "polygon": [
                [
                    1183.739279588336, 
                    400.13722126929673
                ], 
                [
                    1226.3464837049742, 
                    396.4322469982847
                ], 
                [
                    1226.3464837049742, 
                    468.6792452830188
                ], 
                [
                    1193.001715265866, 
                    468.6792452830188
                ]
            ], 
            "user": "daid", 
            "verified": 0
        }, 
        {
            "date": "09-Apr-2018 20:59:09", 
            "deleted": 0, 
            "draw": true, 
            "id": 6, 
            "label": "traffic light", 
            "polygon": [
                [
                    583.533447684391, 
                    457.5643224699828
                ], 
                [
                    615.025728987993, 
                    463.12178387650084
                ], 
                [
                    615.025728987993, 
                    400.13722126929673
                ], 
                [
                    592.795883361921, 
                    394.5797598627787
                ], 
                [
                    581.6809605488851, 
                    396.4322469982847
                ], 
                [
                    576.123499142367, 
                    398.2847341337907
                ]
            ], 
            "user": "daid", 
            "verified": 0
        }, 
        {
            "date": "09-Apr-2018 20:59:29", 
            "deleted": 0, 
            "draw": true, 
            "id": 7, 
            "label": "traffic light", 
            "polygon": [
                [
                    1331.9382504288164, 
                    540.926243567753
                ], 
                [
                    1348.6106346483705, 
                    542.7787307032589
                ], 
                [
                    1344.9056603773583, 
                    514.991423670669
                ], 
                [
                    1328.2332761578043, 
                    516.8439108061749
                ]
            ], 
            "user": "daid", 
            "verified": 0
        }, 
        {
            "date": "09-Apr-2018 20:59:40", 
            "deleted": 0, 
            "draw": true, 
            "id": 8, 
            "label": "traffic light", 
            "polygon": [
                [
                    1374.5454545454545, 
                    531.663807890223
                ], 
                [
                    1387.5128644939964, 
                    531.663807890223
                ], 
                [
                    1391.2178387650085, 
                    494.6140651801029
                ], 
                [
                    1376.3979416809605, 
                    490.9090909090909
                ], 
                [
                    1370.8404802744424, 
                    490.9090909090909
                ]
            ], 
            "user": "daid", 
            "verified": 0
        }, 
        {
            "date": "09-Apr-2018 21:00:20", 
            "deleted": 0, 
            "draw": true, 
            "id": 9, 
            "label": "person", 
            "polygon": [
                [
                    377.90737564322467, 
                    483.49914236706684
                ], 
                [
                    364.93996569468266, 
                    507.5814751286449
                ], 
                [
                    351.97255574614064, 
                    516.8439108061749
                ], 
                [
                    342.7101200686106, 
                    566.861063464837
                ], 
                [
                    344.5626072041166, 
                    596.500857632933
                ], 
                [
                    350.12006861063463, 
                    622.4356775300171
                ], 
                [
                    355.6775300171526, 
                    624.2881646655231
                ], 
                [
                    357.5300171526586, 
                    661.3379073756432
                ], 
                [
                    357.5300171526586, 
                    681.7152658662092
                ], 
                [
                    376.05488850771866, 
                    678.0102915951971
                ], 
                [
                    387.16981132075466, 
                    668.7478559176672
                ], 
                [
                    398.2847341337907, 
                    663.1903945111492
                ], 
                [
                    403.8421955403087, 
                    618.730703259005
                ], 
                [
                    405.6946826758147, 
                    587.238421955403
                ], 
                [
                    411.25214408233273, 
                    565.008576329331
                ], 
                [
                    411.25214408233273, 
                    522.4013722126929
                ], 
                [
                    401.9897084048027, 
                    507.5814751286449
                ], 
                [
                    385.3173241852487, 
                    481.6466552315608
                ]
            ], 
            "user": "daid", 
            "verified": 0
        }, 
        {
            "date": "09-Apr-2018 21:00:50", 
            "deleted": 0, 
            "draw": true, 
            "id": 10, 
            "label": "person", 
            "polygon": [
                [
                    435.33447684391075, 
                    487.20411663807886
                ], 
                [
                    466.8267581475128, 
                    503.8765008576329
                ], 
                [
                    472.38421955403084, 
                    513.1389365351629
                ], 
                [
                    476.08919382504286, 
                    546.483704974271
                ], 
                [
                    479.7941680960549, 
                    572.418524871355
                ], 
                [
                    476.08919382504286, 
                    579.828473413379
                ], 
                [
                    470.5317324185248, 
                    592.795883361921
                ], 
                [
                    431.6295025728988, 
                    620.5831903945111
                ], 
                [
                    426.07204116638076, 
                    596.500857632933
                ], 
                [
                    420.5145797598627, 
                    590.9433962264151
                ], 
                [
                    420.5145797598627, 
                    572.418524871355
                ], 
                [
                    416.80960548885076, 
                    566.861063464837
                ], 
                [
                    416.80960548885076, 
                    516.8439108061749
                ], 
                [
                    413.10463121783874, 
                    496.46655231560885
                ], 
                [
                    422.36706689536874, 
                    477.94168096054887
                ], 
                [
                    437.18696397941676, 
                    479.7941680960549
                ]
            ], 
            "user": "daid", 
            "verified": 0
        }, 
        {
            "date": "09-Apr-2018 21:01:12", 
            "deleted": 0, 
            "draw": true, 
            "id": 11, 
            "label": "traffic light", 
            "polygon": [
                [
                    533.5162950257289, 
                    448.3018867924528
                ], 
                [
                    531.663807890223, 
                    472.38421955403084
                ], 
                [
                    529.8113207547169, 
                    483.49914236706684
                ], 
                [
                    550.188679245283, 
                    485.35162950257285
                ], 
                [
                    557.598627787307, 
                    485.35162950257285
                ], 
                [
                    557.598627787307, 
                    446.4493996569468
                ], 
                [
                    542.7787307032589, 
                    442.7444253859348
                ]
            ], 
            "user": "daid", 
            "verified": 0
        }, 
        {
            "date": "09-Apr-2018 21:01:42", 
            "deleted": 0, 
            "draw": true, 
            "id": 12, 
            "label": "vegetation", 
            "polygon": [
                [
                    1496.8096054888506, 
                    718.7650085763293
                ], 
                [
                    1919.0, 
                    870.6689536878215
                ], 
                [
                    1919.0, 
                    646.5180102915951
                ], 
                [
                    1882.1269296740993, 
                    646.5180102915951
                ], 
                [
                    1795.0600343053172, 
                    646.5180102915951
                ], 
                [
                    1726.5180102915951, 
                    648.3704974271011
                ], 
                [
                    1645.008576329331, 
                    663.1903945111492
                ], 
                [
                    1565.3516295025727, 
                    678.0102915951971
                ], 
                [
                    1520.8919382504287, 
                    685.4202401372212
                ], 
                [
                    1493.1046312178387, 
                    698.3876500857632
                ], 
                [
                    1485.6946826758146, 
                    709.5025728987993
                ]
            ], 
            "user": "daid", 
            "verified": 0
        }, 
        {
            "date": "09-Apr-2018 21:02:06", 
            "deleted": 0, 
            "draw": true, 
            "id": 13, 
            "label": "pole", 
            "polygon": [
                [
                    1198.5591766723842, 
                    470.5317324185248
                ], 
                [
                    1200.4116638078901, 
                    620.5831903945111
                ], 
                [
                    1218.9365351629501, 
                    624.2881646655231
                ], 
                [
                    1211.526586620926, 
                    470.5317324185248
                ]
            ], 
            "user": "daid", 
            "verified": 0
        }, 
        {
            "date": "09-Apr-2018 21:02:30", 
            "deleted": 0, 
            "draw": true, 
            "id": 14, 
            "label": "pole", 
            "polygon": [
                [
                    1339.3481989708405, 
                    544.631217838765
                ], 
                [
                    1339.3481989708405, 
                    611.3207547169811
                ], 
                [
                    1352.3156089193824, 
                    611.3207547169811
                ], 
                [
                    1346.7581475128643, 
                    546.483704974271
                ]
            ], 
            "user": "daid", 
            "verified": 0
        }, 
        {
            "date": "09-Apr-2018 21:02:48", 
            "deleted": 0, 
            "draw": true, 
            "id": 15, 
            "label": "pole", 
            "polygon": [
                [
                    1374.5454545454545, 
                    533.5162950257289
                ], 
                [
                    1380.1029159519724, 
                    609.4682675814751
                ], 
                [
                    1391.2178387650085, 
                    609.4682675814751
                ], 
                [
                    1383.8078902229845, 
                    529.8113207547169
                ]
            ], 
            "user": "daid", 
            "verified": 0
        }, 
        {
            "date": "09-Apr-2018 21:03:21", 
            "deleted": 0, 
            "draw": true, 
            "id": 16, 
            "label": "pole", 
            "polygon": [
                [
                    1509.7770154373927, 
                    196.36363636363635
                ], 
                [
                    1520.8919382504287, 
                    631.6981132075471
                ], 
                [
                    1537.5643224699827, 
                    631.6981132075471
                ], 
                [
                    1526.4493996569468, 
                    201.92109777015435
                ]
            ], 
            "user": "daid", 
            "verified": 0
        }, 
        {
            "date": "09-Apr-2018 21:03:53", 
            "deleted": 0, 
            "draw": true, 
            "id": 17, 
            "label": "pole", 
            "polygon": [
                [
                    1537.5643224699827, 
                    48.16466552315609
                ], 
                [
                    1563.4991423670667, 
                    674.3053173241852
                ], 
                [
                    1583.876500857633, 
                    674.3053173241852
                ], 
                [
                    1580.1715265866208, 
                    627.9931389365352
                ], 
                [
                    1552.3842195540308, 
                    122.26415094339622
                ], 
                [
                    1544.9742710120067, 
                    46.31217838765008
                ], 
                [
                    1539.4168096054887, 
                    44.459691252144076
                ]
            ], 
            "user": "daid", 
            "verified": 0
        }, 
        {
            "date": "09-Apr-2018 21:04:20", 
            "deleted": 0, 
            "draw": true, 
            "id": 18, 
            "label": "road", 
            "polygon": [
                [
                    1118.902229845626, 
                    592.795883361921
                ], 
                [
                    1124.459691252144, 
                    618.730703259005
                ], 
                [
                    1196.7066895368782, 
                    620.5831903945111
                ], 
                [
                    1189.2967409948542, 
                    603.9108061749571
                ], 
                [
                    1161.509433962264, 
                    600.2058319039451
                ], 
                [
                    1139.279588336192, 
                    598.3533447684391
                ]
            ], 
            "user": "daid", 
            "verified": 0
        }, 
        {
            "date": "09-Apr-2018 21:04:52", 
            "deleted": 0, 
            "draw": true, 
            "id": 19, 
            "label": "road", 
            "polygon": [
                [
                    1215.2315608919382, 
                    600.2058319039451
                ], 
                [
                    1302.2984562607203, 
                    602.058319039451
                ], 
                [
                    1335.6432246998284, 
                    602.058319039451
                ], 
                [
                    1344.9056603773583, 
                    605.763293310463
                ], 
                [
                    1376.3979416809605, 
                    603.9108061749571
                ], 
                [
                    1381.9554030874785, 
                    607.6157804459691
                ], 
                [
                    1409.7427101200685, 
                    607.6157804459691
                ], 
                [
                    1469.0222984562606, 
                    611.3207547169811
                ], 
                [
                    1478.2847341337906, 
                    611.3207547169811
                ], 
                [
                    1504.2195540308746, 
                    618.730703259005
                ], 
                [
                    1519.0394511149227, 
                    618.730703259005
                ], 
                [
                    1520.8919382504287, 
                    622.4356775300171
                ], 
                [
                    1474.5797598627787, 
                    624.2881646655231
                ], 
                [
                    1400.4802744425385, 
                    622.4356775300171
                ], 
                [
                    1330.0857632933103, 
                    624.2881646655231
                ], 
                [
                    1211.526586620926, 
                    622.4356775300171
                ]
            ], 
            "user": "daid", 
            "verified": 0
        }, 
        {
            "date": "09-Apr-2018 21:05:22", 
            "deleted": 0, 
            "draw": true, 
            "id": 20, 
            "label": "bicycle", 
            "polygon": [
                [
                    1504.2195540308746, 
                    583.533447684391
                ], 
                [
                    1491.2521440823327, 
                    598.3533447684391
                ], 
                [
                    1481.9897084048025, 
                    611.3207547169811
                ], 
                [
                    1500.5145797598627, 
                    618.730703259005
                ], 
                [
                    1520.8919382504287, 
                    615.025728987993
                ], 
                [
                    1548.6792452830186, 
                    613.1732418524871
                ], 
                [
                    1559.7941680960548, 
                    611.3207547169811
                ], 
                [
                    1552.3842195540308, 
                    585.385934819897
                ], 
                [
                    1524.5969125214408, 
                    590.9433962264151
                ]
            ], 
            "user": "daid", 
            "verified": 0
        }, 
        {
            "date": "09-Apr-2018 21:05:43", 
            "deleted": 0, 
            "draw": true, 
            "id": 21, 
            "label": "car", 
            "polygon": [
                [
                    1576.4665523156089, 
                    581.6809605488851
                ], 
                [
                    1604.2538593481988, 
                    576.123499142367
                ], 
                [
                    1648.7135506003428, 
                    565.008576329331
                ], 
                [
                    1674.6483704974269, 
                    563.156089193825
                ], 
                [
                    1717.2555746140652, 
                    566.861063464837
                ], 
                [
                    1730.222984562607, 
                    596.500857632933
                ], 
                [
                    1719.108061749571, 
                    609.4682675814751
                ], 
                [
                    1672.795883361921, 
                    615.025728987993
                ], 
                [
                    1626.483704974271, 
                    615.025728987993
                ], 
                [
                    1591.286449399657, 
                    615.025728987993
                ], 
                [
                    1574.614065180103, 
                    613.1732418524871
                ]
            ], 
            "user": "daid", 
            "verified": 0
        }, 
        {
            "date": "09-Apr-2018 21:06:06", 
            "deleted": 0, 
            "draw": true, 
            "id": 22, 
            "label": "pole", 
            "polygon": [
                [
                    1600.548885077187, 
                    414.95711835334475
                ], 
                [
                    1607.9588336192107, 
                    613.1732418524871
                ], 
                [
                    1622.7787307032588, 
                    616.8782161234991
                ], 
                [
                    1617.221269296741, 
                    420.5145797598627
                ], 
                [
                    1606.1063464837048, 
                    405.6946826758147
                ]
            ], 
            "user": "daid", 
            "verified": 0
        }, 
        {
            "date": "09-Apr-2018 21:06:28", 
            "deleted": 0, 
            "draw": true, 
            "id": 23, 
            "label": "pole", 
            "polygon": [
                [
                    1391.2178387650085, 
                    363.08747855917665
                ], 
                [
                    1400.4802744425385, 
                    611.3207547169811
                ], 
                [
                    1413.4476843910804, 
                    611.3207547169811
                ], 
                [
                    1411.5951972555745, 
                    440.8919382504288
                ], 
                [
                    1407.8902229845626, 
                    353.82504288164665
                ], 
                [
                    1393.0703259005145, 
                    353.82504288164665
                ]
            ], 
            "user": "daid", 
            "verified": 0
        }, 
        {
            "date": "09-Apr-2018 21:06:54", 
            "deleted": 0, 
            "draw": true, 
            "id": 24, 
            "label": "pole", 
            "polygon": [
                [
                    1159.656946826758, 
                    496.46655231560885
                ], 
                [
                    1159.656946826758, 
                    527.958833619211
                ], 
                [
                    1167.066895368782, 
                    540.926243567753
                ], 
                [
                    1167.066895368782, 
                    596.500857632933
                ], 
                [
                    1181.8867924528302, 
                    596.500857632933
                ], 
                [
                    1181.8867924528302, 
                    527.958833619211
                ], 
                [
                    1174.476843910806, 
                    492.7615780445969
                ]
            ], 
            "user": "daid", 
            "verified": 0
        }, 
        {
            "date": "09-Apr-2018 21:07:22", 
            "deleted": 0, 
            "draw": true, 
            "id": 25, 
            "label": "bicycle", 
            "polygon": [
                [
                    1161.509433962264, 
                    600.2058319039451
                ], 
                [
                    1200.4116638078901, 
                    603.9108061749571
                ], 
                [
                    1207.8216123499142, 
                    583.533447684391
                ], 
                [
                    1207.8216123499142, 
                    568.713550600343
                ], 
                [
                    1189.2967409948542, 
                    561.303602058319
                ], 
                [
                    1187.444253859348, 
                    570.566037735849
                ], 
                [
                    1181.8867924528302, 
                    577.9759862778731
                ], 
                [
                    1163.3619210977702, 
                    577.9759862778731
                ], 
                [
                    1157.804459691252, 
                    581.6809605488851
                ]
            ], 
            "user": "daid", 
            "verified": 0
        }, 
        {
            "date": "09-Apr-2018 21:07:46", 
            "deleted": 0, 
            "draw": true, 
            "id": 26, 
            "label": "person", 
            "polygon": [
                [
                    1124.459691252144, 
                    552.0411663807889
                ], 
                [
                    1122.607204116638, 
                    561.303602058319
                ], 
                [
                    1118.902229845626, 
                    570.566037735849
                ], 
                [
                    1120.7547169811319, 
                    587.238421955403
                ], 
                [
                    1126.31217838765, 
                    592.795883361921
                ], 
                [
                    1137.427101200686, 
                    592.795883361921
                ], 
                [
                    1137.427101200686, 
                    570.566037735849
                ], 
                [
                    1135.57461406518, 
                    553.893653516295
                ], 
                [
                    1126.31217838765, 
                    548.336192109777
                ]
            ], 
            "user": "daid", 
            "verified": 0
        }, 
        {
            "date": "09-Apr-2018 21:07:58", 
            "deleted": 0, 
            "draw": true, 
            "id": 27, 
            "label": "person", 
            "polygon": [
                [
                    1217.0840480274442, 
                    544.631217838765
                ], 
                [
                    1224.4939965694682, 
                    553.893653516295
                ], 
                [
                    1224.4939965694682, 
                    570.566037735849
                ], 
                [
                    1224.4939965694682, 
                    590.9433962264151
                ], 
                [
                    1213.3790737564323, 
                    590.9433962264151
                ], 
                [
                    1207.8216123499142, 
                    566.861063464837
                ], 
                [
                    1209.6740994854201, 
                    552.0411663807889
                ]
            ], 
            "user": "daid", 
            "verified": 0
        }, 
        {
            "date": "09-Apr-2018 21:08:49", 
            "deleted": 0, 
            "draw": true, 
            "id": 28, 
            "label": "wall", 
            "polygon": [
                [
                    5.5574614065180095, 
                    368.6449399656947
                ], 
                [
                    320.4802744425386, 
                    403.8421955403087
                ], 
                [
                    318.6277873070326, 
                    413.10463121783874
                ], 
                [
                    301.95540308747854, 
                    414.95711835334475
                ], 
                [
                    309.3653516295025, 
                    681.7152658662092
                ], 
                [
                    237.11835334476842, 
                    698.3876500857632
                ], 
                [
                    227.8559176672384, 
                    703.9451114922813
                ], 
                [
                    190.80617495711834, 
                    715.0600343053172
                ], 
                [
                    142.64150943396226, 
                    715.0600343053172
                ], 
                [
                    0.0, 
                    744.6998284734133
                ], 
                [
                    0.0, 
                    372.34991423670664
                ]
            ], 
            "user": "daid", 
            "verified": 0
        }
    ]
}