{
    "imgHeight": 480, 
    "imgWidth": 854, 
    "objects": [
        {
            "date": "09-Apr-2018 21:10:34", 
            "deleted": 0, 
            "draw": true, 
            "id": 0, 
            "label": "bicycle", 
            "polygon": [
                [
                    686.6552315608919, 
                    336.74099485420237
                ], 
                [
                    698.1818181818181, 
                    336.74099485420237
                ], 
                [
                    702.2984562607204, 
                    326.86106346483706
                ], 
                [
                    713.0017152658662, 
                    329.3310463121784
                ], 
                [
                    715.4716981132076, 
                    340.85763293310464
                ], 
                [
                    719.5883361921098, 
                    347.4442538593482
                ], 
                [
                    730.2915951972556, 
                    355.67753001715266
                ], 
                [
                    738.52487135506, 
                    357.32418524871355
                ], 
                [
                    745.1114922813036, 
                    356.5008576329331
                ], 
                [
                    750.8747855917667, 
                    342.5042881646655
                ], 
                [
                    750.0514579759863, 
                    324.39108061749573
                ], 
                [
                    740.9948542024014, 
                    307.1012006861063
                ], 
                [
                    729.4682675814752, 
                    302.9845626072041
                ], 
                [
                    731.1149228130361, 
                    292.2813036020583
                ], 
                [
                    726.1749571183533, 
                    286.5180102915952
                ], 
                [
                    714.6483704974271, 
                    286.5180102915952
                ], 
                [
                    704.7684391080618, 
                    285.69468267581476
                ], 
                [
                    700.6518010291595, 
                    284.8713550600343
                ], 
                [
                    703.1217838765009, 
                    294.75128644939963
                ], 
                [
                    706.4150943396227, 
                    308.7478559176672
                ], 
                [
                    703.9451114922813, 
                    316.15780445969125
                ], 
                [
                    696.5351629502572, 
                    316.15780445969125
                ], 
                [
                    695.7118353344769, 
                    305.45454545454544
                ], 
                [
                    693.2418524871355, 
                    298.04459691252146
                ], 
                [
                    692.4185248713551, 
                    291.45797598627786
                ], 
                [
                    698.1818181818181, 
                    277.4614065180103
                ], 
                [
                    696.5351629502572, 
                    273.34476843910807
                ], 
                [
                    685.008576329331, 
                    269.22813036020585
                ], 
                [
                    676.7753001715266, 
                    270.87478559176674
                ], 
                [
                    676.7753001715266, 
                    271.6981132075472
                ], 
                [
                    676.7753001715266, 
                    273.34476843910807
                ], 
                [
                    685.8319039451114, 
                    278.2847341337907
                ], 
                [
                    686.6552315608919, 
                    286.5180102915952
                ], 
                [
                    680.8919382504288, 
                    293.10463121783874
                ], 
                [
                    677.598627787307, 
                    299.69125214408234
                ], 
                [
                    675.1286449399657, 
                    307.1012006861063
                ], 
                [
                    674.3053173241852, 
                    316.15780445969125
                ], 
                [
                    675.9519725557461, 
                    323.5677530017153
                ], 
                [
                    680.0686106346484, 
                    331.8010291595197
                ]
            ], 
            "user": "daid", 
            "verified": 0
        }, 
        {
            "date": "09-Apr-2018 21:11:23", 
            "deleted": 0, 
            "draw": true, 
            "id": 1, 
            "label": "person", 
            "polygon": [
                [
                    699.828473413379, 
                    223.12178387650084
                ], 
                [
                    715.4716981132076, 
                    223.12178387650084
                ], 
                [
                    713.0017152658662, 
                    228.88507718696397
                ], 
                [
                    717.1183533447685, 
                    233.0017152658662
                ], 
                [
                    727.8216123499142, 
                    243.704974271012
                ], 
                [
                    734.4082332761578, 
                    251.11492281303603
                ], 
                [
                    740.9948542024014, 
                    265.934819897084
                ], 
                [
                    740.9948542024014, 
                    270.0514579759863
                ], 
                [
                    740.9948542024014, 
                    274.1680960548885
                ], 
                [
                    740.1715265866209, 
                    279.9313893653516
                ], 
                [
                    737.7015437392796, 
                    288.1646655231561
                ], 
                [
                    737.7015437392796, 
                    294.75128644939963
                ], 
                [
                    729.4682675814752, 
                    286.5180102915952
                ], 
                [
                    725.3516295025729, 
                    281.5780445969125
                ], 
                [
                    709.7084048027444, 
                    284.8713550600343
                ], 
                [
                    699.828473413379, 
                    284.0480274442539
                ], 
                [
                    706.4150943396227, 
                    308.7478559176672
                ], 
                [
                    704.7684391080618, 
                    312.04116638078904
                ], 
                [
                    692.4185248713551, 
                    312.8644939965695
                ], 
                [
                    693.2418524871355, 
                    302.9845626072041
                ], 
                [
                    692.4185248713551, 
                    294.75128644939963
                ], 
                [
                    690.7718696397942, 
                    284.0480274442539
                ], 
                [
                    689.1252144082333, 
                    279.9313893653516
                ], 
                [
                    694.8885077186964, 
                    270.0514579759863
                ], 
                [
                    688.3018867924528, 
                    264.28816466552314
                ], 
                [
                    682.5385934819897, 
                    270.87478559176674
                ], 
                [
                    676.7753001715266, 
                    271.6981132075472
                ], 
                [
                    676.7753001715266, 
                    263.4648370497427
                ], 
                [
                    683.3619210977702, 
                    254.4082332761578
                ], 
                [
                    692.4185248713551, 
                    243.704974271012
                ], 
                [
                    696.5351629502572, 
                    236.29502572898798
                ], 
                [
                    698.1818181818181, 
                    233.82504288164665
                ], 
                [
                    694.8885077186964, 
                    223.9451114922813
                ]
            ], 
            "user": "daid", 
            "verified": 0
        }, 
        {
            "date": "09-Apr-2018 21:15:13", 
            "deleted": 0, 
            "draw": true, 
            "id": 2, 
            "label": "road", 
            "polygon": [
                [
                    3.293310463121784, 
                    275.8147512864494
                ], 
                [
                    46.106346483704975, 
                    280.75471698113205
                ], 
                [
                    98.79931389365352, 
                    275.8147512864494
                ], 
                [
                    230.53173241852488, 
                    263.4648370497427
                ], 
                [
                    269.22813036020585, 
                    260.99485420240137
                ], 
                [
                    284.8713550600343, 
                    260.1715265866209
                ], 
                [
                    290.6346483704974, 
                    263.4648370497427
                ], 
                [
                    320.27444253859346, 
                    260.1715265866209
                ], 
                [
                    376.2607204116638, 
                    253.58490566037736
                ], 
                [
                    430.6003430531732, 
                    247.82161234991423
                ], 
                [
                    465.180102915952, 
                    242.88164665523155
                ], 
                [
                    483.29331046312177, 
                    242.88164665523155
                ], 
                [
                    493.17324185248714, 
                    241.23499142367066
                ], 
                [
                    507.1698113207547, 
                    242.88164665523155
                ], 
                [
                    513.7564322469983, 
                    240.41166380789022
                ], 
                [
                    518.696397941681, 
                    240.41166380789022
                ], 
                [
                    523.6363636363636, 
                    241.23499142367066
                ], 
                [
                    527.7530017152659, 
                    251.11492281303603
                ], 
                [
                    534.3396226415094, 
                    258.52487135506004
                ], 
                [
                    552.4528301886793, 
                    269.22813036020585
                ], 
                [
                    572.2126929674099, 
                    279.9313893653516
                ], 
                [
                    594.442538593482, 
                    289.811320754717
                ], 
                [
                    629.0222984562607, 
                    301.3379073756432
                ], 
                [
                    661.1320754716982, 
                    314.51114922813036
                ], 
                [
                    671.8353344768439, 
                    317.80445969125213
                ], 
                [
                    678.4219554030875, 
                    327.6843910806175
                ], 
                [
                    683.3619210977702, 
                    335.0943396226415
                ], 
                [
                    689.9485420240137, 
                    338.3876500857633
                ], 
                [
                    695.7118353344769, 
                    340.0343053173242
                ], 
                [
                    702.2984562607204, 
                    333.4476843910806
                ], 
                [
                    713.8250428816466, 
                    336.74099485420237
                ], 
                [
                    718.7650085763294, 
                    344.97427101200685
                ], 
                [
                    723.704974271012, 
                    352.3842195540309
                ], 
                [
                    728.6449399656947, 
                    355.67753001715266
                ], 
                [
                    736.8782161234991, 
                    356.5008576329331
                ], 
                [
                    747.5814751286449, 
                    353.20754716981133
                ], 
                [
                    853.0, 
                    393.5506003430532
                ], 
                [
                    853.0, 
                    479.0
                ], 
                [
                    757.4614065180103, 
                    479.0
                ], 
                [
                    703.1217838765009, 
                    461.06346483704976
                ], 
                [
                    661.9554030874785, 
                    450.36020583190395
                ], 
                [
                    644.6655231560892, 
                    446.2435677530017
                ], 
                [
                    603.4991423670668, 
                    442.9502572898799
                ], 
                [
                    559.0394511149228, 
                    436.3636363636364
                ], 
                [
                    519.5197255574614, 
                    434.7169811320755
                ], 
                [
                    470.12006861063463, 
                    432.2469982847341
                ], 
                [
                    408.3704974271012, 
                    434.7169811320755
                ], 
                [
                    339.21097770154375, 
                    437.1869639794168
                ], 
                [
                    335.9176672384219, 
                    437.1869639794168
                ], 
                [
                    303.80789022298455, 
                    438.01029159519726
                ], 
                [
                    281.5780445969125, 
                    442.9502572898799
                ], 
                [
                    252.76157804459692, 
                    452.00686106346484
                ], 
                [
                    221.47512864493996, 
                    463.5334476843911
                ], 
                [
                    183.60205831903946, 
                    479.0
                ], 
                [
                    0.0, 
                    479.0
                ]
            ], 
            "user": "daid", 
            "verified": 0
        }, 
        {
            "date": "09-Apr-2018 21:15:32", 
            "deleted": 0, 
            "draw": true, 
            "id": 3, 
            "label": "traffic sign", 
            "polygon": [
                [
                    284.0480274442539, 
                    205.00857632933105
                ], 
                [
                    283.22469982847343, 
                    222.2984562607204
                ], 
                [
                    295.57461406518007, 
                    222.2984562607204
                ], 
                [
                    296.39794168096057, 
                    204.1852487135506
                ]
            ], 
            "user": "daid", 
            "verified": 0
        }, 
        {
            "date": "09-Apr-2018 21:15:53", 
            "deleted": 0, 
            "draw": true, 
            "id": 4, 
            "label": "pole", 
            "polygon": [
                [
                    288.1646655231561, 
                    224.76843910806176
                ], 
                [
                    286.5180102915952, 
                    246.17495711835335
                ], 
                [
                    282.401372212693, 
                    246.17495711835335
                ], 
                [
                    284.0480274442539, 
                    263.4648370497427
                ], 
                [
                    293.10463121783874, 
                    265.1114922813036
                ], 
                [
                    293.10463121783874, 
                    246.17495711835335
                ]
            ], 
            "user": "daid", 
            "verified": 0
        }, 
        {
            "date": "09-Apr-2018 21:16:49", 
            "deleted": 0, 
            "draw": true, 
            "id": 5, 
            "label": "sidewalk", 
            "polygon": [
                [
                    3.293310463121784, 
                    282.401372212693
                ], 
                [
                    282.401372212693, 
                    258.52487135506004
                ], 
                [
                    286.5180102915952, 
                    259.3481989708405
                ], 
                [
                    303.80789022298455, 
                    260.1715265866209
                ], 
                [
                    357.32418524871355, 
                    252.76157804459692
                ], 
                [
                    336.74099485420237, 
                    246.17495711835335
                ], 
                [
                    296.39794168096057, 
                    249.46826758147512
                ], 
                [
                    284.0480274442539, 
                    250.29159519725556
                ], 
                [
                    249.46826758147512, 
                    252.76157804459692
                ], 
                [
                    225.5917667238422, 
                    247.82161234991423
                ], 
                [
                    184.4253859348199, 
                    252.76157804459692
                ], 
                [
                    149.84562607204117, 
                    255.23156089193824
                ], 
                [
                    112.7958833619211, 
                    260.99485420240137
                ], 
                [
                    70.80617495711836, 
                    266.75814751286447
                ], 
                [
                    13.173241852487136, 
                    274.1680960548885
                ], 
                [
                    3.293310463121784, 
                    274.1680960548885
                ], 
                [
                    1.646655231560892, 
                    274.1680960548885
                ]
            ], 
            "user": "daid", 
            "verified": 0
        }, 
        {
            "date": "09-Apr-2018 21:17:33", 
            "deleted": 0, 
            "draw": true, 
            "id": 6, 
            "label": "sidewalk", 
            "polygon": [
                [
                    520.3430531732419, 
                    242.88164665523155
                ], 
                [
                    548.336192109777, 
                    265.934819897084
                ], 
                [
                    574.6826758147513, 
                    280.75471698113205
                ], 
                [
                    623.2590051457976, 
                    299.69125214408234
                ], 
                [
                    672.6586620926244, 
                    317.80445969125213
                ], 
                [
                    675.9519725557461, 
                    304.631217838765
                ], 
                [
                    680.8919382504288, 
                    293.9279588336192
                ], 
                [
                    686.6552315608919, 
                    292.2813036020583
                ], 
                [
                    685.8319039451114, 
                    278.2847341337907
                ], 
                [
                    672.6586620926244, 
                    277.4614065180103
                ], 
                [
                    642.1955403087478, 
                    274.1680960548885
                ], 
                [
                    593.6192109777015, 
                    261.8181818181818
                ], 
                [
                    568.0960548885078, 
                    253.58490566037736
                ], 
                [
                    558.2161234991423, 
                    250.29159519725556
                ], 
                [
                    549.9828473413379, 
                    251.11492281303603
                ], 
                [
                    542.5728987993139, 
                    246.9982847341338
                ], 
                [
                    535.9862778730703, 
                    246.9982847341338
                ], 
                [
                    526.9296740994854, 
                    245.3516295025729
                ]
            ], 
            "user": "daid", 
            "verified": 0
        }, 
        {
            "date": "09-Apr-2018 21:17:58", 
            "deleted": 0, 
            "draw": true, 
            "id": 7, 
            "label": "sidewalk", 
            "polygon": [
                [
                    744.2881646655231, 
                    287.34133790737565
                ], 
                [
                    765.6946826758148, 
                    292.2813036020583
                ], 
                [
                    783.8078902229845, 
                    294.75128644939963
                ], 
                [
                    803.5677530017152, 
                    295.57461406518007
                ], 
                [
                    852.967409948542, 
                    301.3379073756432
                ], 
                [
                    853.0, 
                    389.4339622641509
                ], 
                [
                    778.0445969125215, 
                    358.97084048027443
                ], 
                [
                    748.4048027444254, 
                    348.2675814751286
                ], 
                [
                    750.8747855917667, 
                    333.4476843910806
                ], 
                [
                    747.5814751286449, 
                    309.5711835334477
                ], 
                [
                    738.52487135506, 
                    298.8679245283019
                ], 
                [
                    732.761578044597, 
                    292.2813036020583
                ]
            ], 
            "user": "daid", 
            "verified": 0
        }, 
        {
            "date": "09-Apr-2018 21:19:05", 
            "deleted": 0, 
            "draw": true, 
            "id": 8, 
            "label": "building", 
            "polygon": [
                [
                    139.9656946826758, 
                    248.64493996569468
                ], 
                [
                    239.58833619210978, 
                    245.3516295025729
                ], 
                [
                    283.22469982847343, 
                    242.0583190394511
                ], 
                [
                    284.8713550600343, 
                    226.41509433962264
                ], 
                [
                    282.401372212693, 
                    219.00514579759863
                ], 
                [
                    284.0480274442539, 
                    203.36192109777016
                ], 
                [
                    284.8713550600343, 
                    150.6689536878216
                ], 
                [
                    287.34133790737565, 
                    121.02915951972555
                ], 
                [
                    308.7478559176672, 
                    104.56260720411663
                ], 
                [
                    319.451114922813, 
                    94.68267581475129
                ], 
                [
                    321.92109777015435, 
                    55.98627787307033
                ], 
                [
                    265.1114922813036, 
                    39.519725557461406
                ], 
                [
                    187.71869639794167, 
                    30.4631217838765
                ], 
                [
                    145.72898799313893, 
                    18.936535162950257
                ], 
                [
                    88.91938250428817, 
                    34.57975986277873
                ], 
                [
                    51.869639794168094, 
                    32.109777015437395
                ], 
                [
                    0.0, 
                    31.286449399656945
                ], 
                [
                    0.0, 
                    102.91595197255575
                ], 
                [
                    72.45283018867924, 
                    107.85591766723842
                ], 
                [
                    71.6295025728988, 
                    179.48542024013722
                ], 
                [
                    71.6295025728988, 
                    212.41852487135506
                ], 
                [
                    93.03602058319039, 
                    231.35506003430532
                ], 
                [
                    118.55917667238421, 
                    241.23499142367066
                ]
            ], 
            "user": "daid", 
            "verified": 0
        }, 
        {
            "date": "09-Apr-2018 21:19:50", 
            "deleted": 0, 
            "draw": true, 
            "id": 9, 
            "label": "building", 
            "polygon": [
                [
                    297.221269296741, 
                    244.52830188679246
                ], 
                [
                    363.08747855917665, 
                    243.704974271012
                ], 
                [
                    389.4339622641509, 
                    240.41166380789022
                ], 
                [
                    408.3704974271012, 
                    240.41166380789022
                ], 
                [
                    440.4802744425386, 
                    237.11835334476842
                ], 
                [
                    464.35677530017153, 
                    237.11835334476842
                ], 
                [
                    476.70668953687823, 
                    239.58833619210978
                ], 
                [
                    478.3533447684391, 
                    219.82847341337907
                ], 
                [
                    473.4133790737564, 
                    199.24528301886792
                ], 
                [
                    454.47684391080617, 
                    184.4253859348199
                ], 
                [
                    442.1269296740995, 
                    181.1320754716981
                ], 
                [
                    414.1337907375643, 
                    179.48542024013722
                ], 
                [
                    347.4442538593482, 
                    179.48542024013722
                ], 
                [
                    347.4442538593482, 
                    87.27272727272727
                ], 
                [
                    331.8010291595197, 
                    70.80617495711836
                ], 
                [
                    331.8010291595197, 
                    88.09605488850772
                ], 
                [
                    336.74099485420237, 
                    103.73927958833619
                ], 
                [
                    332.62435677530016, 
                    109.50257289879931
                ], 
                [
                    315.3344768439108, 
                    116.08919382504288
                ], 
                [
                    298.8679245283019, 
                    129.26243567753002
                ], 
                [
                    295.57461406518007, 
                    138.31903945111492
                ], 
                [
                    293.10463121783874, 
                    200.8919382504288
                ], 
                [
                    298.8679245283019, 
                    200.8919382504288
                ], 
                [
                    298.8679245283019, 
                    224.76843910806176
                ], 
                [
                    293.9279588336192, 
                    225.5917667238422
                ]
            ], 
            "user": "daid", 
            "verified": 0
        }, 
        {
            "date": "09-Apr-2018 21:20:30", 
            "deleted": 0, 
            "draw": true, 
            "id": 10, 
            "label": "building", 
            "polygon": [
                [
                    710.5317324185248, 
                    60.926243567753
                ], 
                [
                    787.9245283018868, 
                    4.11663807890223
                ], 
                [
                    853.0, 
                    0.0
                ], 
                [
                    853.0, 
                    223.9451114922813
                ], 
                [
                    814.271012006861, 
                    231.35506003430532
                ], 
                [
                    792.8644939965694, 
                    219.00514579759863
                ], 
                [
                    774.7512864493997, 
                    235.47169811320754
                ], 
                [
                    771.4579759862779, 
                    205.00857632933105
                ], 
                [
                    747.5814751286449, 
                    205.00857632933105
                ], 
                [
                    749.2281303602058, 
                    233.82504288164665
                ], 
                [
                    725.3516295025729, 
                    233.82504288164665
                ], 
                [
                    710.5317324185248, 
                    220.65180102915951
                ], 
                [
                    694.8885077186964, 
                    224.76843910806176
                ], 
                [
                    691.5951972555746, 
                    233.82504288164665
                ], 
                [
                    684.1852487135505, 
                    233.82504288164665
                ]
            ], 
            "user": "daid", 
            "verified": 0
        }, 
        {
            "date": "09-Apr-2018 21:20:51", 
            "deleted": 0, 
            "draw": true, 
            "id": 11, 
            "label": "building", 
            "polygon": [
                [
                    580.4459691252144, 
                    238.76500857632934
                ], 
                [
                    685.8319039451114, 
                    239.58833619210978
                ], 
                [
                    691.5951972555746, 
                    69.9828473413379
                ], 
                [
                    655.368782161235, 
                    89.74271012006861
                ], 
                [
                    629.8456260720411, 
                    129.26243567753002
                ], 
                [
                    605.1457975986277, 
                    144.9056603773585
                ], 
                [
                    595.2658662092624, 
                    169.60548885077188
                ], 
                [
                    581.2692967409948, 
                    199.24528301886792
                ], 
                [
                    573.8593481989708, 
                    227.23842195540308
                ]
            ], 
            "user": "daid", 
            "verified": 0
        }, 
        {
            "date": "09-Apr-2018 21:21:23", 
            "deleted": 0, 
            "draw": true, 
            "id": 12, 
            "label": "person", 
            "polygon": [
                [
                    784.631217838765, 
                    298.04459691252146
                ], 
                [
                    790.3945111492282, 
                    297.221269296741
                ], 
                [
                    790.3945111492282, 
                    274.99142367066895
                ], 
                [
                    792.8644939965694, 
                    275.8147512864494
                ], 
                [
                    796.9811320754717, 
                    288.98799313893653
                ], 
                [
                    804.3910806174957, 
                    292.2813036020583
                ], 
                [
                    806.0377358490566, 
                    280.75471698113205
                ], 
                [
                    804.3910806174957, 
                    260.1715265866209
                ], 
                [
                    807.6843910806175, 
                    242.88164665523155
                ], 
                [
                    804.3910806174957, 
                    230.53173241852488
                ], 
                [
                    794.5111492281303, 
                    223.12178387650084
                ], 
                [
                    792.041166380789, 
                    223.9451114922813
                ], 
                [
                    791.2178387650085, 
                    226.41509433962264
                ], 
                [
                    789.5711835334477, 
                    230.53173241852488
                ], 
                [
                    783.8078902229845, 
                    230.53173241852488
                ], 
                [
                    782.1612349914236, 
                    235.47169811320754
                ], 
                [
                    777.221269296741, 
                    245.3516295025729
                ], 
                [
                    777.221269296741, 
                    254.4082332761578
                ], 
                [
                    779.6912521440823, 
                    260.99485420240137
                ], 
                [
                    779.6912521440823, 
                    274.99142367066895
                ], 
                [
                    777.221269296741, 
                    286.5180102915952
                ], 
                [
                    778.8679245283018, 
                    293.10463121783874
                ]
            ], 
            "user": "daid", 
            "verified": 0
        }, 
        {
            "date": "09-Apr-2018 21:22:06", 
            "deleted": 0, 
            "draw": true, 
            "id": 13, 
            "label": "pole", 
            "polygon": [
                [
                    333.4476843910806, 
                    107.03259005145797
                ], 
                [
                    319.451114922813, 
                    110.32590051457976
                ], 
                [
                    302.16123499142367, 
                    121.02915951972555
                ], 
                [
                    297.221269296741, 
                    124.32246998284734
                ], 
                [
                    291.45797598627786, 
                    169.60548885077188
                ], 
                [
                    291.45797598627786, 
                    200.8919382504288
                ], 
                [
                    284.8713550600343, 
                    200.06861063464837
                ], 
                [
                    286.5180102915952, 
                    164.6655231560892
                ], 
                [
                    291.45797598627786, 
                    125.96912521440824
                ], 
                [
                    296.39794168096057, 
                    116.91252144082333
                ], 
                [
                    318.6277873070326, 
                    107.03259005145797
                ], 
                [
                    325.2144082332762, 
                    94.68267581475129
                ], 
                [
                    332.62435677530016, 
                    95.50600343053173
                ], 
                [
                    335.9176672384219, 
                    103.73927958833619
                ]
            ], 
            "user": "daid", 
            "verified": 0
        }, 
        {
            "date": "09-Apr-2018 21:22:29", 
            "deleted": 0, 
            "draw": true, 
            "id": 14, 
            "label": "person", 
            "polygon": [
                [
                    548.336192109777, 
                    251.11492281303603
                ], 
                [
                    553.2761578044597, 
                    251.11492281303603
                ], 
                [
                    555.746140651801, 
                    242.0583190394511
                ], 
                [
                    553.2761578044597, 
                    233.82504288164665
                ], 
                [
                    547.5128644939965, 
                    233.82504288164665
                ], 
                [
                    546.6895368782161, 
                    236.29502572898798
                ], 
                [
                    546.6895368782161, 
                    242.88164665523155
                ]
            ], 
            "user": "daid", 
            "verified": 0
        }, 
        {
            "date": "09-Apr-2018 21:22:44", 
            "deleted": 0, 
            "draw": true, 
            "id": 15, 
            "label": "traffic sign", 
            "polygon": [
                [
                    562.3327615780446, 
                    226.41509433962264
                ], 
                [
                    569.7427101200686, 
                    228.06174957118353
                ], 
                [
                    569.7427101200686, 
                    217.35849056603774
                ], 
                [
                    559.8627787307032, 
                    214.8885077186964
                ]
            ], 
            "user": "daid", 
            "verified": 0
        }
    ]
}