{
    "imgHeight": 1080, 
    "imgWidth": 1920, 
    "objects": [
        {
            "date": "15-Nov-2018 16:45:48", 
            "deleted": 0, 
            "draw": true, 
            "id": 0, 
            "label": "car", 
            "polygon": [
                [
                    1285.1813471502592, 
                    902.7979274611399
                ], 
                [
                    1311.2953367875648, 
                    913.9896373056995
                ], 
                [
                    1335.5440414507773, 
                    895.3367875647668
                ], 
                [
                    1339.2746113989638, 
                    878.5492227979275
                ], 
                [
                    1365.3886010362694, 
                    897.2020725388601
                ], 
                [
                    1492.2279792746115, 
                    899.0673575129534
                ], 
                [
                    1510.8808290155441, 
                    915.8549222797927
                ], 
                [
                    1529.5336787564768, 
                    904.6632124352332
                ], 
                [
                    1553.7823834196893, 
                    900.9326424870467
                ], 
                [
                    1557.5129533678758, 
                    861.7616580310881
                ], 
                [
                    1550.0518134715026, 
                    822.5906735751296
                ], 
                [
                    1546.321243523316, 
                    796.4766839378239
                ], 
                [
                    1492.2279792746115, 
                    746.1139896373057
                ], 
                [
                    1451.1917098445597, 
                    729.3264248704663
                ], 
                [
                    1393.3678756476684, 
                    718.1347150259068
                ], 
                [
                    1324.3523316062176, 
                    716.2694300518135
                ], 
                [
                    1281.4507772020727, 
                    718.1347150259068
                ], 
                [
                    1251.6062176165804, 
                    733.0569948186529
                ], 
                [
                    1234.818652849741, 
                    746.1139896373057
                ], 
                [
                    1214.300518134715, 
                    751.7098445595855
                ], 
                [
                    1208.7046632124352, 
                    755.4404145077721
                ], 
                [
                    1208.7046632124352, 
                    766.6321243523316
                ], 
                [
                    1221.761658031088, 
                    766.6321243523316
                ], 
                [
                    1191.917098445596, 
                    779.6891191709844
                ], 
                [
                    1191.917098445596, 
                    792.7461139896374
                ], 
                [
                    1180.7253886010362, 
                    802.0725388601037
                ], 
                [
                    1182.5906735751296, 
                    835.6476683937824
                ], 
                [
                    1186.321243523316, 
                    848.7046632124352
                ], 
                [
                    1204.9740932642487, 
                    837.5129533678756
                ], 
                [
                    1221.761658031088, 
                    831.9170984455959
                ], 
                [
                    1246.0103626943005, 
                    843.1088082901555
                ], 
                [
                    1266.5284974093265, 
                    848.7046632124352
                ], 
                [
                    1264.6632124352332, 
                    872.9533678756477
                ]
            ], 
            "user": "daid", 
            "verified": 0
        }, 
        {
            "date": "15-Nov-2018 16:46:36", 
            "deleted": 0, 
            "draw": true, 
            "id": 1, 
            "label": "car", 
            "polygon": [
                [
                    555.8549222797927, 
                    755.4404145077721
                ], 
                [
                    567.0466321243523, 
                    755.4404145077721
                ], 
                [
                    567.0466321243523, 
                    744.2487046632125
                ], 
                [
                    587.5647668393783, 
                    744.2487046632125
                ], 
                [
                    587.5647668393783, 
                    753.5751295336788
                ], 
                [
                    608.0829015544042, 
                    753.5751295336788
                ], 
                [
                    639.7927461139897, 
                    753.5751295336788
                ], 
                [
                    664.041450777202, 
                    751.7098445595855
                ], 
                [
                    662.1761658031088, 
                    710.6735751295337
                ], 
                [
                    662.1761658031088, 
                    695.7512953367876
                ], 
                [
                    662.1761658031088, 
                    692.020725388601
                ], 
                [
                    641.6580310880829, 
                    688.2901554404145
                ], 
                [
                    608.0829015544042, 
                    690.1554404145078
                ], 
                [
                    580.1036269430052, 
                    693.8860103626944
                ], 
                [
                    563.3160621761658, 
                    706.9430051813472
                ], 
                [
                    553.9896373056995, 
                    716.2694300518135
                ]
            ], 
            "user": "daid", 
            "verified": 0
        }, 
        {
            "date": "15-Nov-2018 16:47:00", 
            "deleted": 0, 
            "draw": true, 
            "id": 2, 
            "label": "car", 
            "polygon": [
                [
                    695.7512953367876, 
                    746.1139896373057
                ], 
                [
                    710.6735751295337, 
                    746.1139896373057
                ], 
                [
                    718.1347150259068, 
                    736.7875647668394
                ], 
                [
                    746.1139896373057, 
                    736.7875647668394
                ], 
                [
                    746.1139896373057, 
                    744.2487046632125
                ], 
                [
                    761.0362694300518, 
                    742.3834196891193
                ], 
                [
                    768.4974093264249, 
                    736.7875647668394
                ], 
                [
                    781.5544041450778, 
                    738.6528497409327
                ], 
                [
                    796.4766839378239, 
                    734.9222797927462
                ], 
                [
                    794.6113989637306, 
                    701.3471502590673
                ], 
                [
                    789.0155440414508, 
                    692.020725388601
                ], 
                [
                    770.3626943005181, 
                    688.2901554404145
                ], 
                [
                    734.9222797927462, 
                    688.2901554404145
                ], 
                [
                    712.5388601036269, 
                    688.2901554404145
                ], 
                [
                    690.1554404145078, 
                    705.077720207254
                ], 
                [
                    680.8290155440415, 
                    712.5388601036269
                ], 
                [
                    680.8290155440415, 
                    734.9222797927462
                ]
            ], 
            "user": "daid", 
            "verified": 0
        }, 
        {
            "date": "15-Nov-2018 16:47:17", 
            "deleted": 0, 
            "draw": true, 
            "id": 3, 
            "label": "car", 
            "polygon": [
                [
                    809.5336787564767, 
                    734.9222797927462
                ], 
                [
                    830.0518134715027, 
                    736.7875647668394
                ], 
                [
                    850.5699481865286, 
                    736.7875647668394
                ], 
                [
                    858.0310880829015, 
                    723.7305699481866
                ], 
                [
                    872.9533678756477, 
                    729.3264248704663
                ], 
                [
                    869.2227979274612, 
                    695.7512953367876
                ], 
                [
                    844.9740932642487, 
                    695.7512953367876
                ], 
                [
                    818.860103626943, 
                    695.7512953367876
                ], 
                [
                    807.6683937823834, 
                    706.9430051813472
                ], 
                [
                    800.2072538860103, 
                    716.2694300518135
                ]
            ], 
            "user": "daid", 
            "verified": 0
        }, 
        {
            "date": "15-Nov-2018 16:47:33", 
            "deleted": 0, 
            "draw": true, 
            "id": 4, 
            "label": "car", 
            "polygon": [
                [
                    878.5492227979275, 
                    727.4611398963731
                ], 
                [
                    902.7979274611399, 
                    727.4611398963731
                ], 
                [
                    915.8549222797927, 
                    718.1347150259068
                ], 
                [
                    919.5854922279793, 
                    729.3264248704663
                ], 
                [
                    908.3937823834198, 
                    693.8860103626944
                ], 
                [
                    891.6062176165804, 
                    693.8860103626944
                ], 
                [
                    878.5492227979275, 
                    692.020725388601
                ], 
                [
                    876.6839378238342, 
                    699.4818652849741
                ], 
                [
                    872.9533678756477, 
                    710.6735751295337
                ]
            ], 
            "user": "daid", 
            "verified": 0
        }, 
        {
            "date": "15-Nov-2018 16:47:48", 
            "deleted": 0, 
            "draw": true, 
            "id": 5, 
            "label": "car", 
            "polygon": [
                [
                    923.3160621761658, 
                    720.0
                ], 
                [
                    956.8911917098446, 
                    720.0
                ], 
                [
                    975.5440414507773, 
                    712.5388601036269
                ], 
                [
                    973.6787564766839, 
                    693.8860103626944
                ], 
                [
                    958.7564766839379, 
                    686.4248704663213
                ], 
                [
                    934.5077720207254, 
                    686.4248704663213
                ], 
                [
                    921.4507772020726, 
                    693.8860103626944
                ], 
                [
                    915.8549222797927, 
                    701.3471502590673
                ]
            ], 
            "user": "daid", 
            "verified": 0
        }, 
        {
            "date": "15-Nov-2018 16:48:02", 
            "deleted": 0, 
            "draw": true, 
            "id": 6, 
            "label": "car", 
            "polygon": [
                [
                    990.4663212435233, 
                    708.8082901554404
                ], 
                [
                    1007.2538860103627, 
                    708.8082901554404
                ], 
                [
                    1022.1761658031088, 
                    705.077720207254
                ], 
                [
                    1022.1761658031088, 
                    697.6165803108809
                ], 
                [
                    1020.3108808290156, 
                    684.559585492228
                ], 
                [
                    994.1968911917098, 
                    682.6943005181347
                ], 
                [
                    979.2746113989638, 
                    692.020725388601
                ], 
                [
                    977.4093264248705, 
                    708.8082901554404
                ]
            ], 
            "user": "daid", 
            "verified": 0
        }, 
        {
            "date": "15-Nov-2018 16:48:22", 
            "deleted": 0, 
            "draw": true, 
            "id": 7, 
            "label": "car", 
            "polygon": [
                [
                    233.16062176165804, 
                    764.7668393782384
                ], 
                [
                    281.6580310880829, 
                    762.9015544041451
                ], 
                [
                    300.31088082901556, 
                    775.958549222798
                ], 
                [
                    330.1554404145078, 
                    774.0932642487047
                ], 
                [
                    330.1554404145078, 
                    747.979274611399
                ], 
                [
                    346.9430051813472, 
                    740.5181347150259
                ], 
                [
                    348.80829015544043, 
                    720.0
                ], 
                [
                    307.7720207253886, 
                    684.559585492228
                ], 
                [
                    287.2538860103627, 
                    673.3678756476684
                ], 
                [
                    236.89119170984458, 
                    671.5025906735751
                ]
            ], 
            "user": "daid", 
            "verified": 0
        }, 
        {
            "date": "15-Nov-2018 16:48:51", 
            "deleted": 0, 
            "draw": true, 
            "id": 8, 
            "label": "car", 
            "polygon": [
                [
                    167.87564766839378, 
                    677.098445595855
                ], 
                [
                    212.64248704663214, 
                    680.8290155440415
                ], 
                [
                    207.04663212435233, 
                    761.0362694300518
                ], 
                [
                    169.74093264248705, 
                    764.7668393782384
                ], 
                [
                    141.76165803108807, 
                    757.3056994818653
                ], 
                [
                    87.66839378238342, 
                    774.0932642487047
                ], 
                [
                    87.66839378238342, 
                    755.4404145077721
                ], 
                [
                    48.49740932642487, 
                    757.3056994818653
                ], 
                [
                    0.0, 
                    753.5751295336788
                ], 
                [
                    0.0, 
                    720.0
                ], 
                [
                    39.17098445595855, 
                    708.8082901554404
                ], 
                [
                    78.3419689119171, 
                    708.8082901554404
                ], 
                [
                    126.83937823834198, 
                    703.2124352331606
                ], 
                [
                    154.81865284974094, 
                    692.020725388601
                ]
            ], 
            "user": "daid", 
            "verified": 0
        }, 
        {
            "date": "15-Nov-2018 16:50:36", 
            "deleted": 0, 
            "draw": true, 
            "id": 9, 
            "label": "road", 
            "polygon": [
                [
                    1066.9430051813472, 
                    718.1347150259068
                ], 
                [
                    1035.2331606217617, 
                    736.7875647668394
                ], 
                [
                    1033.3678756476684, 
                    755.4404145077721
                ], 
                [
                    1050.155440414508, 
                    777.8238341968912
                ], 
                [
                    1074.4041450777202, 
                    790.8808290155441
                ], 
                [
                    1128.497409326425, 
                    805.8031088082902
                ], 
                [
                    1171.39896373057, 
                    816.9948186528497
                ], 
                [
                    1180.7253886010362, 
                    818.860103626943
                ], 
                [
                    1182.5906735751296, 
                    844.9740932642487
                ], 
                [
                    1195.6476683937824, 
                    846.839378238342
                ], 
                [
                    1221.761658031088, 
                    843.1088082901555
                ], 
                [
                    1260.9326424870467, 
                    856.1658031088083
                ], 
                [
                    1270.259067357513, 
                    882.279792746114
                ], 
                [
                    1281.4507772020727, 
                    912.1243523316062
                ], 
                [
                    1315.0259067357513, 
                    923.3160621761658
                ], 
                [
                    1344.8704663212436, 
                    908.3937823834198
                ], 
                [
                    1400.8290155440416, 
                    908.3937823834198
                ], 
                [
                    1462.3834196891191, 
                    908.3937823834198
                ], 
                [
                    1495.958549222798, 
                    910.259067357513
                ], 
                [
                    1536.9948186528497, 
                    923.3160621761658
                ], 
                [
                    1919.0, 
                    990.4663212435233
                ], 
                [
                    1919.0, 
                    1074.4041450777202
                ], 
                [
                    0.0, 
                    1078.1347150259069
                ], 
                [
                    0.0, 
                    986.7357512953369
                ], 
                [
                    1.8652849740932642, 
                    837.5129533678756
                ], 
                [
                    410.36269430051817, 
                    835.6476683937824
                ], 
                [
                    555.8549222797927, 
                    805.8031088082902
                ], 
                [
                    595.0259067357513, 
                    792.7461139896374
                ], 
                [
                    690.1554404145078, 
                    770.3626943005181
                ], 
                [
                    764.7668393782384, 
                    751.7098445595855
                ], 
                [
                    815.1295336787565, 
                    736.7875647668394
                ], 
                [
                    867.3575129533679, 
                    733.0569948186529
                ], 
                [
                    912.1243523316062, 
                    725.5958549222798
                ], 
                [
                    943.8341968911917, 
                    725.5958549222798
                ], 
                [
                    971.8134715025907, 
                    723.7305699481866
                ], 
                [
                    981.139896373057, 
                    712.5388601036269
                ], 
                [
                    1009.119170984456, 
                    714.4041450777203
                ], 
                [
                    1046.4248704663212, 
                    714.4041450777203
                ]
            ], 
            "user": "daid", 
            "verified": 0
        }, 
        {
            "date": "15-Nov-2018 16:51:54", 
            "deleted": 0, 
            "draw": true, 
            "id": 10, 
            "label": "traffic sign", 
            "polygon": [
                [
                    1197.5129533678758, 
                    682.6943005181347
                ], 
                [
                    1214.300518134715, 
                    682.6943005181347
                ], 
                [
                    1214.300518134715, 
                    660.3108808290156
                ], 
                [
                    1190.0518134715026, 
                    660.3108808290156
                ], 
                [
                    1191.917098445596, 
                    686.4248704663213
                ]
            ], 
            "user": "daid", 
            "verified": 0
        }, 
        {
            "date": "15-Nov-2018 20:00:40", 
            "deleted": 0, 
            "draw": true, 
            "id": 11, 
            "label": "pole", 
            "polygon": [
                [
                    1356.062176165803, 
                    718.1347150259068
                ], 
                [
                    1380.3108808290156, 
                    718.1347150259068
                ], 
                [
                    1370.9844559585492, 
                    397.3056994818653
                ], 
                [
                    1352.3316062176166, 
                    395.44041450777206
                ]
            ], 
            "user": "daid", 
            "verified": 0
        }, 
        {
            "date": "15-Nov-2018 20:07:13", 
            "deleted": 0, 
            "draw": true, 
            "id": 12, 
            "label": "pole", 
            "polygon": [
                [
                    531.6062176165804, 
                    794.6113989637306
                ], 
                [
                    572.6424870466321, 
                    402.9015544041451
                ], 
                [
                    585.699481865285, 
                    402.9015544041451
                ], 
                [
                    550.259067357513, 
                    792.7461139896374
                ]
            ], 
            "user": "daid", 
            "verified": 0
        }, 
        {
            "date": "15-Nov-2018 20:07:32", 
            "deleted": 0, 
            "draw": true, 
            "id": 13, 
            "label": "pole", 
            "polygon": [
                [
                    210.77720207253887, 
                    792.7461139896374
                ], 
                [
                    229.43005181347152, 
                    583.8341968911917
                ], 
                [
                    238.75647668393782, 
                    589.4300518134716
                ], 
                [
                    223.8341968911917, 
                    790.8808290155441
                ]
            ], 
            "user": "daid", 
            "verified": 0
        }, 
        {
            "date": "15-Nov-2018 20:08:23", 
            "deleted": 0, 
            "draw": true, 
            "id": 14, 
            "label": "sidewalk", 
            "polygon": [
                [
                    1.8652849740932642, 
                    792.7461139896374
                ], 
                [
                    0.0, 
                    831.9170984455959
                ], 
                [
                    404.76683937823833, 
                    833.7823834196892
                ], 
                [
                    471.91709844559585, 
                    822.5906735751296
                ], 
                [
                    548.3937823834198, 
                    805.8031088082902
                ], 
                [
                    602.4870466321244, 
                    789.0155440414508
                ], 
                [
                    555.8549222797927, 
                    789.0155440414508
                ], 
                [
                    555.8549222797927, 
                    792.7461139896374
                ], 
                [
                    408.4974093264249, 
                    790.8808290155441
                ], 
                [
                    404.76683937823833, 
                    815.1295336787565
                ], 
                [
                    367.4611398963731, 
                    815.1295336787565
                ], 
                [
                    371.1917098445596, 
                    792.7461139896374
                ], 
                [
                    227.56476683937825, 
                    789.0155440414508
                ], 
                [
                    199.58549222797927, 
                    790.8808290155441
                ]
            ], 
            "user": "daid", 
            "verified": 0
        }
    ]
}