{
    "imgHeight": 480, 
    "imgWidth": 854, 
    "objects": [
        {
            "date": "09-Apr-2018 23:14:04", 
            "deleted": 0, 
            "draw": true, 
            "id": 0, 
            "label": "car", 
            "polygon": [
                [
                    442.1269296740995, 
                    254.4082332761578
                ], 
                [
                    447.8902229845626, 
                    253.58490566037736
                ], 
                [
                    455.3001715265866, 
                    255.23156089193824
                ], 
                [
                    461.06346483704976, 
                    258.52487135506004
                ], 
                [
                    463.5334476843911, 
                    256.87821612349916
                ], 
                [
                    464.35677530017153, 
                    244.52830188679246
                ], 
                [
                    460.24013722126926, 
                    238.76500857632934
                ], 
                [
                    458.5934819897084, 
                    237.9416809605489
                ], 
                [
                    447.0668953687822, 
                    237.9416809605489
                ], 
                [
                    443.77358490566036, 
                    242.88164665523155
                ]
            ], 
            "user": "daid", 
            "verified": 0
        }, 
        {
            "date": "09-Apr-2018 23:14:42", 
            "deleted": 0, 
            "draw": true, 
            "id": 1, 
            "label": "person", 
            "polygon": [
                [
                    567.2727272727273, 
                    279.10806174957116
                ], 
                [
                    573.0360205831904, 
                    279.10806174957116
                ], 
                [
                    572.2126929674099, 
                    264.28816466552314
                ], 
                [
                    577.9759862778731, 
                    280.75471698113205
                ], 
                [
                    582.9159519725557, 
                    280.75471698113205
                ], 
                [
                    578.7993138936536, 
                    264.28816466552314
                ], 
                [
                    583.7392795883362, 
                    264.28816466552314
                ], 
                [
                    585.3859348198971, 
                    253.58490566037736
                ], 
                [
                    579.622641509434, 
                    237.11835334476842
                ], 
                [
                    574.6826758147513, 
                    228.88507718696397
                ], 
                [
                    568.0960548885078, 
                    228.88507718696397
                ], 
                [
                    566.4493996569469, 
                    237.11835334476842
                ], 
                [
                    559.8627787307032, 
                    243.704974271012
                ], 
                [
                    557.3927958833619, 
                    248.64493996569468
                ], 
                [
                    557.3927958833619, 
                    254.4082332761578
                ], 
                [
                    563.156089193825, 
                    259.3481989708405
                ], 
                [
                    569.7427101200686, 
                    262.64150943396226
                ]
            ], 
            "user": "daid", 
            "verified": 0
        }, 
        {
            "date": "09-Apr-2018 23:15:09", 
            "deleted": 0, 
            "draw": true, 
            "id": 2, 
            "label": "person", 
            "polygon": [
                [
                    601.0291595197256, 
                    272.5214408233276
                ], 
                [
                    610.9090909090909, 
                    274.1680960548885
                ], 
                [
                    610.0857632933105, 
                    262.64150943396226
                ], 
                [
                    610.9090909090909, 
                    255.23156089193824
                ], 
                [
                    616.672384219554, 
                    242.0583190394511
                ], 
                [
                    615.0257289879931, 
                    233.82504288164665
                ], 
                [
                    611.7324185248714, 
                    229.7084048027444
                ], 
                [
                    611.7324185248714, 
                    223.12178387650084
                ], 
                [
                    607.6157804459691, 
                    221.47512864493996
                ], 
                [
                    606.7924528301887, 
                    226.41509433962264
                ], 
                [
                    606.7924528301887, 
                    228.88507718696397
                ], 
                [
                    599.3825042881647, 
                    228.88507718696397
                ], 
                [
                    598.5591766723842, 
                    233.0017152658662
                ], 
                [
                    597.7358490566038, 
                    242.0583190394511
                ], 
                [
                    597.7358490566038, 
                    250.29159519725556
                ], 
                [
                    598.5591766723842, 
                    253.58490566037736
                ], 
                [
                    600.2058319039451, 
                    260.1715265866209
                ], 
                [
                    600.2058319039451, 
                    265.934819897084
                ]
            ], 
            "user": "daid", 
            "verified": 0
        }, 
        {
            "date": "09-Apr-2018 23:15:29", 
            "deleted": 0, 
            "draw": true, 
            "id": 3, 
            "label": "car", 
            "polygon": [
                [
                    466.82675814751286, 
                    245.3516295025729
                ], 
                [
                    484.93996569468266, 
                    244.52830188679246
                ], 
                [
                    491.52658662092625, 
                    244.52830188679246
                ], 
                [
                    490.7032590051458, 
                    239.58833619210978
                ], 
                [
                    486.58662092624354, 
                    235.47169811320754
                ], 
                [
                    475.8833619210978, 
                    234.6483704974271
                ], 
                [
                    467.6500857632933, 
                    236.29502572898798
                ]
            ], 
            "user": "daid", 
            "verified": 0
        }, 
        {
            "date": "09-Apr-2018 23:15:53", 
            "deleted": 0, 
            "draw": true, 
            "id": 4, 
            "label": "building", 
            "polygon": [
                [
                    3.293310463121784, 
                    261.8181818181818
                ], 
                [
                    144.9056603773585, 
                    256.0548885077187
                ], 
                [
                    144.08233276157804, 
                    68.33619210977702
                ], 
                [
                    158.90222984562607, 
                    63.39622641509434
                ], 
                [
                    46.106346483704975, 
                    0.0
                ], 
                [
                    0.0, 
                    1.646655231560892
                ]
            ], 
            "user": "daid", 
            "verified": 0
        }, 
        {
            "date": "09-Apr-2018 23:16:23", 
            "deleted": 0, 
            "draw": true, 
            "id": 5, 
            "label": "building", 
            "polygon": [
                [
                    222.2984562607204, 
                    250.29159519725556
                ], 
                [
                    332.62435677530016, 
                    245.3516295025729
                ], 
                [
                    331.8010291595197, 
                    233.0017152658662
                ], 
                [
                    352.3842195540309, 
                    231.35506003430532
                ], 
                [
                    361.44082332761576, 
                    232.17838765008577
                ], 
                [
                    368.8507718696398, 
                    239.58833619210978
                ], 
                [
                    407.54716981132077, 
                    242.0583190394511
                ], 
                [
                    405.9005145797599, 
                    214.06518010291595
                ], 
                [
                    368.8507718696398, 
                    194.30531732418524
                ], 
                [
                    372.14408233276157, 
                    158.07890222984562
                ], 
                [
                    274.99142367066895, 
                    97.15265866209262
                ], 
                [
                    228.06174957118353, 
                    80.6861063464837
                ]
            ], 
            "user": "daid", 
            "verified": 0
        }, 
        {
            "date": "09-Apr-2018 23:18:24", 
            "deleted": 0, 
            "draw": true, 
            "id": 6, 
            "label": "road", 
            "polygon": [
                [
                    1.646655231560892, 
                    279.10806174957116
                ], 
                [
                    354.0308747855918, 
                    250.29159519725556
                ], 
                [
                    369.67409948542024, 
                    243.704974271012
                ], 
                [
                    394.37392795883363, 
                    243.704974271012
                ], 
                [
                    415.7804459691252, 
                    241.23499142367066
                ], 
                [
                    438.8336192109777, 
                    237.9416809605489
                ], 
                [
                    438.8336192109777, 
                    252.76157804459692
                ], 
                [
                    464.35677530017153, 
                    255.23156089193824
                ], 
                [
                    464.35677530017153, 
                    246.9982847341338
                ], 
                [
                    482.4699828473413, 
                    245.3516295025729
                ], 
                [
                    493.17324185248714, 
                    274.1680960548885
                ], 
                [
                    499.7598627787307, 
                    278.2847341337907
                ], 
                [
                    521.9897084048027, 
                    279.9313893653516
                ], 
                [
                    545.8662092624356, 
                    281.5780445969125
                ], 
                [
                    583.7392795883362, 
                    279.9313893653516
                ], 
                [
                    687.4785591766723, 
                    274.1680960548885
                ], 
                [
                    792.041166380789, 
                    265.934819897084
                ], 
                [
                    853.0, 
                    256.0548885077187
                ], 
                [
                    853.0, 
                    479.0
                ], 
                [
                    745.934819897084, 
                    479.0
                ], 
                [
                    726.9982847341338, 
                    469.2967409948542
                ], 
                [
                    700.6518010291595, 
                    461.06346483704976
                ], 
                [
                    668.5420240137221, 
                    449.5368782161235
                ], 
                [
                    647.1355060034306, 
                    448.71355060034307
                ], 
                [
                    605.1457975986277, 
                    442.1269296740995
                ], 
                [
                    556.5694682675814, 
                    436.3636363636364
                ], 
                [
                    507.99313893653516, 
                    433.07032590051455
                ], 
                [
                    441.30360205831903, 
                    433.89365351629505
                ], 
                [
                    383.6706689536878, 
                    433.89365351629505
                ], 
                [
                    321.0977701543739, 
                    436.3636363636364
                ], 
                [
                    285.69468267581476, 
                    439.65694682675814
                ], 
                [
                    242.0583190394511, 
                    454.47684391080617
                ], 
                [
                    180.30874785591766, 
                    479.0
                ], 
                [
                    0.0, 
                    479.0
                ]
            ], 
            "user": "daid", 
            "verified": 0
        }, 
        {
            "date": "09-Apr-2018 23:19:41", 
            "deleted": 0, 
            "draw": true, 
            "id": 7, 
            "label": "building", 
            "polygon": [
                [
                    531.869639794168, 
                    52.692967409948544
                ], 
                [
                    550.8061749571184, 
                    0.0
                ], 
                [
                    853.0, 
                    0.0
                ], 
                [
                    853.0, 
                    239.58833619210978
                ], 
                [
                    719.5883361921098, 
                    253.58490566037736
                ], 
                [
                    674.3053173241852, 
                    262.64150943396226
                ], 
                [
                    613.3790737564323, 
                    273.34476843910807
                ], 
                [
                    609.26243567753, 
                    259.3481989708405
                ], 
                [
                    613.3790737564323, 
                    249.46826758147512
                ], 
                [
                    616.672384219554, 
                    237.11835334476842
                ], 
                [
                    612.5557461406518, 
                    230.53173241852488
                ], 
                [
                    611.7324185248714, 
                    223.12178387650084
                ], 
                [
                    607.6157804459691, 
                    221.47512864493996
                ], 
                [
                    606.7924528301887, 
                    225.5917667238422
                ], 
                [
                    605.9691252144082, 
                    229.7084048027444
                ], 
                [
                    601.852487135506, 
                    229.7084048027444
                ], 
                [
                    599.3825042881647, 
                    238.76500857632934
                ], 
                [
                    599.3825042881647, 
                    245.3516295025729
                ], 
                [
                    600.2058319039451, 
                    252.76157804459692
                ], 
                [
                    602.6758147512865, 
                    264.28816466552314
                ], 
                [
                    601.0291595197256, 
                    268.4048027444254
                ], 
                [
                    591.9725557461406, 
                    270.0514579759863
                ], 
                [
                    582.9159519725557, 
                    270.87478559176674
                ], 
                [
                    580.4459691252144, 
                    263.4648370497427
                ], 
                [
                    582.9159519725557, 
                    262.64150943396226
                ], 
                [
                    582.9159519725557, 
                    256.87821612349916
                ], 
                [
                    584.5626072041166, 
                    248.64493996569468
                ], 
                [
                    582.0926243567753, 
                    238.76500857632934
                ], 
                [
                    576.3293310463122, 
                    233.82504288164665
                ], 
                [
                    573.0360205831904, 
                    225.5917667238422
                ], 
                [
                    567.2727272727273, 
                    227.23842195540308
                ], 
                [
                    564.802744425386, 
                    234.6483704974271
                ], 
                [
                    560.6861063464837, 
                    242.88164665523155
                ], 
                [
                    558.2161234991423, 
                    248.64493996569468
                ], 
                [
                    563.156089193825, 
                    251.11492281303603
                ], 
                [
                    563.156089193825, 
                    258.52487135506004
                ], 
                [
                    563.156089193825, 
                    263.4648370497427
                ], 
                [
                    545.8662092624356, 
                    260.99485420240137
                ], 
                [
                    545.8662092624356, 
                    245.3516295025729
                ], 
                [
                    538.4562607204117, 
                    219.00514579759863
                ], 
                [
                    544.2195540308747, 
                    119.38250428816467
                ], 
                [
                    545.0428816466552, 
                    63.39622641509434
                ]
            ], 
            "user": "daid", 
            "verified": 0
        }, 
        {
            "date": "09-Apr-2018 23:20:07", 
            "deleted": 0, 
            "draw": true, 
            "id": 8, 
            "label": "building", 
            "polygon": [
                [
                    497.28987993138935, 
                    159.7255574614065
                ], 
                [
                    502.22984562607206, 
                    145.72898799313893
                ], 
                [
                    543.3962264150944, 
                    143.2590051457976
                ], 
                [
                    541.7495711835335, 
                    230.53173241852488
                ], 
                [
                    541.7495711835335, 
                    238.76500857632934
                ], 
                [
                    527.7530017152659, 
                    243.704974271012
                ], 
                [
                    521.1663807890222, 
                    243.704974271012
                ], 
                [
                    521.1663807890222, 
                    256.87821612349916
                ], 
                [
                    506.3464837049743, 
                    259.3481989708405
                ], 
                [
                    493.17324185248714, 
                    251.11492281303603
                ], 
                [
                    493.17324185248714, 
                    232.17838765008577
                ], 
                [
                    497.28987993138935, 
                    229.7084048027444
                ], 
                [
                    498.93653516295024, 
                    220.65180102915951
                ]
            ], 
            "user": "daid", 
            "verified": 0
        }, 
        {
            "date": "09-Apr-2018 23:20:22", 
            "deleted": 0, 
            "draw": true, 
            "id": 9, 
            "label": "traffic sign", 
            "polygon": [
                [
                    489.0566037735849, 
                    229.7084048027444
                ], 
                [
                    497.28987993138935, 
                    229.7084048027444
                ], 
                [
                    496.4665523156089, 
                    219.82847341337907
                ], 
                [
                    489.0566037735849, 
                    219.82847341337907
                ]
            ], 
            "user": "daid", 
            "verified": 0
        }, 
        {
            "date": "09-Apr-2018 23:20:42", 
            "deleted": 0, 
            "draw": true, 
            "id": 10, 
            "label": "car", 
            "polygon": [
                [
                    466.0034305317324, 
                    243.704974271012
                ], 
                [
                    484.1166380789022, 
                    243.704974271012
                ], 
                [
                    484.1166380789022, 
                    237.11835334476842
                ], 
                [
                    478.3533447684391, 
                    231.35506003430532
                ], 
                [
                    468.47341337907375, 
                    231.35506003430532
                ], 
                [
                    456.12349914236705, 
                    233.0017152658662
                ], 
                [
                    456.12349914236705, 
                    236.29502572898798
                ], 
                [
                    461.8867924528302, 
                    239.58833619210978
                ]
            ], 
            "user": "daid", 
            "verified": 0
        }, 
        {
            "date": "09-Apr-2018 23:20:59", 
            "deleted": 0, 
            "draw": true, 
            "id": 11, 
            "label": "car", 
            "polygon": [
                [
                    344.1509433962264, 
                    245.3516295025729
                ], 
                [
                    359.7941680960549, 
                    246.9982847341338
                ], 
                [
                    365.55746140651803, 
                    241.23499142367066
                ], 
                [
                    361.44082332761576, 
                    236.29502572898798
                ], 
                [
                    359.7941680960549, 
                    232.17838765008577
                ], 
                [
                    345.7975986277873, 
                    232.17838765008577
                ]
            ], 
            "user": "daid", 
            "verified": 0
        }, 
        {
            "date": "09-Apr-2018 23:21:33", 
            "deleted": 0, 
            "draw": true, 
            "id": 12, 
            "label": "sidewalk", 
            "polygon": [
                [
                    1.646655231560892, 
                    280.75471698113205
                ], 
                [
                    306.2778730703259, 
                    255.23156089193824
                ], 
                [
                    345.7975986277873, 
                    251.11492281303603
                ], 
                [
                    332.62435677530016, 
                    246.17495711835335
                ], 
                [
                    221.47512864493996, 
                    253.58490566037736
                ], 
                [
                    170.42881646655232, 
                    257.7015437392796
                ], 
                [
                    128.43910806174958, 
                    263.4648370497427
                ], 
                [
                    106.20926243567753, 
                    257.7015437392796
                ], 
                [
                    0.823327615780446, 
                    263.4648370497427
                ]
            ], 
            "user": "daid", 
            "verified": 0
        }, 
        {
            "date": "09-Apr-2018 23:21:57", 
            "deleted": 0, 
            "draw": true, 
            "id": 13, 
            "label": "sidewalk", 
            "polygon": [
                [
                    489.0566037735849, 
                    247.82161234991423
                ], 
                [
                    503.0531732418525, 
                    260.1715265866209
                ], 
                [
                    520.3430531732419, 
                    260.99485420240137
                ], 
                [
                    538.4562607204117, 
                    265.1114922813036
                ], 
                [
                    547.5128644939965, 
                    265.1114922813036
                ], 
                [
                    565.6260720411664, 
                    267.5814751286449
                ], 
                [
                    566.4493996569469, 
                    279.9313893653516
                ], 
                [
                    538.4562607204117, 
                    279.10806174957116
                ], 
                [
                    508.8164665523156, 
                    276.63807890222984
                ], 
                [
                    493.9965694682676, 
                    274.99142367066895
                ], 
                [
                    480.82332761578044, 
                    249.46826758147512
                ]
            ], 
            "user": "daid", 
            "verified": 0
        }
    ]
}