{
    "imgHeight": 1080, 
    "imgWidth": 1920, 
    "objects": [
        {
            "date": "15-Nov-2018 17:15:33", 
            "deleted": 0, 
            "draw": true, 
            "id": 0, 
            "label": "traffic sign", 
            "polygon": [
                [
                    1186.321243523316, 
                    561.4507772020726
                ], 
                [
                    1283.3160621761658, 
                    570.7772020725389
                ], 
                [
                    1238.5492227979275, 
                    481.2435233160622
                ]
            ], 
            "user": "daid", 
            "verified": 0
        }, 
        {
            "date": "15-Nov-2018 17:16:03", 
            "deleted": 0, 
            "draw": true, 
            "id": 1, 
            "label": "train", 
            "polygon": [
                [
                    453.2642487046632, 
                    772.2279792746115
                ], 
                [
                    559.5854922279793, 
                    781.5544041450778
                ], 
                [
                    626.7357512953369, 
                    766.6321243523316
                ], 
                [
                    684.559585492228, 
                    738.6528497409327
                ], 
                [
                    703.2124352331606, 
                    720.0
                ], 
                [
                    712.5388601036269, 
                    604.3523316062176
                ], 
                [
                    678.9637305699482, 
                    557.720207253886
                ], 
                [
                    636.0621761658032, 
                    533.4715025906736
                ], 
                [
                    574.5077720207254, 
                    518.5492227979274
                ], 
                [
                    496.1658031088083, 
                    509.22279792746116
                ], 
                [
                    475.6476683937824, 
                    539.0673575129534
                ]
            ], 
            "user": "daid", 
            "verified": 0
        }, 
        {
            "date": "15-Nov-2018 17:18:25", 
            "deleted": 0, 
            "draw": true, 
            "id": 2, 
            "label": "road", 
            "polygon": [
                [
                    714.4041450777203, 
                    690.1554404145078
                ], 
                [
                    751.7098445595855, 
                    699.4818652849741
                ], 
                [
                    837.5129533678756, 
                    716.2694300518135
                ], 
                [
                    899.0673575129534, 
                    727.4611398963731
                ], 
                [
                    962.4870466321244, 
                    751.7098445595855
                ], 
                [
                    1014.7150259067358, 
                    777.8238341968912
                ], 
                [
                    1076.2694300518135, 
                    816.9948186528497
                ], 
                [
                    1124.7668393782383, 
                    854.300518134715
                ], 
                [
                    1184.455958549223, 
                    900.9326424870467
                ], 
                [
                    1240.4145077720207, 
                    947.5647668393783
                ], 
                [
                    1298.238341968912, 
                    999.7927461139897
                ], 
                [
                    1356.062176165803, 
                    1046.4248704663212
                ], 
                [
                    1387.7720207253888, 
                    1079.0
                ], 
                [
                    0.0, 
                    1079.0
                ], 
                [
                    0.0, 
                    889.7409326424871
                ], 
                [
                    98.86010362694302, 
                    876.6839378238342
                ], 
                [
                    171.60621761658032, 
                    856.1658031088083
                ], 
                [
                    277.92746113989637, 
                    826.3212435233161
                ], 
                [
                    395.44041450777206, 
                    800.2072538860103
                ], 
                [
                    466.32124352331607, 
                    775.958549222798
                ], 
                [
                    539.0673575129534, 
                    781.5544041450778
                ], 
                [
                    604.3523316062176, 
                    777.8238341968912
                ], 
                [
                    650.9844559585492, 
                    757.3056994818653
                ], 
                [
                    686.4248704663213, 
                    736.7875647668394
                ], 
                [
                    706.9430051813472, 
                    716.2694300518135
                ], 
                [
                    710.6735751295337, 
                    697.6165803108809
                ]
            ], 
            "user": "daid", 
            "verified": 0
        }, 
        {
            "date": "15-Nov-2018 17:18:45", 
            "deleted": 0, 
            "draw": true, 
            "id": 3, 
            "label": "pole", 
            "polygon": [
                [
                    419.6891191709845, 
                    712.5388601036269
                ], 
                [
                    470.0518134715026, 
                    373.05699481865287
                ], 
                [
                    436.47668393782385, 
                    716.2694300518135
                ], 
                [
                    415.95854922279796, 
                    710.6735751295337
                ], 
                [
                    423.419689119171, 
                    714.4041450777203
                ]
            ], 
            "user": "daid", 
            "verified": 0
        }, 
        {
            "date": "15-Nov-2018 17:19:02", 
            "deleted": 0, 
            "draw": true, 
            "id": 4, 
            "label": "pole", 
            "polygon": [
                [
                    1214.300518134715, 
                    859.8963730569949
                ], 
                [
                    1221.761658031088, 
                    600.6217616580311
                ], 
                [
                    1229.2227979274612, 
                    600.6217616580311
                ], 
                [
                    1229.2227979274612, 
                    859.8963730569949
                ]
            ], 
            "user": "daid", 
            "verified": 0
        }, 
        {
            "date": "15-Nov-2018 17:20:04", 
            "deleted": 0, 
            "draw": true, 
            "id": 5, 
            "label": "sidewalk", 
            "polygon": [
                [
                    1389.6373056994819, 
                    1078.1347150259069
                ], 
                [
                    1917.5129533678758, 
                    1079.0
                ], 
                [
                    1917.5129533678758, 
                    990.4663212435233
                ], 
                [
                    1837.3056994818653, 
                    960.6217616580311
                ], 
                [
                    1770.155440414508, 
                    951.2953367875648
                ], 
                [
                    1727.2538860103627, 
                    943.8341968911917
                ], 
                [
                    1633.9896373056995, 
                    913.9896373056995
                ], 
                [
                    1540.7253886010362, 
                    884.1450777202073
                ], 
                [
                    1449.3264248704663, 
                    854.300518134715
                ], 
                [
                    1387.7720207253888, 
                    835.6476683937824
                ], 
                [
                    1324.3523316062176, 
                    809.5336787564767
                ], 
                [
                    1262.79792746114, 
                    787.1502590673575
                ], 
                [
                    1236.6839378238342, 
                    785.2849740932643
                ], 
                [
                    1236.6839378238342, 
                    863.6269430051814
                ], 
                [
                    1216.1658031088084, 
                    863.6269430051814
                ], 
                [
                    1212.4352331606217, 
                    781.5544041450778
                ], 
                [
                    1156.476683937824, 
                    766.6321243523316
                ], 
                [
                    1106.1139896373056, 
                    755.4404145077721
                ], 
                [
                    1066.9430051813472, 
                    744.2487046632125
                ], 
                [
                    1024.041450777202, 
                    733.0569948186529
                ], 
                [
                    979.2746113989638, 
                    720.0
                ], 
                [
                    932.6424870466321, 
                    712.5388601036269
                ], 
                [
                    904.6632124352332, 
                    705.077720207254
                ], 
                [
                    871.0880829015545, 
                    701.3471502590673
                ], 
                [
                    852.4352331606218, 
                    701.3471502590673
                ], 
                [
                    831.9170984455959, 
                    699.4818652849741
                ], 
                [
                    802.0725388601037, 
                    695.7512953367876
                ], 
                [
                    779.6891191709844, 
                    695.7512953367876
                ], 
                [
                    727.4611398963731, 
                    692.020725388601
                ], 
                [
                    721.8652849740932, 
                    692.020725388601
                ], 
                [
                    848.7046632124352, 
                    716.2694300518135
                ], 
                [
                    906.5284974093264, 
                    727.4611398963731
                ], 
                [
                    953.160621761658, 
                    744.2487046632125
                ], 
                [
                    1022.1761658031088, 
                    777.8238341968912
                ], 
                [
                    1093.0569948186528, 
                    824.4559585492228
                ], 
                [
                    1162.0725388601036, 
                    880.4145077720208
                ], 
                [
                    1216.1658031088084, 
                    923.3160621761658
                ], 
                [
                    1296.3730569948186, 
                    997.9274611398964
                ]
            ], 
            "user": "daid", 
            "verified": 0
        }, 
        {
            "date": "15-Nov-2018 17:20:35", 
            "deleted": 0, 
            "draw": true, 
            "id": 6, 
            "label": "sidewalk", 
            "polygon": [
                [
                    0.0, 
                    749.8445595854922
                ], 
                [
                    0.0, 
                    886.0103626943005
                ], 
                [
                    93.26424870466322, 
                    878.5492227979275
                ], 
                [
                    147.3575129533679, 
                    861.7616580310881
                ], 
                [
                    210.77720207253887, 
                    844.9740932642487
                ], 
                [
                    290.98445595854923, 
                    822.5906735751296
                ], 
                [
                    369.3264248704663, 
                    803.9378238341969
                ], 
                [
                    369.3264248704663, 
                    803.9378238341969
                ], 
                [
                    419.6891191709845, 
                    787.1502590673575
                ], 
                [
                    453.2642487046632, 
                    777.8238341968912
                ], 
                [
                    455.1295336787565, 
                    727.4611398963731
                ], 
                [
                    456.99481865284974, 
                    708.8082901554404
                ], 
                [
                    440.2072538860104, 
                    708.8082901554404
                ], 
                [
                    436.47668393782385, 
                    720.0
                ], 
                [
                    414.09326424870466, 
                    716.2694300518135
                ], 
                [
                    414.09326424870466, 
                    706.9430051813472
                ], 
                [
                    337.61658031088086, 
                    712.5388601036269
                ], 
                [
                    276.0621761658031, 
                    721.8652849740932
                ], 
                [
                    158.54922279792746, 
                    734.9222797927462
                ], 
                [
                    83.93782383419689, 
                    742.3834196891193
                ]
            ], 
            "user": "daid", 
            "verified": 0
        }, 
        {
            "date": "15-Nov-2018 17:20:53", 
            "deleted": 0, 
            "draw": true, 
            "id": 7, 
            "label": "pole", 
            "polygon": [
                [
                    1061.3471502590673, 
                    744.2487046632125
                ], 
                [
                    1072.538860103627, 
                    632.3316062176166
                ], 
                [
                    1076.2694300518135, 
                    742.3834196891193
                ], 
                [
                    1057.6165803108809, 
                    746.1139896373057
                ]
            ], 
            "user": "daid", 
            "verified": 0
        }
    ]
}