{
    "imgHeight": 1080, 
    "imgWidth": 1920, 
    "objects": [
        {
            "date": "15-Nov-2018 17:52:16", 
            "deleted": 0, 
            "draw": true, 
            "id": 0, 
            "label": "traffic light", 
            "polygon": [
                [
                    816.9948186528497, 
                    438.3419689119171
                ], 
                [
                    854.300518134715, 
                    440.2072538860104
                ], 
                [
                    850.5699481865286, 
                    360.0
                ], 
                [
                    818.860103626943, 
                    358.13471502590676
                ]
            ], 
            "user": "daid", 
            "verified": 0
        }, 
        {
            "date": "15-Nov-2018 17:52:29", 
            "deleted": 0, 
            "draw": true, 
            "id": 1, 
            "label": "traffic light", 
            "polygon": [
                [
                    977.4093264248705, 
                    421.55440414507774
                ], 
                [
                    1007.2538860103627, 
                    421.55440414507774
                ], 
                [
                    1009.119170984456, 
                    341.34715025906735
                ], 
                [
                    971.8134715025907, 
                    335.75129533678756
                ]
            ], 
            "user": "daid", 
            "verified": 0
        }, 
        {
            "date": "15-Nov-2018 17:52:39", 
            "deleted": 0, 
            "draw": true, 
            "id": 2, 
            "label": "traffic light", 
            "polygon": [
                [
                    1143.419689119171, 
                    604.3523316062176
                ], 
                [
                    1206.839378238342, 
                    606.2176165803108
                ], 
                [
                    1204.9740932642487, 
                    529.7409326424871
                ], 
                [
                    1139.6891191709844, 
                    529.7409326424871
                ]
            ], 
            "user": "daid", 
            "verified": 0
        }, 
        {
            "date": "15-Nov-2018 17:53:31", 
            "deleted": 0, 
            "draw": true, 
            "id": 3, 
            "label": "bus", 
            "polygon": [
                [
                    261.139896373057, 
                    738.6528497409327
                ], 
                [
                    443.93782383419693, 
                    740.5181347150259
                ], 
                [
                    449.5336787564767, 
                    699.4818652849741
                ], 
                [
                    460.7253886010363, 
                    669.6373056994819
                ], 
                [
                    455.1295336787565, 
                    647.2538860103627
                ], 
                [
                    456.99481865284974, 
                    552.1243523316062
                ], 
                [
                    456.99481865284974, 
                    537.2020725388601
                ], 
                [
                    296.580310880829, 
                    516.6839378238342
                ], 
                [
                    242.48704663212436, 
                    531.6062176165804
                ], 
                [
                    229.43005181347152, 
                    526.0103626943005
                ], 
                [
                    167.87564766839378, 
                    539.0673575129534
                ], 
                [
                    147.3575129533679, 
                    548.3937823834198
                ], 
                [
                    117.51295336787565, 
                    553.9896373056995
                ], 
                [
                    108.18652849740933, 
                    576.3730569948186
                ], 
                [
                    96.99481865284974, 
                    701.3471502590673
                ], 
                [
                    111.91709844559585, 
                    703.2124352331606
                ], 
                [
                    180.93264248704665, 
                    714.4041450777203
                ], 
                [
                    184.66321243523316, 
                    733.0569948186529
                ], 
                [
                    195.85492227979276, 
                    734.9222797927462
                ], 
                [
                    203.31606217616581, 
                    729.3264248704663
                ], 
                [
                    207.04663212435233, 
                    738.6528497409327
                ], 
                [
                    218.23834196891193, 
                    736.7875647668394
                ]
            ], 
            "user": "daid", 
            "verified": 0
        }, 
        {
            "date": "15-Nov-2018 17:53:53", 
            "deleted": 0, 
            "draw": true, 
            "id": 4, 
            "label": "car", 
            "polygon": [
                [
                    725.5958549222798, 
                    723.7305699481866
                ], 
                [
                    738.6528497409327, 
                    714.4041450777203
                ], 
                [
                    761.0362694300518, 
                    714.4041450777203
                ], 
                [
                    766.6321243523316, 
                    721.8652849740932
                ], 
                [
                    787.1502590673575, 
                    725.5958549222798
                ], 
                [
                    787.1502590673575, 
                    690.1554404145078
                ], 
                [
                    777.8238341968912, 
                    675.2331606217617
                ], 
                [
                    738.6528497409327, 
                    675.2331606217617
                ], 
                [
                    723.7305699481866, 
                    695.7512953367876
                ]
            ], 
            "user": "daid", 
            "verified": 0
        }, 
        {
            "date": "15-Nov-2018 17:54:09", 
            "deleted": 0, 
            "draw": true, 
            "id": 5, 
            "label": "car", 
            "polygon": [
                [
                    792.7461139896374, 
                    712.5388601036269
                ], 
                [
                    809.5336787564767, 
                    712.5388601036269
                ], 
                [
                    815.1295336787565, 
                    718.1347150259068
                ], 
                [
                    816.9948186528497, 
                    690.1554404145078
                ], 
                [
                    807.6683937823834, 
                    677.098445595855
                ], 
                [
                    783.419689119171, 
                    677.098445595855
                ], 
                [
                    789.0155440414508, 
                    693.8860103626944
                ]
            ], 
            "user": "daid", 
            "verified": 0
        }, 
        {
            "date": "15-Nov-2018 17:54:23", 
            "deleted": 0, 
            "draw": true, 
            "id": 6, 
            "label": "car", 
            "polygon": [
                [
                    820.7253886010363, 
                    703.2124352331606
                ], 
                [
                    854.300518134715, 
                    703.2124352331606
                ], 
                [
                    861.7616580310881, 
                    690.1554404145078
                ], 
                [
                    856.1658031088083, 
                    678.9637305699482
                ], 
                [
                    824.4559585492228, 
                    677.098445595855
                ], 
                [
                    815.1295336787565, 
                    686.4248704663213
                ]
            ], 
            "user": "daid", 
            "verified": 0
        }, 
        {
            "date": "15-Nov-2018 17:55:27", 
            "deleted": 0, 
            "draw": true, 
            "id": 7, 
            "label": "road", 
            "polygon": [
                [
                    1350.4663212435235, 
                    1079.0
                ], 
                [
                    1149.0155440414508, 
                    854.300518134715
                ], 
                [
                    1042.6943005181347, 
                    725.5958549222798
                ], 
                [
                    1022.1761658031088, 
                    693.8860103626944
                ], 
                [
                    975.5440414507773, 
                    690.1554404145078
                ], 
                [
                    953.160621761658, 
                    705.077720207254
                ], 
                [
                    913.9896373056995, 
                    697.6165803108809
                ], 
                [
                    884.1450777202073, 
                    692.020725388601
                ], 
                [
                    865.4922279792746, 
                    699.4818652849741
                ], 
                [
                    850.5699481865286, 
                    708.8082901554404
                ], 
                [
                    828.1865284974093, 
                    708.8082901554404
                ], 
                [
                    815.1295336787565, 
                    714.4041450777203
                ], 
                [
                    787.1502590673575, 
                    723.7305699481866
                ], 
                [
                    751.7098445595855, 
                    721.8652849740932
                ], 
                [
                    695.7512953367876, 
                    721.8652849740932
                ], 
                [
                    617.4093264248705, 
                    725.5958549222798
                ], 
                [
                    570.7772020725389, 
                    731.1917098445596
                ], 
                [
                    522.279792746114, 
                    734.9222797927462
                ], 
                [
                    455.1295336787565, 
                    729.3264248704663
                ], 
                [
                    442.07253886010363, 
                    742.3834196891193
                ], 
                [
                    399.17098445595855, 
                    742.3834196891193
                ], 
                [
                    261.139896373057, 
                    738.6528497409327
                ], 
                [
                    221.96891191709847, 
                    734.9222797927462
                ], 
                [
                    197.72020725388603, 
                    749.8445595854922
                ], 
                [
                    173.4715025906736, 
                    738.6528497409327
                ], 
                [
                    173.4715025906736, 
                    714.4041450777203
                ], 
                [
                    126.83937823834198, 
                    706.9430051813472
                ], 
                [
                    102.59067357512954, 
                    714.4041450777203
                ], 
                [
                    93.26424870466322, 
                    697.6165803108809
                ], 
                [
                    93.26424870466322, 
                    684.559585492228
                ], 
                [
                    0.0, 
                    665.9067357512954
                ], 
                [
                    0.0, 
                    1079.0
                ]
            ], 
            "user": "daid", 
            "verified": 0
        }, 
        {
            "date": "15-Nov-2018 17:55:47", 
            "deleted": 0, 
            "draw": true, 
            "id": 8, 
            "label": "pole", 
            "polygon": [
                [
                    1260.9326424870467, 
                    781.5544041450778
                ], 
                [
                    1260.9326424870467, 
                    516.6839378238342
                ], 
                [
                    1273.9896373056995, 
                    781.5544041450778
                ], 
                [
                    1259.0673575129533, 
                    777.8238341968912
                ], 
                [
                    1270.259067357513, 
                    781.5544041450778
                ]
            ], 
            "user": "daid", 
            "verified": 0
        }, 
        {
            "date": "15-Nov-2018 18:27:47", 
            "deleted": 0, 
            "draw": true, 
            "id": 9, 
            "label": "bridge", 
            "polygon": [
                [
                    0.0, 
                    608.0829015544042
                ], 
                [
                    108.18652849740933, 
                    587.5647668393783
                ], 
                [
                    115.64766839378238, 
                    557.720207253886
                ], 
                [
                    149.22279792746116, 
                    550.259067357513
                ], 
                [
                    192.12435233160622, 
                    531.6062176165804
                ], 
                [
                    229.43005181347152, 
                    524.1450777202073
                ], 
                [
                    248.08290155440415, 
                    527.8756476683938
                ], 
                [
                    287.2538860103627, 
                    520.4145077720208
                ], 
                [
                    455.1295336787565, 
                    535.3367875647668
                ], 
                [
                    596.8911917098446, 
                    516.6839378238342
                ], 
                [
                    701.3471502590673, 
                    501.7616580310881
                ], 
                [
                    878.5492227979275, 
                    481.2435233160622
                ], 
                [
                    1042.6943005181347, 
                    456.99481865284974
                ], 
                [
                    1201.2435233160622, 
                    438.3419689119171
                ], 
                [
                    1242.279792746114, 
                    429.01554404145077
                ], 
                [
                    1272.1243523316064, 
                    384.24870466321244
                ], 
                [
                    1128.497409326425, 
                    406.63212435233163
                ], 
                [
                    1126.6321243523316, 
                    358.13471502590676
                ], 
                [
                    1262.79792746114, 
                    335.75129533678756
                ], 
                [
                    1287.0466321243523, 
                    333.8860103626943
                ], 
                [
                    1328.082901554404, 
                    296.580310880829
                ], 
                [
                    1354.19689119171, 
                    261.139896373057
                ], 
                [
                    1009.119170984456, 
                    307.7720207253886
                ], 
                [
                    1010.9844559585492, 
                    345.0777202072539
                ], 
                [
                    1003.5233160621761, 
                    427.1502590673575
                ], 
                [
                    969.9481865284974, 
                    427.1502590673575
                ], 
                [
                    969.9481865284974, 
                    339.4818652849741
                ], 
                [
                    966.217616580311, 
                    318.9637305699482
                ], 
                [
                    854.300518134715, 
                    337.61658031088086
                ], 
                [
                    852.4352331606218, 
                    440.2072538860104
                ], 
                [
                    820.7253886010363, 
                    440.2072538860104
                ], 
                [
                    816.9948186528497, 
                    361.8652849740933
                ], 
                [
                    816.9948186528497, 
                    348.80829015544043
                ], 
                [
                    613.6787564766839, 
                    382.3834196891192
                ], 
                [
                    496.1658031088083, 
                    402.9015544041451
                ], 
                [
                    369.3264248704663, 
                    430.88082901554407
                ], 
                [
                    261.139896373057, 
                    455.1295336787565
                ], 
                [
                    156.6839378238342, 
                    477.51295336787564
                ], 
                [
                    67.15025906735751, 
                    503.6269430051814
                ], 
                [
                    0.0, 
                    527.8756476683938
                ]
            ], 
            "user": "daid", 
            "verified": 0
        }, 
        {
            "date": "15-Nov-2018 18:28:13", 
            "deleted": 0, 
            "draw": true, 
            "id": 10, 
            "label": "bridge", 
            "polygon": [
                [
                    820.7253886010363, 
                    350.6735751295337
                ], 
                [
                    852.4352331606218, 
                    343.21243523316065
                ], 
                [
                    852.4352331606218, 
                    358.13471502590676
                ], 
                [
                    815.1295336787565, 
                    352.538860103627
                ], 
                [
                    826.3212435233161, 
                    350.6735751295337
                ], 
                [
                    822.5906735751296, 
                    354.4041450777202
                ]
            ], 
            "user": "daid", 
            "verified": 0
        }, 
        {
            "date": "15-Nov-2018 18:28:23", 
            "deleted": 0, 
            "draw": true, 
            "id": 11, 
            "label": "bridge", 
            "polygon": [
                [
                    969.9481865284974, 
                    320.82901554404145
                ], 
                [
                    1009.119170984456, 
                    313.3678756476684
                ], 
                [
                    1010.9844559585492, 
                    339.4818652849741
                ], 
                [
                    973.6787564766839, 
                    337.61658031088086
                ]
            ], 
            "user": "daid", 
            "verified": 0
        }, 
        {
            "date": "15-Nov-2018 18:30:03", 
            "deleted": 0, 
            "draw": true, 
            "id": 12, 
            "label": "sidewalk", 
            "polygon": [
                [
                    1337.4093264248704, 
                    958.7564766839379
                ], 
                [
                    1343.0051813471503, 
                    958.7564766839379
                ], 
                [
                    1339.2746113989638, 
                    802.0725388601037
                ], 
                [
                    1384.041450777202, 
                    820.7253886010363
                ], 
                [
                    1456.7875647668395, 
                    848.7046632124352
                ], 
                [
                    1563.1088082901556, 
                    887.8756476683939
                ], 
                [
                    1665.699481865285, 
                    919.5854922279793
                ], 
                [
                    1781.3471502590673, 
                    953.160621761658
                ], 
                [
                    1878.341968911917, 
                    979.2746113989638
                ], 
                [
                    1919.0, 
                    983.0051813471503
                ], 
                [
                    1919.0, 
                    1076.2694300518135
                ], 
                [
                    1348.60103626943, 
                    1079.0
                ], 
                [
                    1240.4145077720207, 
                    955.0259067357513
                ], 
                [
                    1126.6321243523316, 
                    824.4559585492228
                ], 
                [
                    1066.9430051813472, 
                    751.7098445595855
                ], 
                [
                    1024.041450777202, 
                    692.020725388601
                ], 
                [
                    1035.2331606217617, 
                    688.2901554404145
                ], 
                [
                    1057.6165803108809, 
                    693.8860103626944
                ], 
                [
                    1063.2124352331607, 
                    708.8082901554404
                ], 
                [
                    1072.538860103627, 
                    705.077720207254
                ], 
                [
                    1078.1347150259069, 
                    721.8652849740932
                ], 
                [
                    1080.0, 
                    742.3834196891193
                ], 
                [
                    1087.4611398963732, 
                    742.3834196891193
                ], 
                [
                    1091.1917098445597, 
                    725.5958549222798
                ], 
                [
                    1094.9222797927462, 
                    725.5958549222798
                ], 
                [
                    1094.9222797927462, 
                    759.1709844559585
                ], 
                [
                    1104.2487046632125, 
                    762.9015544041451
                ], 
                [
                    1106.1139896373056, 
                    725.5958549222798
                ], 
                [
                    1126.6321243523316, 
                    725.5958549222798
                ], 
                [
                    1124.7668393782383, 
                    790.8808290155441
                ], 
                [
                    1137.8238341968913, 
                    792.7461139896374
                ], 
                [
                    1137.8238341968913, 
                    734.9222797927462
                ], 
                [
                    1178.860103626943, 
                    746.1139896373057
                ], 
                [
                    1180.7253886010362, 
                    841.2435233160622
                ], 
                [
                    1197.5129533678758, 
                    844.9740932642487
                ], 
                [
                    1199.3782383419689, 
                    753.5751295336788
                ], 
                [
                    1253.4715025906737, 
                    774.0932642487047
                ], 
                [
                    1259.0673575129533, 
                    787.1502590673575
                ], 
                [
                    1270.259067357513, 
                    787.1502590673575
                ], 
                [
                    1277.720207253886, 
                    785.2849740932643
                ], 
                [
                    1318.7564766839378, 
                    798.3419689119171
                ], 
                [
                    1324.3523316062176, 
                    958.7564766839379
                ]
            ], 
            "user": "daid", 
            "verified": 0
        }, 
        {
            "date": "15-Nov-2018 18:30:18", 
            "deleted": 0, 
            "draw": true, 
            "id": 13, 
            "label": "pole", 
            "polygon": [
                [
                    1328.082901554404, 
                    960.6217616580311
                ], 
                [
                    1343.0051813471503, 
                    962.4870466321244
                ], 
                [
                    1333.678756476684, 
                    762.9015544041451
                ], 
                [
                    1322.4870466321245, 
                    761.0362694300518
                ]
            ], 
            "user": "daid", 
            "verified": 0
        }, 
        {
            "date": "15-Nov-2018 18:30:32", 
            "deleted": 0, 
            "draw": true, 
            "id": 14, 
            "label": "pole", 
            "polygon": [
                [
                    1186.321243523316, 
                    843.1088082901555
                ], 
                [
                    1193.7823834196893, 
                    843.1088082901555
                ], 
                [
                    1193.7823834196893, 
                    720.0
                ], 
                [
                    1182.5906735751296, 
                    720.0
                ], 
                [
                    1184.455958549223, 
                    846.839378238342
                ]
            ], 
            "user": "daid", 
            "verified": 0
        }, 
        {
            "date": "15-Nov-2018 18:30:47", 
            "deleted": 0, 
            "draw": true, 
            "id": 15, 
            "label": "pole", 
            "polygon": [
                [
                    1128.497409326425, 
                    790.8808290155441
                ], 
                [
                    1135.958549222798, 
                    790.8808290155441
                ], 
                [
                    1135.958549222798, 
                    708.8082901554404
                ], 
                [
                    1130.3626943005181, 
                    708.8082901554404
                ], 
                [
                    1130.3626943005181, 
                    787.1502590673575
                ]
            ], 
            "user": "daid", 
            "verified": 0
        }, 
        {
            "date": "15-Nov-2018 18:31:07", 
            "deleted": 0, 
            "draw": true, 
            "id": 16, 
            "label": "pole", 
            "polygon": [
                [
                    1100.518134715026, 
                    761.0362694300518
                ], 
                [
                    1100.518134715026, 
                    710.6735751295337
                ], 
                [
                    1106.1139896373056, 
                    762.9015544041451
                ]
            ], 
            "user": "daid", 
            "verified": 0
        }, 
        {
            "date": "15-Nov-2018 18:31:30", 
            "deleted": 0, 
            "draw": true, 
            "id": 17, 
            "label": "sidewalk", 
            "polygon": [
                [
                    455.1295336787565, 
                    710.6735751295337
                ], 
                [
                    473.78238341968915, 
                    714.4041450777203
                ], 
                [
                    505.4922279792746, 
                    714.4041450777203
                ], 
                [
                    553.9896373056995, 
                    712.5388601036269
                ], 
                [
                    563.3160621761658, 
                    714.4041450777203
                ], 
                [
                    563.3160621761658, 
                    731.1917098445596
                ], 
                [
                    539.0673575129534, 
                    734.9222797927462
                ], 
                [
                    511.0880829015544, 
                    731.1917098445596
                ], 
                [
                    479.37823834196894, 
                    731.1917098445596
                ], 
                [
                    451.39896373056996, 
                    729.3264248704663
                ]
            ], 
            "user": "daid", 
            "verified": 0
        }, 
        {
            "date": "15-Nov-2018 18:31:43", 
            "deleted": 0, 
            "draw": true, 
            "id": 18, 
            "label": "sidewalk", 
            "polygon": [
                [
                    578.238341968912, 
                    712.5388601036269
                ], 
                [
                    608.0829015544042, 
                    712.5388601036269
                ], 
                [
                    637.9274611398964, 
                    710.6735751295337
                ], 
                [
                    664.041450777202, 
                    708.8082901554404
                ], 
                [
                    675.2331606217617, 
                    712.5388601036269
                ], 
                [
                    596.8911917098446, 
                    727.4611398963731
                ], 
                [
                    580.1036269430052, 
                    729.3264248704663
                ]
            ], 
            "user": "daid", 
            "verified": 0
        }
    ]
}