{
    "imgHeight": 1080, 
    "imgWidth": 1920, 
    "objects": [
        {
            "date": "15-Nov-2018 12:05:08", 
            "deleted": 0, 
            "draw": true, 
            "id": 0, 
            "label": "person", 
            "polygon": [
                [
                    1081.8652849740934, 
                    665.9067357512954
                ], 
                [
                    1078.1347150259069, 
                    678.9637305699482
                ], 
                [
                    1070.6735751295337, 
                    695.7512953367876
                ], 
                [
                    1070.6735751295337, 
                    708.8082901554404
                ], 
                [
                    1066.9430051813472, 
                    725.5958549222798
                ], 
                [
                    1072.538860103627, 
                    746.1139896373057
                ], 
                [
                    1072.538860103627, 
                    762.9015544041451
                ], 
                [
                    1070.6735751295337, 
                    774.0932642487047
                ], 
                [
                    1068.8082901554405, 
                    785.2849740932643
                ], 
                [
                    1057.6165803108809, 
                    789.0155440414508
                ], 
                [
                    1063.2124352331607, 
                    798.3419689119171
                ], 
                [
                    1080.0, 
                    811.39896373057
                ], 
                [
                    1089.3264248704663, 
                    798.3419689119171
                ], 
                [
                    1089.3264248704663, 
                    762.9015544041451
                ], 
                [
                    1096.7875647668395, 
                    775.958549222798
                ], 
                [
                    1111.7098445595855, 
                    781.5544041450778
                ], 
                [
                    1122.9015544041451, 
                    798.3419689119171
                ], 
                [
                    1134.0932642487046, 
                    815.1295336787565
                ], 
                [
                    1149.0155440414508, 
                    796.4766839378239
                ], 
                [
                    1134.0932642487046, 
                    777.8238341968912
                ], 
                [
                    1121.0362694300518, 
                    759.1709844559585
                ], 
                [
                    1121.0362694300518, 
                    749.8445595854922
                ], 
                [
                    1122.9015544041451, 
                    727.4611398963731
                ], 
                [
                    1128.497409326425, 
                    720.0
                ], 
                [
                    1107.979274611399, 
                    684.559585492228
                ], 
                [
                    1094.9222797927462, 
                    669.6373056994819
                ]
            ], 
            "user": "daid", 
            "verified": 0
        }, 
        {
            "date": "15-Nov-2018 12:05:28", 
            "deleted": 0, 
            "draw": true, 
            "id": 1, 
            "label": "person", 
            "polygon": [
                [
                    1037.0984455958549, 
                    658.4455958549223
                ], 
                [
                    1027.7720207253885, 
                    678.9637305699482
                ], 
                [
                    1025.9067357512954, 
                    692.020725388601
                ], 
                [
                    1020.3108808290156, 
                    701.3471502590673
                ], 
                [
                    1020.3108808290156, 
                    716.2694300518135
                ], 
                [
                    1022.1761658031088, 
                    733.0569948186529
                ], 
                [
                    1022.1761658031088, 
                    747.979274611399
                ], 
                [
                    1025.9067357512954, 
                    759.1709844559585
                ], 
                [
                    1027.7720207253885, 
                    772.2279792746115
                ], 
                [
                    1044.559585492228, 
                    770.3626943005181
                ], 
                [
                    1046.4248704663212, 
                    751.7098445595855
                ], 
                [
                    1055.7512953367875, 
                    729.3264248704663
                ], 
                [
                    1057.6165803108809, 
                    705.077720207254
                ], 
                [
                    1061.3471502590673, 
                    695.7512953367876
                ], 
                [
                    1053.8860103626944, 
                    675.2331606217617
                ]
            ], 
            "user": "daid", 
            "verified": 0
        }, 
        {
            "date": "15-Nov-2018 16:38:34", 
            "deleted": 0, 
            "draw": true, 
            "id": 2, 
            "label": "car", 
            "polygon": [
                [
                    1275.8549222797928, 
                    772.2279792746115
                ], 
                [
                    1281.4507772020727, 
                    772.2279792746115
                ], 
                [
                    1281.4507772020727, 
                    761.0362694300518
                ], 
                [
                    1305.699481865285, 
                    753.5751295336788
                ], 
                [
                    1309.4300518134714, 
                    764.7668393782384
                ], 
                [
                    1339.2746113989638, 
                    742.3834196891193
                ], 
                [
                    1370.9844559585492, 
                    721.8652849740932
                ], 
                [
                    1398.9637305699482, 
                    708.8082901554404
                ], 
                [
                    1426.9430051813472, 
                    708.8082901554404
                ], 
                [
                    1523.937823834197, 
                    710.6735751295337
                ], 
                [
                    1579.896373056995, 
                    714.4041450777203
                ], 
                [
                    1633.9896373056995, 
                    714.4041450777203
                ], 
                [
                    1689.9481865284974, 
                    714.4041450777203
                ], 
                [
                    1721.658031088083, 
                    714.4041450777203
                ], 
                [
                    1749.6373056994819, 
                    720.0
                ], 
                [
                    1796.2694300518135, 
                    733.0569948186529
                ], 
                [
                    1852.2279792746115, 
                    785.2849740932643
                ], 
                [
                    1869.0155440414508, 
                    798.3419689119171
                ], 
                [
                    1919.0, 
                    835.6476683937824
                ], 
                [
                    1919.0, 
                    1066.9430051813472
                ], 
                [
                    1643.3160621761658, 
                    1061.3471502590673
                ], 
                [
                    1544.455958549223, 
                    1027.7720207253885
                ], 
                [
                    1540.7253886010362, 
                    1048.2901554404145
                ], 
                [
                    1527.6683937823834, 
                    1052.020725388601
                ], 
                [
                    1505.2849740932643, 
                    1052.020725388601
                ], 
                [
                    1479.1709844559587, 
                    1052.020725388601
                ], 
                [
                    1454.9222797927462, 
                    1042.6943005181347
                ], 
                [
                    1441.8652849740934, 
                    1025.9067357512954
                ], 
                [
                    1436.2694300518135, 
                    996.0621761658032
                ], 
                [
                    1305.699481865285, 
                    893.4715025906736
                ], 
                [
                    1288.9119170984457, 
                    906.5284974093264
                ], 
                [
                    1255.3367875647668, 
                    895.3367875647668
                ], 
                [
                    1249.740932642487, 
                    884.1450777202073
                ], 
                [
                    1247.8756476683939, 
                    856.1658031088083
                ], 
                [
                    1242.279792746114, 
                    820.7253886010363
                ], 
                [
                    1246.0103626943005, 
                    803.9378238341969
                ], 
                [
                    1259.0673575129533, 
                    783.419689119171
                ]
            ], 
            "user": "daid", 
            "verified": 0
        }, 
        {
            "date": "15-Nov-2018 16:38:53", 
            "deleted": 0, 
            "draw": true, 
            "id": 3, 
            "label": "traffic light", 
            "polygon": [
                [
                    649.119170984456, 
                    580.1036269430052
                ], 
                [
                    688.2901554404145, 
                    581.9689119170985
                ], 
                [
                    695.7512953367876, 
                    488.70466321243526
                ], 
                [
                    652.8497409326425, 
                    481.2435233160622
                ]
            ], 
            "user": "daid", 
            "verified": 0
        }, 
        {
            "date": "15-Nov-2018 16:39:06", 
            "deleted": 0, 
            "draw": true, 
            "id": 4, 
            "label": "traffic light", 
            "polygon": [
                [
                    1307.5647668393783, 
                    628.6010362694301
                ], 
                [
                    1357.9274611398964, 
                    626.7357512953369
                ], 
                [
                    1359.7927461139898, 
                    565.1813471502591
                ], 
                [
                    1305.699481865285, 
                    563.3160621761658
                ]
            ], 
            "user": "daid", 
            "verified": 0
        }, 
        {
            "date": "15-Nov-2018 16:39:14", 
            "deleted": 0, 
            "draw": true, 
            "id": 5, 
            "label": "traffic light", 
            "polygon": [
                [
                    1723.5233160621763, 
                    647.2538860103627
                ], 
                [
                    1755.2331606217617, 
                    649.119170984456
                ], 
                [
                    1755.2331606217617, 
                    578.238341968912
                ], 
                [
                    1717.9274611398964, 
                    578.238341968912
                ]
            ], 
            "user": "daid", 
            "verified": 0
        }, 
        {
            "date": "15-Nov-2018 16:39:37", 
            "deleted": 0, 
            "draw": true, 
            "id": 6, 
            "label": "car", 
            "polygon": [
                [
                    1725.3886010362694, 
                    712.5388601036269
                ], 
                [
                    1764.559585492228, 
                    710.6735751295337
                ], 
                [
                    1809.3264248704663, 
                    718.1347150259068
                ], 
                [
                    1844.7668393782385, 
                    725.5958549222798
                ], 
                [
                    1876.476683937824, 
                    746.1139896373057
                ], 
                [
                    1889.5336787564768, 
                    777.8238341968912
                ], 
                [
                    1896.9948186528497, 
                    796.4766839378239
                ], 
                [
                    1891.39896373057, 
                    805.8031088082902
                ], 
                [
                    1870.8808290155441, 
                    802.0725388601037
                ], 
                [
                    1807.4611398963732, 
                    738.6528497409327
                ], 
                [
                    1788.8082901554405, 
                    729.3264248704663
                ]
            ], 
            "user": "daid", 
            "verified": 0
        }, 
        {
            "date": "15-Nov-2018 16:40:29", 
            "deleted": 0, 
            "draw": true, 
            "id": 7, 
            "label": "sidewalk", 
            "polygon": [
                [
                    1.8652849740932642, 
                    867.3575129533679
                ], 
                [
                    162.279792746114, 
                    839.378238341969
                ], 
                [
                    138.03108808290156, 
                    1022.1761658031088
                ], 
                [
                    134.30051813471502, 
                    1042.6943005181347
                ], 
                [
                    177.2020725388601, 
                    1052.020725388601
                ], 
                [
                    227.56476683937825, 
                    1050.155440414508
                ], 
                [
                    274.1968911917099, 
                    1038.9637305699482
                ], 
                [
                    290.98445595854923, 
                    1020.3108808290156
                ], 
                [
                    307.7720207253886, 
                    822.5906735751296
                ], 
                [
                    621.139896373057, 
                    783.419689119171
                ], 
                [
                    621.139896373057, 
                    794.6113989637306
                ], 
                [
                    626.7357512953369, 
                    802.0725388601037
                ], 
                [
                    649.119170984456, 
                    802.0725388601037
                ], 
                [
                    650.9844559585492, 
                    787.1502590673575
                ], 
                [
                    708.8082901554404, 
                    787.1502590673575
                ], 
                [
                    721.8652849740932, 
                    787.1502590673575
                ], 
                [
                    675.2331606217617, 
                    921.4507772020726
                ], 
                [
                    608.0829015544042, 
                    1029.6373056994819
                ], 
                [
                    576.3730569948186, 
                    1078.1347150259069
                ], 
                [
                    0.0, 
                    1079.0
                ]
            ], 
            "user": "daid", 
            "verified": 0
        }, 
        {
            "date": "15-Nov-2018 16:40:55", 
            "deleted": 0, 
            "draw": true, 
            "id": 8, 
            "label": "traffic sign", 
            "polygon": [
                [
                    1305.699481865285, 
                    527.8756476683938
                ], 
                [
                    1357.9274611398964, 
                    531.6062176165804
                ], 
                [
                    1357.9274611398964, 
                    511.0880829015544
                ], 
                [
                    1309.4300518134714, 
                    507.3575129533679
                ], 
                [
                    1290.777202072539, 
                    516.6839378238342
                ], 
                [
                    1309.4300518134714, 
                    529.7409326424871
                ]
            ], 
            "user": "daid", 
            "verified": 0
        }, 
        {
            "date": "15-Nov-2018 16:42:25", 
            "deleted": 0, 
            "draw": true, 
            "id": 9, 
            "label": "road", 
            "polygon": [
                [
                    583.8341968911917, 
                    1079.0
                ], 
                [
                    678.9637305699482, 
                    923.3160621761658
                ], 
                [
                    725.5958549222798, 
                    785.2849740932643
                ], 
                [
                    650.9844559585492, 
                    779.6891191709844
                ], 
                [
                    658.4455958549223, 
                    690.1554404145078
                ], 
                [
                    830.0518134715027, 
                    706.9430051813472
                ], 
                [
                    899.0673575129534, 
                    706.9430051813472
                ], 
                [
                    986.7357512953369, 
                    710.6735751295337
                ], 
                [
                    1012.8497409326425, 
                    712.5388601036269
                ], 
                [
                    1016.5803108808291, 
                    742.3834196891193
                ], 
                [
                    1024.041450777202, 
                    774.0932642487047
                ], 
                [
                    1042.6943005181347, 
                    774.0932642487047
                ], 
                [
                    1055.7512953367875, 
                    774.0932642487047
                ], 
                [
                    1053.8860103626944, 
                    790.8808290155441
                ], 
                [
                    1081.8652849740934, 
                    813.2642487046633
                ], 
                [
                    1096.7875647668395, 
                    789.0155440414508
                ], 
                [
                    1094.9222797927462, 
                    777.8238341968912
                ], 
                [
                    1109.8445595854923, 
                    783.419689119171
                ], 
                [
                    1132.2279792746115, 
                    815.1295336787565
                ], 
                [
                    1154.6113989637306, 
                    800.2072538860103
                ], 
                [
                    1126.6321243523316, 
                    762.9015544041451
                ], 
                [
                    1162.0725388601036, 
                    759.1709844559585
                ], 
                [
                    1175.1295336787566, 
                    757.3056994818653
                ], 
                [
                    1257.2020725388602, 
                    785.2849740932643
                ], 
                [
                    1244.1450777202074, 
                    809.5336787564767
                ], 
                [
                    1249.740932642487, 
                    891.6062176165804
                ], 
                [
                    1294.5077720207255, 
                    904.6632124352332
                ], 
                [
                    1307.5647668393783, 
                    899.0673575129534
                ], 
                [
                    1434.4041450777202, 
                    997.9274611398964
                ], 
                [
                    1438.1347150259069, 
                    1029.6373056994819
                ], 
                [
                    1475.4404145077722, 
                    1052.020725388601
                ], 
                [
                    1529.5336787564768, 
                    1055.7512953367875
                ], 
                [
                    1548.1865284974094, 
                    1050.155440414508
                ], 
                [
                    1548.1865284974094, 
                    1029.6373056994819
                ], 
                [
                    1641.4507772020727, 
                    1063.2124352331607
                ], 
                [
                    1760.8290155440416, 
                    1065.0777202072538
                ], 
                [
                    1919.0, 
                    1065.0777202072538
                ], 
                [
                    1919.0, 
                    1079.0
                ]
            ], 
            "user": "daid", 
            "verified": 0
        }, 
        {
            "date": "15-Nov-2018 16:43:15", 
            "deleted": 0, 
            "draw": true, 
            "id": 10, 
            "label": "car", 
            "polygon": [
                [
                    1152.7461139896373, 
                    701.3471502590673
                ], 
                [
                    1163.937823834197, 
                    714.4041450777203
                ], 
                [
                    1178.860103626943, 
                    710.6735751295337
                ], 
                [
                    1176.9948186528497, 
                    703.2124352331606
                ], 
                [
                    1212.4352331606217, 
                    705.077720207254
                ], 
                [
                    1214.300518134715, 
                    686.4248704663213
                ], 
                [
                    1210.5699481865286, 
                    669.6373056994819
                ], 
                [
                    1182.5906735751296, 
                    669.6373056994819
                ], 
                [
                    1158.341968911917, 
                    669.6373056994819
                ], 
                [
                    1149.0155440414508, 
                    678.9637305699482
                ], 
                [
                    1141.5544041450778, 
                    682.6943005181347
                ], 
                [
                    1141.5544041450778, 
                    705.077720207254
                ]
            ], 
            "user": "daid", 
            "verified": 0
        }, 
        {
            "date": "15-Nov-2018 16:43:31", 
            "deleted": 0, 
            "draw": true, 
            "id": 11, 
            "label": "car", 
            "polygon": [
                [
                    1229.2227979274612, 
                    708.8082901554404
                ], 
                [
                    1236.6839378238342, 
                    708.8082901554404
                ], 
                [
                    1246.0103626943005, 
                    706.9430051813472
                ], 
                [
                    1246.0103626943005, 
                    692.020725388601
                ], 
                [
                    1246.0103626943005, 
                    678.9637305699482
                ], 
                [
                    1234.818652849741, 
                    671.5025906735751
                ], 
                [
                    1227.3575129533679, 
                    671.5025906735751
                ], 
                [
                    1227.3575129533679, 
                    712.5388601036269
                ]
            ], 
            "user": "daid", 
            "verified": 0
        }, 
        {
            "date": "15-Nov-2018 16:43:56", 
            "deleted": 0, 
            "draw": true, 
            "id": 12, 
            "label": "road", 
            "polygon": [
                [
                    1132.2279792746115, 
                    712.5388601036269
                ], 
                [
                    1214.300518134715, 
                    720.0
                ], 
                [
                    1214.300518134715, 
                    734.9222797927462
                ], 
                [
                    1132.2279792746115, 
                    729.3264248704663
                ]
            ], 
            "user": "daid", 
            "verified": 0
        }, 
        {
            "date": "15-Nov-2018 16:44:07", 
            "deleted": 0, 
            "draw": true, 
            "id": 13, 
            "label": "road", 
            "polygon": [
                [
                    1225.4922279792747, 
                    721.8652849740932
                ], 
                [
                    1227.3575129533679, 
                    738.6528497409327
                ], 
                [
                    1316.8911917098446, 
                    740.5181347150259
                ], 
                [
                    1316.8911917098446, 
                    721.8652849740932
                ]
            ], 
            "user": "daid", 
            "verified": 0
        }, 
        {
            "date": "15-Nov-2018 16:44:16", 
            "deleted": 0, 
            "draw": true, 
            "id": 14, 
            "label": "road", 
            "polygon": [
                [
                    1333.678756476684, 
                    723.7305699481866
                ], 
                [
                    1333.678756476684, 
                    736.7875647668394
                ], 
                [
                    1357.9274611398964, 
                    727.4611398963731
                ]
            ], 
            "user": "daid", 
            "verified": 0
        }, 
        {
            "date": "15-Nov-2018 16:44:37", 
            "deleted": 0, 
            "draw": true, 
            "id": 15, 
            "label": "car", 
            "polygon": [
                [
                    992.3316062176166, 
                    706.9430051813472
                ], 
                [
                    1010.9844559585492, 
                    710.6735751295337
                ], 
                [
                    1025.9067357512954, 
                    697.6165803108809
                ], 
                [
                    1027.7720207253885, 
                    682.6943005181347
                ], 
                [
                    1031.5025906735752, 
                    669.6373056994819
                ], 
                [
                    1020.3108808290156, 
                    677.098445595855
                ], 
                [
                    1005.3886010362695, 
                    682.6943005181347
                ], 
                [
                    986.7357512953369, 
                    690.1554404145078
                ], 
                [
                    983.0051813471503, 
                    697.6165803108809
                ]
            ], 
            "user": "daid", 
            "verified": 0
        }, 
        {
            "date": "15-Nov-2018 19:17:32", 
            "deleted": 0, 
            "draw": true, 
            "id": 16, 
            "label": "road", 
            "polygon": [
                [
                    0.0, 
                    710.6735751295337
                ], 
                [
                    160.41450777202073, 
                    705.077720207254
                ], 
                [
                    175.33678756476684, 
                    705.077720207254
                ], 
                [
                    166.0103626943005, 
                    833.7823834196892
                ], 
                [
                    1.8652849740932642, 
                    865.4922279792746
                ]
            ], 
            "user": "daid", 
            "verified": 0
        }, 
        {
            "date": "15-Nov-2018 19:18:10", 
            "deleted": 0, 
            "draw": true, 
            "id": 17, 
            "label": "road", 
            "polygon": [
                [
                    324.559585492228, 
                    712.5388601036269
                ], 
                [
                    346.9430051813472, 
                    712.5388601036269
                ], 
                [
                    352.538860103627, 
                    695.7512953367876
                ], 
                [
                    404.76683937823833, 
                    692.020725388601
                ], 
                [
                    384.24870466321244, 
                    710.6735751295337
                ], 
                [
                    361.8652849740933, 
                    734.9222797927462
                ], 
                [
                    423.419689119171, 
                    738.6528497409327
                ], 
                [
                    445.8031088082902, 
                    738.6528497409327
                ], 
                [
                    460.7253886010363, 
                    720.0
                ], 
                [
                    473.78238341968915, 
                    701.3471502590673
                ], 
                [
                    479.37823834196894, 
                    686.4248704663213
                ], 
                [
                    512.9533678756477, 
                    690.1554404145078
                ], 
                [
                    540.9326424870467, 
                    690.1554404145078
                ], 
                [
                    617.4093264248705, 
                    690.1554404145078
                ], 
                [
                    621.139896373057, 
                    706.9430051813472
                ], 
                [
                    628.6010362694301, 
                    708.8082901554404
                ], 
                [
                    628.6010362694301, 
                    740.5181347150259
                ], 
                [
                    626.7357512953369, 
                    772.2279792746115
                ], 
                [
                    624.8704663212435, 
                    779.6891191709844
                ], 
                [
                    317.0984455958549, 
                    820.7253886010363
                ]
            ], 
            "user": "daid", 
            "verified": 0
        }, 
        {
            "date": "15-Nov-2018 19:18:39", 
            "deleted": 0, 
            "draw": true, 
            "id": 18, 
            "label": "sidewalk", 
            "polygon": [
                [
                    404.76683937823833, 
                    692.020725388601
                ], 
                [
                    367.4611398963731, 
                    733.0569948186529
                ], 
                [
                    430.88082901554407, 
                    740.5181347150259
                ], 
                [
                    458.86010362694304, 
                    723.7305699481866
                ], 
                [
                    477.51295336787564, 
                    695.7512953367876
                ], 
                [
                    442.07253886010363, 
                    693.8860103626944
                ], 
                [
                    430.88082901554407, 
                    693.8860103626944
                ], 
                [
                    427.1502590673575, 
                    712.5388601036269
                ], 
                [
                    417.8238341968912, 
                    712.5388601036269
                ], 
                [
                    415.95854922279796, 
                    699.4818652849741
                ]
            ], 
            "user": "daid", 
            "verified": 0
        }, 
        {
            "date": "15-Nov-2018 20:06:19", 
            "deleted": 0, 
            "draw": true, 
            "id": 19, 
            "label": "pole", 
            "polygon": [
                [
                    139.89637305699483, 
                    1040.8290155440416
                ], 
                [
                    184.66321243523316, 
                    1050.155440414508
                ], 
                [
                    225.69948186528498, 
                    1052.020725388601
                ], 
                [
                    264.87046632124355, 
                    1048.2901554404145
                ], 
                [
                    277.92746113989637, 
                    1035.2331606217617
                ], 
                [
                    292.8497409326425, 
                    1016.5803108808291
                ], 
                [
                    417.8238341968912, 
                    0.0
                ], 
                [
                    287.2538860103627, 
                    0.0
                ], 
                [
                    193.9896373056995, 
                    673.3678756476684
                ], 
                [
                    164.14507772020727, 
                    871.0880829015545
                ]
            ], 
            "user": "daid", 
            "verified": 0
        }, 
        {
            "date": "15-Nov-2018 20:06:36", 
            "deleted": 0, 
            "draw": true, 
            "id": 20, 
            "label": "pole", 
            "polygon": [
                [
                    988.6010362694301, 
                    686.4248704663213
                ], 
                [
                    997.9274611398964, 
                    527.8756476683938
                ], 
                [
                    1003.5233160621761, 
                    529.7409326424871
                ], 
                [
                    997.9274611398964, 
                    682.6943005181347
                ]
            ], 
            "user": "daid", 
            "verified": 0
        }, 
        {
            "date": "15-Nov-2018 20:06:48", 
            "deleted": 0, 
            "draw": true, 
            "id": 21, 
            "label": "pole", 
            "polygon": [
                [
                    733.0569948186529, 
                    678.9637305699482
                ], 
                [
                    740.5181347150259, 
                    483.1088082901555
                ], 
                [
                    747.979274611399, 
                    483.1088082901555
                ], 
                [
                    742.3834196891193, 
                    680.8290155440415
                ]
            ], 
            "user": "daid", 
            "verified": 0
        }, 
        {
            "date": "15-Nov-2018 20:18:26", 
            "deleted": 0, 
            "draw": true, 
            "id": 22, 
            "label": "building", 
            "polygon": [
                [
                    798.3419689119171, 
                    376.7875647668394
                ], 
                [
                    966.217616580311, 
                    399.17098445595855
                ], 
                [
                    1066.9430051813472, 
                    417.8238341968912
                ], 
                [
                    1169.5336787564768, 
                    443.93782383419693
                ], 
                [
                    1193.7823834196893, 
                    466.32124352331607
                ], 
                [
                    1316.8911917098446, 
                    464.4559585492228
                ], 
                [
                    1316.8911917098446, 
                    499.89637305699483
                ], 
                [
                    1275.8549222797928, 
                    501.7616580310881
                ], 
                [
                    1273.9896373056995, 
                    557.720207253886
                ], 
                [
                    1167.6683937823834, 
                    533.4715025906736
                ], 
                [
                    1186.321243523316, 
                    630.4663212435233
                ], 
                [
                    1149.0155440414508, 
                    630.4663212435233
                ], 
                [
                    1137.8238341968913, 
                    583.8341968911917
                ], 
                [
                    1038.9637305699482, 
                    581.9689119170985
                ], 
                [
                    1033.3678756476684, 
                    526.0103626943005
                ], 
                [
                    986.7357512953369, 
                    522.279792746114
                ], 
                [
                    906.5284974093264, 
                    581.9689119170985
                ], 
                [
                    803.9378238341969, 
                    587.5647668393783
                ]
            ], 
            "user": "daid", 
            "verified": 0
        }
    ]
}