{
    "imgHeight": 1080, 
    "imgWidth": 1920, 
    "objects": [
        {
            "date": "15-Nov-2018 16:55:51", 
            "deleted": 0, 
            "draw": true, 
            "id": 0, 
            "label": "car", 
            "polygon": [
                [
                    1091.1917098445597, 
                    736.7875647668394
                ], 
                [
                    1121.0362694300518, 
                    736.7875647668394
                ], 
                [
                    1126.6321243523316, 
                    746.1139896373057
                ], 
                [
                    1145.2849740932643, 
                    747.979274611399
                ], 
                [
                    1145.2849740932643, 
                    720.0
                ], 
                [
                    1141.5544041450778, 
                    703.2124352331606
                ], 
                [
                    1128.497409326425, 
                    693.8860103626944
                ], 
                [
                    1102.3834196891191, 
                    693.8860103626944
                ], 
                [
                    1085.5958549222798, 
                    705.077720207254
                ], 
                [
                    1072.538860103627, 
                    708.8082901554404
                ], 
                [
                    1072.538860103627, 
                    723.7305699481866
                ], 
                [
                    1074.4041450777202, 
                    738.6528497409327
                ]
            ], 
            "user": "daid", 
            "verified": 0
        }, 
        {
            "date": "15-Nov-2018 16:56:57", 
            "deleted": 0, 
            "draw": true, 
            "id": 1, 
            "label": "road", 
            "polygon": [
                [
                    1.8652849740932642, 
                    837.5129533678756
                ], 
                [
                    460.7253886010363, 
                    762.9015544041451
                ], 
                [
                    639.7927461139897, 
                    731.1917098445596
                ], 
                [
                    744.2487046632125, 
                    712.5388601036269
                ], 
                [
                    816.9948186528497, 
                    710.6735751295337
                ], 
                [
                    830.0518134715027, 
                    720.0
                ], 
                [
                    886.0103626943005, 
                    720.0
                ], 
                [
                    927.0466321243524, 
                    710.6735751295337
                ], 
                [
                    973.6787564766839, 
                    695.7512953367876
                ], 
                [
                    1001.6580310880829, 
                    697.6165803108809
                ], 
                [
                    1016.5803108808291, 
                    688.2901554404145
                ], 
                [
                    1040.8290155440416, 
                    690.1554404145078
                ], 
                [
                    1050.155440414508, 
                    692.020725388601
                ], 
                [
                    1050.155440414508, 
                    706.9430051813472
                ], 
                [
                    1066.9430051813472, 
                    705.077720207254
                ], 
                [
                    1066.9430051813472, 
                    734.9222797927462
                ], 
                [
                    1089.3264248704663, 
                    742.3834196891193
                ], 
                [
                    1121.0362694300518, 
                    742.3834196891193
                ], 
                [
                    1141.5544041450778, 
                    747.979274611399
                ], 
                [
                    1158.341968911917, 
                    725.5958549222798
                ], 
                [
                    1421.3471502590673, 
                    796.4766839378239
                ], 
                [
                    1518.341968911917, 
                    803.9378238341969
                ], 
                [
                    1624.6632124352332, 
                    815.1295336787565
                ], 
                [
                    1699.2746113989638, 
                    816.9948186528497
                ], 
                [
                    1773.8860103626944, 
                    818.860103626943
                ], 
                [
                    1833.5751295336788, 
                    824.4559585492228
                ], 
                [
                    1891.39896373057, 
                    822.5906735751296
                ], 
                [
                    1917.5129533678758, 
                    820.7253886010363
                ], 
                [
                    1919.0, 
                    1079.0
                ], 
                [
                    0.0, 
                    1079.0
                ]
            ], 
            "user": "daid", 
            "verified": 0
        }, 
        {
            "date": "15-Nov-2018 16:57:41", 
            "deleted": 0, 
            "draw": true, 
            "id": 2, 
            "label": "sidewalk", 
            "polygon": [
                [
                    1919.0, 
                    816.9948186528497
                ], 
                [
                    1919.0, 
                    787.1502590673575
                ], 
                [
                    1822.3834196891191, 
                    783.419689119171
                ], 
                [
                    1755.2331606217617, 
                    783.419689119171
                ], 
                [
                    1701.1398963730571, 
                    779.6891191709844
                ], 
                [
                    1647.0466321243523, 
                    774.0932642487047
                ], 
                [
                    1619.0673575129533, 
                    770.3626943005181
                ], 
                [
                    1606.0103626943005, 
                    777.8238341968912
                ], 
                [
                    1570.5699481865286, 
                    779.6891191709844
                ], 
                [
                    1544.455958549223, 
                    766.6321243523316
                ], 
                [
                    1490.3626943005181, 
                    764.7668393782384
                ], 
                [
                    1462.3834196891191, 
                    772.2279792746115
                ], 
                [
                    1462.3834196891191, 
                    755.4404145077721
                ], 
                [
                    1415.7512953367875, 
                    751.7098445595855
                ], 
                [
                    1374.7150259067357, 
                    749.8445595854922
                ], 
                [
                    1324.3523316062176, 
                    738.6528497409327
                ], 
                [
                    1279.5854922279793, 
                    736.7875647668394
                ], 
                [
                    1283.3160621761658, 
                    753.5751295336788
                ], 
                [
                    1432.538860103627, 
                    792.7461139896374
                ], 
                [
                    1501.5544041450778, 
                    796.4766839378239
                ], 
                [
                    1609.740932642487, 
                    807.6683937823834
                ], 
                [
                    1719.7927461139898, 
                    811.39896373057
                ], 
                [
                    1820.518134715026, 
                    815.1295336787565
                ]
            ], 
            "user": "daid", 
            "verified": 0
        }, 
        {
            "date": "15-Nov-2018 16:57:54", 
            "deleted": 0, 
            "draw": true, 
            "id": 3, 
            "label": "sidewalk", 
            "polygon": [
                [
                    1173.2642487046633, 
                    718.1347150259068
                ], 
                [
                    1251.6062176165804, 
                    729.3264248704663
                ], 
                [
                    1257.2020725388602, 
                    747.979274611399
                ], 
                [
                    1167.6683937823834, 
                    725.5958549222798
                ]
            ], 
            "user": "daid", 
            "verified": 0
        }, 
        {
            "date": "15-Nov-2018 16:58:13", 
            "deleted": 0, 
            "draw": true, 
            "id": 4, 
            "label": "pole", 
            "polygon": [
                [
                    1260.9326424870467, 
                    744.2487046632125
                ], 
                [
                    1259.0673575129533, 
                    373.05699481865287
                ], 
                [
                    1273.9896373056995, 
                    746.1139896373057
                ]
            ], 
            "user": "daid", 
            "verified": 0
        }
    ]
}