{
    "imgHeight": 1080, 
    "imgWidth": 1920, 
    "objects": [
        {
            "date": "15-Nov-2018 17:56:14", 
            "deleted": 0, 
            "draw": true, 
            "id": 0, 
            "label": "traffic light", 
            "polygon": [
                [
                    1246.0103626943005, 
                    570.7772020725389
                ], 
                [
                    1346.7357512953367, 
                    568.9119170984457
                ], 
                [
                    1343.0051813471503, 
                    442.07253886010363
                ], 
                [
                    1242.279792746114, 
                    447.6683937823834
                ]
            ], 
            "user": "daid", 
            "verified": 0
        }, 
        {
            "date": "15-Nov-2018 17:56:27", 
            "deleted": 0, 
            "draw": true, 
            "id": 1, 
            "label": "traffic light", 
            "polygon": [
                [
                    971.8134715025907, 
                    305.90673575129534
                ], 
                [
                    1022.1761658031088, 
                    300.31088082901556
                ], 
                [
                    1025.9067357512954, 
                    164.14507772020727
                ], 
                [
                    964.3523316062176, 
                    169.74093264248705
                ], 
                [
                    969.9481865284974, 
                    309.6373056994819
                ]
            ], 
            "user": "daid", 
            "verified": 0
        }, 
        {
            "date": "15-Nov-2018 17:56:40", 
            "deleted": 0, 
            "draw": true, 
            "id": 2, 
            "label": "traffic light", 
            "polygon": [
                [
                    746.1139896373057, 
                    346.9430051813472
                ], 
                [
                    790.8808290155441, 
                    346.9430051813472
                ], 
                [
                    792.7461139896374, 
                    225.69948186528498
                ], 
                [
                    738.6528497409327, 
                    227.56476683937825
                ]
            ], 
            "user": "daid", 
            "verified": 0
        }, 
        {
            "date": "15-Nov-2018 17:57:04", 
            "deleted": 0, 
            "draw": true, 
            "id": 3, 
            "label": "car", 
            "polygon": [
                [
                    5.595854922279793, 
                    755.4404145077721
                ], 
                [
                    46.63212435233161, 
                    755.4404145077721
                ], 
                [
                    57.82383419689119, 
                    766.6321243523316
                ], 
                [
                    70.88082901554404, 
                    764.7668393782384
                ], 
                [
                    76.47668393782384, 
                    721.8652849740932
                ], 
                [
                    76.47668393782384, 
                    695.7512953367876
                ], 
                [
                    55.95854922279793, 
                    686.4248704663213
                ], 
                [
                    41.03626943005182, 
                    667.7720207253886
                ], 
                [
                    3.7305699481865284, 
                    667.7720207253886
                ]
            ], 
            "user": "daid", 
            "verified": 0
        }, 
        {
            "date": "15-Nov-2018 17:57:27", 
            "deleted": 0, 
            "draw": true, 
            "id": 4, 
            "label": "car", 
            "polygon": [
                [
                    682.6943005181347, 
                    738.6528497409327
                ], 
                [
                    721.8652849740932, 
                    738.6528497409327
                ], 
                [
                    734.9222797927462, 
                    742.3834196891193
                ], 
                [
                    747.979274611399, 
                    736.7875647668394
                ], 
                [
                    755.4404145077721, 
                    714.4041450777203
                ], 
                [
                    749.8445595854922, 
                    693.8860103626944
                ], 
                [
                    733.0569948186529, 
                    690.1554404145078
                ], 
                [
                    693.8860103626944, 
                    686.4248704663213
                ], 
                [
                    671.5025906735751, 
                    708.8082901554404
                ], 
                [
                    658.4455958549223, 
                    727.4611398963731
                ], 
                [
                    664.041450777202, 
                    738.6528497409327
                ]
            ], 
            "user": "daid", 
            "verified": 0
        }, 
        {
            "date": "15-Nov-2018 17:57:43", 
            "deleted": 0, 
            "draw": true, 
            "id": 5, 
            "label": "car", 
            "polygon": [
                [
                    753.5751295336788, 
                    690.1554404145078
                ], 
                [
                    777.8238341968912, 
                    690.1554404145078
                ], 
                [
                    792.7461139896374, 
                    697.6165803108809
                ], 
                [
                    800.2072538860103, 
                    705.077720207254
                ], 
                [
                    796.4766839378239, 
                    718.1347150259068
                ], 
                [
                    775.958549222798, 
                    725.5958549222798
                ], 
                [
                    755.4404145077721, 
                    731.1917098445596
                ], 
                [
                    757.3056994818653, 
                    714.4041450777203
                ]
            ], 
            "user": "daid", 
            "verified": 0
        }, 
        {
            "date": "15-Nov-2018 17:57:57", 
            "deleted": 0, 
            "draw": true, 
            "id": 6, 
            "label": "car", 
            "polygon": [
                [
                    792.7461139896374, 
                    721.8652849740932
                ], 
                [
                    822.5906735751296, 
                    721.8652849740932
                ], 
                [
                    837.5129533678756, 
                    718.1347150259068
                ], 
                [
                    839.378238341969, 
                    701.3471502590673
                ], 
                [
                    835.6476683937824, 
                    692.020725388601
                ], 
                [
                    824.4559585492228, 
                    692.020725388601
                ], 
                [
                    802.0725388601037, 
                    692.020725388601
                ], 
                [
                    789.0155440414508, 
                    692.020725388601
                ], 
                [
                    798.3419689119171, 
                    705.077720207254
                ]
            ], 
            "user": "daid", 
            "verified": 0
        }, 
        {
            "date": "15-Nov-2018 17:58:45", 
            "deleted": 0, 
            "draw": true, 
            "id": 7, 
            "label": "road", 
            "polygon": [
                [
                    74.61139896373058, 
                    742.3834196891193
                ], 
                [
                    188.3937823834197, 
                    761.0362694300518
                ], 
                [
                    279.79274611398966, 
                    766.6321243523316
                ], 
                [
                    417.8238341968912, 
                    766.6321243523316
                ], 
                [
                    520.4145077720208, 
                    755.4404145077721
                ], 
                [
                    660.3108808290156, 
                    736.7875647668394
                ], 
                [
                    736.7875647668394, 
                    744.2487046632125
                ], 
                [
                    843.1088082901555, 
                    720.0
                ], 
                [
                    899.0673575129534, 
                    708.8082901554404
                ], 
                [
                    951.2953367875648, 
                    703.2124352331606
                ], 
                [
                    1018.4455958549223, 
                    699.4818652849741
                ], 
                [
                    1076.2694300518135, 
                    777.8238341968912
                ], 
                [
                    1137.8238341968913, 
                    848.7046632124352
                ], 
                [
                    1193.7823834196893, 
                    917.7202072538861
                ], 
                [
                    1268.3937823834196, 
                    1001.6580310880829
                ], 
                [
                    1341.1398963730571, 
                    1079.0
                ], 
                [
                    0.0, 
                    1079.0
                ], 
                [
                    0.0, 
                    753.5751295336788
                ], 
                [
                    54.09326424870466, 
                    751.7098445595855
                ], 
                [
                    67.15025906735751, 
                    770.3626943005181
                ]
            ], 
            "user": "daid", 
            "verified": 0
        }, 
        {
            "date": "15-Nov-2018 17:59:06", 
            "deleted": 0, 
            "draw": true, 
            "id": 8, 
            "label": "pole", 
            "polygon": [
                [
                    1445.5958549222798, 
                    852.4352331606218
                ], 
                [
                    1425.0777202072538, 
                    451.39896373056996
                ], 
                [
                    1438.1347150259069, 
                    451.39896373056996
                ], 
                [
                    1458.6528497409327, 
                    854.300518134715
                ], 
                [
                    1449.3264248704663, 
                    854.300518134715
                ]
            ], 
            "user": "daid", 
            "verified": 0
        }, 
        {
            "date": "15-Nov-2018 17:59:57", 
            "deleted": 0, 
            "draw": true, 
            "id": 9, 
            "label": "bridge", 
            "polygon": [
                [
                    0.0, 
                    445.8031088082902
                ], 
                [
                    199.58549222797927, 
                    382.3834196891192
                ], 
                [
                    296.580310880829, 
                    360.0
                ], 
                [
                    432.7461139896373, 
                    322.69430051813475
                ], 
                [
                    611.8134715025907, 
                    268.60103626943004
                ], 
                [
                    729.3264248704663, 
                    233.16062176165804
                ], 
                [
                    733.0569948186529, 
                    225.69948186528498
                ], 
                [
                    740.5181347150259, 
                    343.21243523316065
                ], 
                [
                    800.2072538860103, 
                    434.6113989637306
                ], 
                [
                    568.9119170984457, 
                    490.5699481865285
                ], 
                [
                    371.1917098445596, 
                    526.0103626943005
                ], 
                [
                    264.87046632124355, 
                    535.3367875647668
                ], 
                [
                    208.9119170984456, 
                    539.0673575129534
                ], 
                [
                    121.24352331606218, 
                    550.259067357513
                ], 
                [
                    70.88082901554404, 
                    553.9896373056995
                ], 
                [
                    3.7305699481865284, 
                    570.7772020725389
                ]
            ], 
            "user": "daid", 
            "verified": 0
        }, 
        {
            "date": "15-Nov-2018 18:02:47", 
            "deleted": 0, 
            "draw": true, 
            "id": 10, 
            "label": "bridge", 
            "polygon": [
                [
                    796.4766839378239, 
                    229.43005181347152
                ], 
                [
                    794.6113989637306, 
                    220.1036269430052
                ], 
                [
                    960.6217616580311, 
                    169.74093264248705
                ], 
                [
                    969.9481865284974, 
                    305.90673575129534
                ], 
                [
                    1022.1761658031088, 
                    304.0414507772021
                ], 
                [
                    1025.9067357512954, 
                    162.279792746114
                ], 
                [
                    1022.1761658031088, 
                    149.22279792746116
                ], 
                [
                    1563.1088082901556, 
                    3.7305699481865284
                ], 
                [
                    1563.1088082901556, 
                    41.03626943005182
                ], 
                [
                    1445.5958549222798, 
                    83.93782383419689
                ], 
                [
                    1443.7305699481865, 
                    126.83937823834198
                ], 
                [
                    1208.7046632124352, 
                    180.93264248704665
                ], 
                [
                    1208.7046632124352, 
                    257.40932642487047
                ], 
                [
                    1443.7305699481865, 
                    203.31606217616581
                ], 
                [
                    1257.2020725388602, 
                    343.21243523316065
                ], 
                [
                    796.4766839378239, 
                    432.7461139896373
                ], 
                [
                    789.0155440414508, 
                    350.6735751295337
                ], 
                [
                    792.7461139896374, 
                    227.56476683937825
                ]
            ], 
            "user": "daid", 
            "verified": 0
        }, 
        {
            "date": "15-Nov-2018 18:23:16", 
            "deleted": 0, 
            "draw": true, 
            "id": 11, 
            "label": "bridge", 
            "polygon": [
                [
                    747.979274611399, 
                    354.4041450777202
                ], 
                [
                    785.2849740932643, 
                    352.538860103627
                ], 
                [
                    798.3419689119171, 
                    429.01554404145077
                ]
            ], 
            "user": "daid", 
            "verified": 0
        }, 
        {
            "date": "15-Nov-2018 18:23:53", 
            "deleted": 0, 
            "draw": true, 
            "id": 12, 
            "label": "sidewalk", 
            "polygon": [
                [
                    1025.9067357512954, 
                    705.077720207254
                ], 
                [
                    1081.8652849740934, 
                    720.0
                ], 
                [
                    1115.440414507772, 
                    731.1917098445596
                ], 
                [
                    1115.440414507772, 
                    777.8238341968912
                ], 
                [
                    1121.0362694300518, 
                    783.419689119171
                ], 
                [
                    1122.9015544041451, 
                    747.979274611399
                ], 
                [
                    1126.6321243523316, 
                    733.0569948186529
                ], 
                [
                    1156.476683937824, 
                    747.979274611399
                ], 
                [
                    1152.7461139896373, 
                    816.9948186528497
                ], 
                [
                    1149.0155440414508, 
                    854.300518134715
                ], 
                [
                    1091.1917098445597, 
                    794.6113989637306
                ], 
                [
                    1061.3471502590673, 
                    757.3056994818653
                ], 
                [
                    1037.0984455958549, 
                    725.5958549222798
                ]
            ], 
            "user": "daid", 
            "verified": 0
        }, 
        {
            "date": "15-Nov-2018 18:24:12", 
            "deleted": 0, 
            "draw": true, 
            "id": 13, 
            "label": "sidewalk", 
            "polygon": [
                [
                    1165.8031088082903, 
                    755.4404145077721
                ], 
                [
                    1232.9533678756477, 
                    783.419689119171
                ], 
                [
                    1234.818652849741, 
                    951.2953367875648
                ], 
                [
                    1150.8808290155441, 
                    858.0310880829015
                ], 
                [
                    1152.7461139896373, 
                    824.4559585492228
                ], 
                [
                    1162.0725388601036, 
                    824.4559585492228
                ]
            ], 
            "user": "daid", 
            "verified": 0
        }, 
        {
            "date": "15-Nov-2018 18:24:35", 
            "deleted": 0, 
            "draw": true, 
            "id": 14, 
            "label": "sidewalk", 
            "polygon": [
                [
                    1247.8756476683939, 
                    787.1502590673575
                ], 
                [
                    1441.8652849740934, 
                    850.5699481865286
                ], 
                [
                    1451.1917098445597, 
                    865.4922279792746
                ], 
                [
                    1469.8445595854923, 
                    865.4922279792746
                ], 
                [
                    1484.7668393782385, 
                    1079.0
                ], 
                [
                    1341.1398963730571, 
                    1079.0
                ], 
                [
                    1236.6839378238342, 
                    955.0259067357513
                ], 
                [
                    1232.9533678756477, 
                    882.279792746114
                ], 
                [
                    1249.740932642487, 
                    882.279792746114
                ]
            ], 
            "user": "daid", 
            "verified": 0
        }, 
        {
            "date": "15-Nov-2018 18:24:55", 
            "deleted": 0, 
            "draw": true, 
            "id": 15, 
            "label": "sidewalk", 
            "polygon": [
                [
                    1492.2279792746115, 
                    867.3575129533679
                ], 
                [
                    1507.1502590673576, 
                    1079.0
                ], 
                [
                    1919.0, 
                    1079.0
                ], 
                [
                    1919.0, 
                    984.8704663212436
                ], 
                [
                    1839.1709844559587, 
                    973.6787564766839
                ], 
                [
                    1770.155440414508, 
                    953.160621761658
                ], 
                [
                    1701.1398963730571, 
                    932.6424870466321
                ], 
                [
                    1607.8756476683939, 
                    902.7979274611399
                ], 
                [
                    1538.860103626943, 
                    878.5492227979275
                ]
            ], 
            "user": "daid", 
            "verified": 0
        }, 
        {
            "date": "15-Nov-2018 18:25:19", 
            "deleted": 0, 
            "draw": true, 
            "id": 16, 
            "label": "pole", 
            "polygon": [
                [
                    1482.9015544041451, 
                    1076.2694300518135
                ], 
                [
                    1471.7098445595855, 
                    815.1295336787565
                ], 
                [
                    1482.9015544041451, 
                    815.1295336787565
                ], 
                [
                    1507.1502590673576, 
                    1079.0
                ]
            ], 
            "user": "daid", 
            "verified": 0
        }, 
        {
            "date": "15-Nov-2018 18:25:31", 
            "deleted": 0, 
            "draw": true, 
            "id": 17, 
            "label": "pole", 
            "polygon": [
                [
                    1234.818652849741, 
                    880.4145077720208
                ], 
                [
                    1246.0103626943005, 
                    878.5492227979275
                ], 
                [
                    1242.279792746114, 
                    744.2487046632125
                ], 
                [
                    1238.5492227979275, 
                    744.2487046632125
                ]
            ], 
            "user": "daid", 
            "verified": 0
        }, 
        {
            "date": "15-Nov-2018 18:25:42", 
            "deleted": 0, 
            "draw": true, 
            "id": 18, 
            "label": "pole", 
            "polygon": [
                [
                    1150.8808290155441, 
                    820.7253886010363
                ], 
                [
                    1162.0725388601036, 
                    820.7253886010363
                ], 
                [
                    1163.937823834197, 
                    729.3264248704663
                ], 
                [
                    1158.341968911917, 
                    729.3264248704663
                ]
            ], 
            "user": "daid", 
            "verified": 0
        }, 
        {
            "date": "15-Nov-2018 18:25:51", 
            "deleted": 0, 
            "draw": true, 
            "id": 19, 
            "label": "pole", 
            "polygon": [
                [
                    1117.3056994818653, 
                    779.6891191709844
                ], 
                [
                    1119.1709844559587, 
                    716.2694300518135
                ], 
                [
                    1124.7668393782383, 
                    781.5544041450778
                ]
            ], 
            "user": "daid", 
            "verified": 0
        }, 
        {
            "date": "15-Nov-2018 18:32:42", 
            "deleted": 0, 
            "draw": true, 
            "id": 20, 
            "label": "sidewalk", 
            "polygon": [
                [
                    82.07253886010363, 
                    697.6165803108809
                ], 
                [
                    115.64766839378238, 
                    699.4818652849741
                ], 
                [
                    139.89637305699483, 
                    712.5388601036269
                ], 
                [
                    175.33678756476684, 
                    708.8082901554404
                ], 
                [
                    199.58549222797927, 
                    710.6735751295337
                ], 
                [
                    207.04663212435233, 
                    710.6735751295337
                ], 
                [
                    203.31606217616581, 
                    740.5181347150259
                ], 
                [
                    221.96891191709847, 
                    740.5181347150259
                ], 
                [
                    221.96891191709847, 
                    721.8652849740932
                ], 
                [
                    221.96891191709847, 
                    712.5388601036269
                ], 
                [
                    242.48704663212436, 
                    720.0
                ], 
                [
                    279.79274611398966, 
                    727.4611398963731
                ], 
                [
                    318.9637305699482, 
                    729.3264248704663
                ], 
                [
                    365.5958549222798, 
                    731.1917098445596
                ], 
                [
                    421.55440414507774, 
                    731.1917098445596
                ], 
                [
                    449.5336787564767, 
                    731.1917098445596
                ], 
                [
                    456.99481865284974, 
                    747.979274611399
                ], 
                [
                    470.0518134715026, 
                    744.2487046632125
                ], 
                [
                    470.0518134715026, 
                    736.7875647668394
                ], 
                [
                    498.0310880829016, 
                    734.9222797927462
                ], 
                [
                    539.0673575129534, 
                    731.1917098445596
                ], 
                [
                    596.8911917098446, 
                    727.4611398963731
                ], 
                [
                    628.6010362694301, 
                    727.4611398963731
                ], 
                [
                    636.0621761658032, 
                    733.0569948186529
                ], 
                [
                    585.699481865285, 
                    740.5181347150259
                ], 
                [
                    507.3575129533679, 
                    753.5751295336788
                ], 
                [
                    421.55440414507774, 
                    764.7668393782384
                ], 
                [
                    356.26943005181346, 
                    766.6321243523316
                ], 
                [
                    296.580310880829, 
                    766.6321243523316
                ], 
                [
                    221.96891191709847, 
                    761.0362694300518
                ], 
                [
                    169.74093264248705, 
                    755.4404145077721
                ], 
                [
                    113.78238341968913, 
                    740.5181347150259
                ], 
                [
                    76.47668393782384, 
                    731.1917098445596
                ]
            ], 
            "user": "daid", 
            "verified": 0
        }
    ]
}