{
    "imgHeight": 1080, 
    "imgWidth": 1920, 
    "objects": [
        {
            "date": "15-Nov-2018 14:31:09", 
            "deleted": 0, 
            "draw": true, 
            "id": 0, 
            "label": "traffic light", 
            "polygon": [
                [
                    537.2020725388601, 
                    583.8341968911917
                ], 
                [
                    578.238341968912, 
                    583.8341968911917
                ], 
                [
                    585.699481865285, 
                    486.83937823834196
                ], 
                [
                    580.1036269430052, 
                    479.37823834196894
                ], 
                [
                    555.8549222797927, 
                    479.37823834196894
                ], 
                [
                    544.6632124352332, 
                    479.37823834196894
                ], 
                [
                    540.9326424870467, 
                    484.9740932642487
                ]
            ], 
            "user": "daid", 
            "verified": 0
        }, 
        {
            "date": "15-Nov-2018 14:31:28", 
            "deleted": 0, 
            "draw": true, 
            "id": 1, 
            "label": "traffic light", 
            "polygon": [
                [
                    1703.0051813471503, 
                    600.6217616580311
                ], 
                [
                    1751.5025906735752, 
                    600.6217616580311
                ], 
                [
                    1744.041450777202, 
                    494.30051813471505
                ], 
                [
                    1695.5440414507773, 
                    490.5699481865285
                ], 
                [
                    1691.8134715025908, 
                    494.30051813471505
                ]
            ], 
            "user": "daid", 
            "verified": 0
        }, 
        {
            "date": "15-Nov-2018 14:32:11", 
            "deleted": 0, 
            "draw": true, 
            "id": 2, 
            "label": "person", 
            "polygon": [
                [
                    1272.1243523316064, 
                    830.0518134715027
                ], 
                [
                    1294.5077720207255, 
                    839.378238341969
                ], 
                [
                    1318.7564766839378, 
                    794.6113989637306
                ], 
                [
                    1335.5440414507773, 
                    818.860103626943
                ], 
                [
                    1329.9481865284974, 
                    833.7823834196892
                ], 
                [
                    1359.7927461139898, 
                    837.5129533678756
                ], 
                [
                    1343.0051813471503, 
                    787.1502590673575
                ], 
                [
                    1343.0051813471503, 
                    759.1709844559585
                ], 
                [
                    1343.0051813471503, 
                    746.1139896373057
                ], 
                [
                    1352.3316062176166, 
                    746.1139896373057
                ], 
                [
                    1350.4663212435235, 
                    718.1347150259068
                ], 
                [
                    1341.1398963730571, 
                    703.2124352331606
                ], 
                [
                    1326.217616580311, 
                    692.020725388601
                ], 
                [
                    1298.238341968912, 
                    684.559585492228
                ], 
                [
                    1294.5077720207255, 
                    697.6165803108809
                ], 
                [
                    1303.8341968911918, 
                    701.3471502590673
                ], 
                [
                    1292.6424870466321, 
                    712.5388601036269
                ], 
                [
                    1298.238341968912, 
                    727.4611398963731
                ], 
                [
                    1300.103626943005, 
                    742.3834196891193
                ], 
                [
                    1309.4300518134714, 
                    753.5751295336788
                ], 
                [
                    1307.5647668393783, 
                    764.7668393782384
                ], 
                [
                    1305.699481865285, 
                    779.6891191709844
                ], 
                [
                    1303.8341968911918, 
                    790.8808290155441
                ], 
                [
                    1298.238341968912, 
                    802.0725388601037
                ], 
                [
                    1287.0466321243523, 
                    818.860103626943
                ]
            ], 
            "user": "daid", 
            "verified": 0
        }, 
        {
            "date": "15-Nov-2018 14:32:51", 
            "deleted": 0, 
            "draw": true, 
            "id": 3, 
            "label": "person", 
            "polygon": [
                [
                    1298.238341968912, 
                    684.559585492228
                ], 
                [
                    1285.1813471502592, 
                    678.9637305699482
                ], 
                [
                    1273.9896373056995, 
                    684.559585492228
                ], 
                [
                    1273.9896373056995, 
                    692.020725388601
                ], 
                [
                    1275.8549222797928, 
                    701.3471502590673
                ], 
                [
                    1272.1243523316064, 
                    716.2694300518135
                ], 
                [
                    1264.6632124352332, 
                    733.0569948186529
                ], 
                [
                    1266.5284974093265, 
                    749.8445595854922
                ], 
                [
                    1266.5284974093265, 
                    766.6321243523316
                ], 
                [
                    1272.1243523316064, 
                    766.6321243523316
                ], 
                [
                    1272.1243523316064, 
                    794.6113989637306
                ], 
                [
                    1262.79792746114, 
                    809.5336787564767
                ], 
                [
                    1251.6062176165804, 
                    813.2642487046633
                ], 
                [
                    1251.6062176165804, 
                    820.7253886010363
                ], 
                [
                    1273.9896373056995, 
                    824.4559585492228
                ], 
                [
                    1277.720207253886, 
                    815.1295336787565
                ], 
                [
                    1281.4507772020727, 
                    802.0725388601037
                ], 
                [
                    1288.9119170984457, 
                    777.8238341968912
                ], 
                [
                    1300.103626943005, 
                    794.6113989637306
                ], 
                [
                    1303.8341968911918, 
                    783.419689119171
                ], 
                [
                    1305.699481865285, 
                    757.3056994818653
                ], 
                [
                    1305.699481865285, 
                    747.979274611399
                ], 
                [
                    1300.103626943005, 
                    746.1139896373057
                ], 
                [
                    1300.103626943005, 
                    731.1917098445596
                ], 
                [
                    1294.5077720207255, 
                    718.1347150259068
                ], 
                [
                    1294.5077720207255, 
                    708.8082901554404
                ]
            ], 
            "user": "daid", 
            "verified": 0
        }, 
        {
            "date": "15-Nov-2018 14:33:36", 
            "deleted": 0, 
            "draw": true, 
            "id": 4, 
            "label": "car", 
            "polygon": [
                [
                    1449.3264248704663, 
                    787.1502590673575
                ], 
                [
                    1473.5751295336788, 
                    792.7461139896374
                ], 
                [
                    1477.3056994818653, 
                    785.2849740932643
                ], 
                [
                    1486.6321243523316, 
                    781.5544041450778
                ], 
                [
                    1522.0725388601036, 
                    783.419689119171
                ], 
                [
                    1557.5129533678758, 
                    783.419689119171
                ], 
                [
                    1591.0880829015543, 
                    783.419689119171
                ], 
                [
                    1624.6632124352332, 
                    783.419689119171
                ], 
                [
                    1635.8549222797928, 
                    783.419689119171
                ], 
                [
                    1641.4507772020727, 
                    800.2072538860103
                ], 
                [
                    1667.5647668393783, 
                    805.8031088082902
                ], 
                [
                    1693.678756476684, 
                    802.0725388601037
                ], 
                [
                    1695.5440414507773, 
                    789.0155440414508
                ], 
                [
                    1719.7927461139898, 
                    789.0155440414508
                ], 
                [
                    1719.7927461139898, 
                    772.2279792746115
                ], 
                [
                    1719.7927461139898, 
                    744.2487046632125
                ], 
                [
                    1717.9274611398964, 
                    731.1917098445596
                ], 
                [
                    1716.062176165803, 
                    720.0
                ], 
                [
                    1695.5440414507773, 
                    703.2124352331606
                ], 
                [
                    1650.777202072539, 
                    690.1554404145078
                ], 
                [
                    1596.6839378238342, 
                    686.4248704663213
                ], 
                [
                    1555.6476683937824, 
                    688.2901554404145
                ], 
                [
                    1531.39896373057, 
                    699.4818652849741
                ], 
                [
                    1501.5544041450778, 
                    708.8082901554404
                ], 
                [
                    1482.9015544041451, 
                    718.1347150259068
                ], 
                [
                    1447.4611398963732, 
                    725.5958549222798
                ], 
                [
                    1423.2124352331607, 
                    731.1917098445596
                ], 
                [
                    1413.8860103626944, 
                    734.9222797927462
                ], 
                [
                    1419.4818652849742, 
                    753.5751295336788
                ], 
                [
                    1423.2124352331607, 
                    766.6321243523316
                ], 
                [
                    1441.8652849740934, 
                    772.2279792746115
                ]
            ], 
            "user": "daid", 
            "verified": 0
        }, 
        {
            "date": "15-Nov-2018 14:34:52", 
            "deleted": 0, 
            "draw": true, 
            "id": 5, 
            "label": "traffic sign", 
            "polygon": [
                [
                    531.6062176165804, 
                    637.9274611398964
                ], 
                [
                    542.7979274611399, 
                    645.3886010362695
                ], 
                [
                    557.720207253886, 
                    647.2538860103627
                ], 
                [
                    568.9119170984457, 
                    647.2538860103627
                ], 
                [
                    578.238341968912, 
                    634.1968911917098
                ], 
                [
                    578.238341968912, 
                    623.0051813471503
                ], 
                [
                    578.238341968912, 
                    609.9481865284974
                ], 
                [
                    572.6424870466321, 
                    598.7564766839379
                ], 
                [
                    568.9119170984457, 
                    596.8911917098446
                ], 
                [
                    557.720207253886, 
                    595.0259067357513
                ], 
                [
                    542.7979274611399, 
                    595.0259067357513
                ], 
                [
                    535.3367875647668, 
                    598.7564766839379
                ], 
                [
                    531.6062176165804, 
                    611.8134715025907
                ], 
                [
                    527.8756476683938, 
                    619.2746113989638
                ], 
                [
                    526.0103626943005, 
                    632.3316062176166
                ]
            ], 
            "user": "daid", 
            "verified": 0
        }, 
        {
            "date": "15-Nov-2018 15:58:49", 
            "deleted": 0, 
            "draw": true, 
            "id": 6, 
            "label": "person", 
            "polygon": [
                [
                    1113.5751295336788, 
                    727.4611398963731
                ], 
                [
                    1119.1709844559587, 
                    727.4611398963731
                ], 
                [
                    1119.1709844559587, 
                    712.5388601036269
                ], 
                [
                    1126.6321243523316, 
                    723.7305699481866
                ], 
                [
                    1132.2279792746115, 
                    714.4041450777203
                ], 
                [
                    1128.497409326425, 
                    697.6165803108809
                ], 
                [
                    1132.2279792746115, 
                    682.6943005181347
                ], 
                [
                    1122.9015544041451, 
                    671.5025906735751
                ], 
                [
                    1117.3056994818653, 
                    671.5025906735751
                ], 
                [
                    1117.3056994818653, 
                    686.4248704663213
                ], 
                [
                    1111.7098445595855, 
                    690.1554404145078
                ], 
                [
                    1111.7098445595855, 
                    706.9430051813472
                ]
            ], 
            "user": "daid", 
            "verified": 0
        }, 
        {
            "date": "15-Nov-2018 15:59:05", 
            "deleted": 0, 
            "draw": true, 
            "id": 7, 
            "label": "person", 
            "polygon": [
                [
                    1152.7461139896373, 
                    714.4041450777203
                ], 
                [
                    1160.2072538860104, 
                    716.2694300518135
                ], 
                [
                    1163.937823834197, 
                    718.1347150259068
                ], 
                [
                    1162.0725388601036, 
                    697.6165803108809
                ], 
                [
                    1154.6113989637306, 
                    680.8290155440415
                ], 
                [
                    1150.8808290155441, 
                    669.6373056994819
                ], 
                [
                    1147.1502590673576, 
                    675.2331606217617
                ], 
                [
                    1149.0155440414508, 
                    684.559585492228
                ], 
                [
                    1149.0155440414508, 
                    697.6165803108809
                ]
            ], 
            "user": "daid", 
            "verified": 0
        }, 
        {
            "date": "15-Nov-2018 15:59:39", 
            "deleted": 0, 
            "draw": true, 
            "id": 8, 
            "label": "train", 
            "polygon": [
                [
                    861.7616580310881, 
                    634.1968911917098
                ], 
                [
                    865.4922279792746, 
                    705.077720207254
                ], 
                [
                    997.9274611398964, 
                    693.8860103626944
                ], 
                [
                    1016.5803108808291, 
                    688.2901554404145
                ], 
                [
                    1025.9067357512954, 
                    677.098445595855
                ], 
                [
                    1025.9067357512954, 
                    658.4455958549223
                ], 
                [
                    1025.9067357512954, 
                    649.119170984456
                ], 
                [
                    1018.4455958549223, 
                    641.6580310880829
                ], 
                [
                    1007.2538860103627, 
                    641.6580310880829
                ]
            ], 
            "user": "daid", 
            "verified": 0
        }, 
        {
            "date": "15-Nov-2018 15:59:58", 
            "deleted": 0, 
            "draw": true, 
            "id": 9, 
            "label": "train", 
            "polygon": [
                [
                    818.860103626943, 
                    628.6010362694301
                ], 
                [
                    843.1088082901555, 
                    626.7357512953369
                ], 
                [
                    846.839378238342, 
                    628.6010362694301
                ], 
                [
                    846.839378238342, 
                    645.3886010362695
                ], 
                [
                    846.839378238342, 
                    662.1761658031088
                ], 
                [
                    846.839378238342, 
                    690.1554404145078
                ], 
                [
                    841.2435233160622, 
                    697.6165803108809
                ], 
                [
                    835.6476683937824, 
                    703.2124352331606
                ], 
                [
                    824.4559585492228, 
                    703.2124352331606
                ], 
                [
                    822.5906735751296, 
                    686.4248704663213
                ], 
                [
                    816.9948186528497, 
                    684.559585492228
                ], 
                [
                    816.9948186528497, 
                    652.8497409326425
                ], 
                [
                    816.9948186528497, 
                    621.139896373057
                ]
            ], 
            "user": "daid", 
            "verified": 0
        }, 
        {
            "date": "15-Nov-2018 16:00:45", 
            "deleted": 0, 
            "draw": true, 
            "id": 10, 
            "label": "car", 
            "polygon": [
                [
                    1758.9637305699482, 
                    744.2487046632125
                ], 
                [
                    1786.9430051813472, 
                    744.2487046632125
                ], 
                [
                    1820.518134715026, 
                    747.979274611399
                ], 
                [
                    1824.2487046632125, 
                    733.0569948186529
                ], 
                [
                    1829.8445595854923, 
                    710.6735751295337
                ], 
                [
                    1829.8445595854923, 
                    690.1554404145078
                ], 
                [
                    1829.8445595854923, 
                    677.098445595855
                ], 
                [
                    1811.1917098445597, 
                    675.2331606217617
                ], 
                [
                    1760.8290155440416, 
                    673.3678756476684
                ], 
                [
                    1751.5025906735752, 
                    673.3678756476684
                ], 
                [
                    1753.3678756476684, 
                    690.1554404145078
                ], 
                [
                    1753.3678756476684, 
                    699.4818652849741
                ], 
                [
                    1753.3678756476684, 
                    714.4041450777203
                ], 
                [
                    1753.3678756476684, 
                    733.0569948186529
                ]
            ], 
            "user": "daid", 
            "verified": 0
        }, 
        {
            "date": "15-Nov-2018 16:01:02", 
            "deleted": 0, 
            "draw": true, 
            "id": 11, 
            "label": "traffic light", 
            "polygon": [
                [
                    1564.9740932642487, 
                    608.0829015544042
                ], 
                [
                    1570.5699481865286, 
                    608.0829015544042
                ], 
                [
                    1574.300518134715, 
                    608.0829015544042
                ], 
                [
                    1576.1658031088084, 
                    630.4663212435233
                ], 
                [
                    1576.1658031088084, 
                    643.5233160621761
                ], 
                [
                    1576.1658031088084, 
                    649.119170984456
                ], 
                [
                    1561.2435233160622, 
                    649.119170984456
                ], 
                [
                    1563.1088082901556, 
                    619.2746113989638
                ]
            ], 
            "user": "daid", 
            "verified": 0
        }, 
        {
            "date": "15-Nov-2018 16:03:02", 
            "deleted": 0, 
            "draw": true, 
            "id": 12, 
            "label": "road", 
            "polygon": [
                [
                    1.8652849740932642, 
                    1024.041450777202
                ], 
                [
                    238.75647668393782, 
                    951.2953367875648
                ], 
                [
                    343.21243523316065, 
                    912.1243523316062
                ], 
                [
                    432.7461139896373, 
                    884.1450777202073
                ], 
                [
                    505.4922279792746, 
                    858.0310880829015
                ], 
                [
                    561.4507772020726, 
                    837.5129533678756
                ], 
                [
                    628.6010362694301, 
                    807.6683937823834
                ], 
                [
                    658.4455958549223, 
                    794.6113989637306
                ], 
                [
                    695.7512953367876, 
                    772.2279792746115
                ], 
                [
                    699.4818652849741, 
                    753.5751295336788
                ], 
                [
                    673.3678756476684, 
                    751.7098445595855
                ], 
                [
                    637.9274611398964, 
                    740.5181347150259
                ], 
                [
                    591.2953367875648, 
                    746.1139896373057
                ], 
                [
                    576.3730569948186, 
                    746.1139896373057
                ], 
                [
                    578.238341968912, 
                    718.1347150259068
                ], 
                [
                    600.6217616580311, 
                    712.5388601036269
                ], 
                [
                    632.3316062176166, 
                    712.5388601036269
                ], 
                [
                    667.7720207253886, 
                    708.8082901554404
                ], 
                [
                    682.6943005181347, 
                    716.2694300518135
                ], 
                [
                    727.4611398963731, 
                    714.4041450777203
                ], 
                [
                    761.0362694300518, 
                    716.2694300518135
                ], 
                [
                    820.7253886010363, 
                    723.7305699481866
                ], 
                [
                    854.300518134715, 
                    718.1347150259068
                ], 
                [
                    880.4145077720208, 
                    721.8652849740932
                ], 
                [
                    915.8549222797927, 
                    705.077720207254
                ], 
                [
                    997.9274611398964, 
                    699.4818652849741
                ], 
                [
                    1031.5025906735752, 
                    714.4041450777203
                ], 
                [
                    1070.6735751295337, 
                    708.8082901554404
                ], 
                [
                    1094.9222797927462, 
                    712.5388601036269
                ], 
                [
                    1106.1139896373056, 
                    712.5388601036269
                ], 
                [
                    1107.979274611399, 
                    731.1917098445596
                ], 
                [
                    1124.7668393782383, 
                    731.1917098445596
                ], 
                [
                    1150.8808290155441, 
                    731.1917098445596
                ], 
                [
                    1171.39896373057, 
                    731.1917098445596
                ], 
                [
                    1188.1865284974094, 
                    718.1347150259068
                ], 
                [
                    1201.2435233160622, 
                    727.4611398963731
                ], 
                [
                    1236.6839378238342, 
                    727.4611398963731
                ], 
                [
                    1266.5284974093265, 
                    725.5958549222798
                ], 
                [
                    1266.5284974093265, 
                    774.0932642487047
                ], 
                [
                    1272.1243523316064, 
                    779.6891191709844
                ], 
                [
                    1268.3937823834196, 
                    796.4766839378239
                ], 
                [
                    1262.79792746114, 
                    809.5336787564767
                ], 
                [
                    1255.3367875647668, 
                    815.1295336787565
                ], 
                [
                    1255.3367875647668, 
                    822.5906735751296
                ], 
                [
                    1270.259067357513, 
                    826.3212435233161
                ], 
                [
                    1277.720207253886, 
                    831.9170984455959
                ], 
                [
                    1294.5077720207255, 
                    837.5129533678756
                ], 
                [
                    1311.2953367875648, 
                    833.7823834196892
                ], 
                [
                    1328.082901554404, 
                    833.7823834196892
                ], 
                [
                    1346.7357512953367, 
                    841.2435233160622
                ], 
                [
                    1367.2538860103627, 
                    841.2435233160622
                ], 
                [
                    1361.658031088083, 
                    826.3212435233161
                ], 
                [
                    1359.7927461139898, 
                    813.2642487046633
                ], 
                [
                    1348.60103626943, 
                    783.419689119171
                ], 
                [
                    1348.60103626943, 
                    783.419689119171
                ], 
                [
                    1346.7357512953367, 
                    762.9015544041451
                ], 
                [
                    1348.60103626943, 
                    744.2487046632125
                ], 
                [
                    1359.7927461139898, 
                    749.8445595854922
                ], 
                [
                    1376.580310880829, 
                    757.3056994818653
                ], 
                [
                    1393.3678756476684, 
                    751.7098445595855
                ], 
                [
                    1393.3678756476684, 
                    751.7098445595855
                ], 
                [
                    1415.7512953367875, 
                    759.1709844559585
                ], 
                [
                    1425.0777202072538, 
                    774.0932642487047
                ], 
                [
                    1438.1347150259069, 
                    774.0932642487047
                ], 
                [
                    1449.3264248704663, 
                    792.7461139896374
                ], 
                [
                    1464.2487046632125, 
                    792.7461139896374
                ], 
                [
                    1469.8445595854923, 
                    803.9378238341969
                ], 
                [
                    1499.6891191709844, 
                    818.860103626943
                ], 
                [
                    1538.860103626943, 
                    837.5129533678756
                ], 
                [
                    1600.4145077720207, 
                    852.4352331606218
                ], 
                [
                    1671.2953367875648, 
                    872.9533678756477
                ], 
                [
                    1727.2538860103627, 
                    893.4715025906736
                ], 
                [
                    1786.9430051813472, 
                    910.259067357513
                ], 
                [
                    1835.4404145077722, 
                    915.8549222797927
                ], 
                [
                    1896.9948186528497, 
                    932.6424870466321
                ], 
                [
                    1917.5129533678758, 
                    932.6424870466321
                ], 
                [
                    1917.5129533678758, 
                    1076.2694300518135
                ], 
                [
                    0.0, 
                    1079.0
                ]
            ], 
            "user": "daid", 
            "verified": 0
        }, 
        {
            "date": "15-Nov-2018 16:04:24", 
            "deleted": 0, 
            "draw": true, 
            "id": 13, 
            "label": "sidewalk", 
            "polygon": [
                [
                    1467.979274611399, 
                    798.3419689119171
                ], 
                [
                    1484.7668393782385, 
                    798.3419689119171
                ], 
                [
                    1490.3626943005181, 
                    792.7461139896374
                ], 
                [
                    1689.9481865284974, 
                    811.39896373057
                ], 
                [
                    1719.7927461139898, 
                    811.39896373057
                ], 
                [
                    1721.658031088083, 
                    837.5129533678756
                ], 
                [
                    1734.7150259067357, 
                    839.378238341969
                ], 
                [
                    1749.6373056994819, 
                    837.5129533678756
                ], 
                [
                    1747.7720207253888, 
                    826.3212435233161
                ], 
                [
                    1749.6373056994819, 
                    813.2642487046633
                ], 
                [
                    1809.3264248704663, 
                    822.5906735751296
                ], 
                [
                    1835.4404145077722, 
                    822.5906735751296
                ], 
                [
                    1841.0362694300518, 
                    822.5906735751296
                ], 
                [
                    1844.7668393782385, 
                    835.6476683937824
                ], 
                [
                    1867.1502590673576, 
                    835.6476683937824
                ], 
                [
                    1878.341968911917, 
                    828.1865284974093
                ], 
                [
                    1898.860103626943, 
                    830.0518134715027
                ], 
                [
                    1915.6476683937824, 
                    830.0518134715027
                ], 
                [
                    1917.5129533678758, 
                    927.0466321243524
                ], 
                [
                    1917.5129533678758, 
                    932.6424870466321
                ], 
                [
                    1896.9948186528497, 
                    932.6424870466321
                ], 
                [
                    1852.2279792746115, 
                    921.4507772020726
                ], 
                [
                    1835.4404145077722, 
                    915.8549222797927
                ], 
                [
                    1800.0, 
                    912.1243523316062
                ], 
                [
                    1777.6165803108809, 
                    912.1243523316062
                ], 
                [
                    1729.119170984456, 
                    893.4715025906736
                ], 
                [
                    1661.9689119170985, 
                    865.4922279792746
                ], 
                [
                    1619.0673575129533, 
                    854.300518134715
                ], 
                [
                    1576.1658031088084, 
                    846.839378238342
                ], 
                [
                    1548.1865284974094, 
                    841.2435233160622
                ], 
                [
                    1520.2072538860104, 
                    830.0518134715027
                ], 
                [
                    1479.1709844559587, 
                    811.39896373057
                ]
            ], 
            "user": "daid", 
            "verified": 0
        }, 
        {
            "date": "15-Nov-2018 16:04:54", 
            "deleted": 0, 
            "draw": true, 
            "id": 14, 
            "label": "car", 
            "polygon": [
                [
                    688.2901554404145, 
                    708.8082901554404
                ], 
                [
                    705.077720207254, 
                    708.8082901554404
                ], 
                [
                    731.1917098445596, 
                    708.8082901554404
                ], 
                [
                    742.3834196891193, 
                    708.8082901554404
                ], 
                [
                    746.1139896373057, 
                    703.2124352331606
                ], 
                [
                    746.1139896373057, 
                    695.7512953367876
                ], 
                [
                    746.1139896373057, 
                    690.1554404145078
                ], 
                [
                    742.3834196891193, 
                    682.6943005181347
                ], 
                [
                    721.8652849740932, 
                    682.6943005181347
                ], 
                [
                    705.077720207254, 
                    680.8290155440415
                ], 
                [
                    701.3471502590673, 
                    686.4248704663213
                ], 
                [
                    697.6165803108809, 
                    686.4248704663213
                ], 
                [
                    682.6943005181347, 
                    688.2901554404145
                ], 
                [
                    688.2901554404145, 
                    701.3471502590673
                ]
            ], 
            "user": "daid", 
            "verified": 0
        }, 
        {
            "date": "15-Nov-2018 16:05:09", 
            "deleted": 0, 
            "draw": true, 
            "id": 15, 
            "label": "car", 
            "polygon": [
                [
                    662.1761658031088, 
                    693.8860103626944
                ], 
                [
                    673.3678756476684, 
                    693.8860103626944
                ], 
                [
                    673.3678756476684, 
                    699.4818652849741
                ], 
                [
                    669.6373056994819, 
                    703.2124352331606
                ], 
                [
                    660.3108808290156, 
                    705.077720207254
                ], 
                [
                    660.3108808290156, 
                    686.4248704663213
                ]
            ], 
            "user": "daid", 
            "verified": 0
        }, 
        {
            "date": "15-Nov-2018 16:05:55", 
            "deleted": 0, 
            "draw": true, 
            "id": 16, 
            "label": "sidewalk", 
            "polygon": [
                [
                    576.3730569948186, 
                    749.8445595854922
                ], 
                [
                    576.3730569948186, 
                    772.2279792746115
                ], 
                [
                    574.5077720207254, 
                    787.1502590673575
                ], 
                [
                    574.5077720207254, 
                    807.6683937823834
                ], 
                [
                    563.3160621761658, 
                    813.2642487046633
                ], 
                [
                    539.0673575129534, 
                    815.1295336787565
                ], 
                [
                    539.0673575129534, 
                    835.6476683937824
                ], 
                [
                    552.1243523316062, 
                    839.378238341969
                ], 
                [
                    645.3886010362695, 
                    803.9378238341969
                ], 
                [
                    678.9637305699482, 
                    781.5544041450778
                ], 
                [
                    697.6165803108809, 
                    770.3626943005181
                ], 
                [
                    697.6165803108809, 
                    761.0362694300518
                ], 
                [
                    697.6165803108809, 
                    757.3056994818653
                ], 
                [
                    680.8290155440415, 
                    753.5751295336788
                ], 
                [
                    660.3108808290156, 
                    751.7098445595855
                ], 
                [
                    637.9274611398964, 
                    742.3834196891193
                ], 
                [
                    609.9481865284974, 
                    742.3834196891193
                ], 
                [
                    595.0259067357513, 
                    749.8445595854922
                ]
            ], 
            "user": "daid", 
            "verified": 0
        }, 
        {
            "date": "15-Nov-2018 16:09:09", 
            "deleted": 0, 
            "draw": true, 
            "id": 17, 
            "label": "vegetation", 
            "polygon": [
                [
                    1344.8704663212436, 
                    3.7305699481865284
                ], 
                [
                    1343.0051813471503, 
                    37.30569948186529
                ], 
                [
                    1320.6217616580311, 
                    55.95854922279793
                ], 
                [
                    1294.5077720207255, 
                    59.689119170984455
                ], 
                [
                    1283.3160621761658, 
                    83.93782383419689
                ], 
                [
                    1275.8549222797928, 
                    100.72538860103627
                ], 
                [
                    1287.0466321243523, 
                    110.0518134715026
                ], 
                [
                    1311.2953367875648, 
                    113.78238341968913
                ], 
                [
                    1339.2746113989638, 
                    130.5699481865285
                ], 
                [
                    1367.2538860103627, 
                    143.62694300518135
                ], 
                [
                    1367.2538860103627, 
                    169.74093264248705
                ], 
                [
                    1341.1398963730571, 
                    177.2020725388601
                ], 
                [
                    1357.9274611398964, 
                    180.93264248704665
                ], 
                [
                    1395.2331606217617, 
                    192.12435233160622
                ], 
                [
                    1426.9430051813472, 
                    207.04663212435233
                ], 
                [
                    1456.7875647668395, 
                    225.69948186528498
                ], 
                [
                    1458.6528497409327, 
                    227.56476683937825
                ], 
                [
                    1426.9430051813472, 
                    235.0259067357513
                ], 
                [
                    1400.8290155440416, 
                    220.1036269430052
                ], 
                [
                    1374.7150259067357, 
                    218.23834196891193
                ], 
                [
                    1359.7927461139898, 
                    223.8341968911917
                ], 
                [
                    1331.8134715025908, 
                    220.1036269430052
                ], 
                [
                    1316.8911917098446, 
                    235.0259067357513
                ], 
                [
                    1307.5647668393783, 
                    248.08290155440415
                ], 
                [
                    1320.6217616580311, 
                    264.87046632124355
                ], 
                [
                    1320.6217616580311, 
                    289.119170984456
                ], 
                [
                    1307.5647668393783, 
                    300.31088082901556
                ], 
                [
                    1275.8549222797928, 
                    322.69430051813475
                ], 
                [
                    1260.9326424870467, 
                    335.75129533678756
                ], 
                [
                    1300.103626943005, 
                    346.9430051813472
                ], 
                [
                    1311.2953367875648, 
                    374.9222797927461
                ], 
                [
                    1350.4663212435235, 
                    371.1917098445596
                ], 
                [
                    1365.3886010362694, 
                    335.75129533678756
                ], 
                [
                    1380.3108808290156, 
                    354.4041450777202
                ], 
                [
                    1370.9844559585492, 
                    371.1917098445596
                ], 
                [
                    1370.9844559585492, 
                    371.1917098445596
                ], 
                [
                    1387.7720207253888, 
                    374.9222797927461
                ], 
                [
                    1387.7720207253888, 
                    406.63212435233163
                ], 
                [
                    1415.7512953367875, 
                    404.76683937823833
                ], 
                [
                    1440.0, 
                    406.63212435233163
                ], 
                [
                    1456.7875647668395, 
                    404.76683937823833
                ], 
                [
                    1451.1917098445597, 
                    427.1502590673575
                ], 
                [
                    1393.3678756476684, 
                    442.07253886010363
                ], 
                [
                    1404.559585492228, 
                    456.99481865284974
                ], 
                [
                    1421.3471502590673, 
                    473.78238341968915
                ], 
                [
                    1486.6321243523316, 
                    464.4559585492228
                ], 
                [
                    1486.6321243523316, 
                    443.93782383419693
                ], 
                [
                    1507.1502590673576, 
                    443.93782383419693
                ], 
                [
                    1520.2072538860104, 
                    458.86010362694304
                ], 
                [
                    1516.476683937824, 
                    488.70466321243526
                ], 
                [
                    1540.7253886010362, 
                    488.70466321243526
                ], 
                [
                    1563.1088082901556, 
                    475.6476683937824
                ], 
                [
                    1585.4922279792747, 
                    442.07253886010363
                ], 
                [
                    1619.0673575129533, 
                    440.2072538860104
                ], 
                [
                    1648.9119170984457, 
                    440.2072538860104
                ], 
                [
                    1656.3730569948186, 
                    453.2642487046632
                ], 
                [
                    1682.4870466321245, 
                    451.39896373056996
                ], 
                [
                    1693.678756476684, 
                    460.7253886010363
                ], 
                [
                    1736.580310880829, 
                    456.99481865284974
                ], 
                [
                    1753.3678756476684, 
                    479.37823834196894
                ], 
                [
                    1783.2124352331607, 
                    483.1088082901555
                ], 
                [
                    1814.9222797927462, 
                    496.1658031088083
                ], 
                [
                    1855.958549222798, 
                    492.4352331606218
                ], 
                [
                    1844.7668393782385, 
                    520.4145077720208
                ], 
                [
                    1891.39896373057, 
                    503.6269430051814
                ], 
                [
                    1917.5129533678758, 
                    509.22279792746116
                ], 
                [
                    1919.0, 
                    1.8652849740932642
                ]
            ], 
            "user": "daid", 
            "verified": 0
        }, 
        {
            "date": "15-Nov-2018 16:10:58", 
            "deleted": 0, 
            "draw": true, 
            "id": 18, 
            "label": "vegetation", 
            "polygon": [
                [
                    553.9896373056995, 
                    0.0
                ], 
                [
                    572.6424870466321, 
                    44.766839378238345
                ], 
                [
                    580.1036269430052, 
                    78.3419689119171
                ], 
                [
                    587.5647668393783, 
                    55.95854922279793
                ], 
                [
                    583.8341968911917, 
                    76.47668393782384
                ], 
                [
                    580.1036269430052, 
                    85.80310880829016
                ], 
                [
                    615.5440414507772, 
                    98.86010362694302
                ], 
                [
                    639.7927461139897, 
                    100.72538860103627
                ], 
                [
                    637.9274611398964, 
                    128.70466321243524
                ], 
                [
                    660.3108808290156, 
                    139.89637305699483
                ], 
                [
                    660.3108808290156, 
                    139.89637305699483
                ], 
                [
                    671.5025906735751, 
                    147.3575129533679
                ], 
                [
                    675.2331606217617, 
                    156.6839378238342
                ], 
                [
                    654.7150259067357, 
                    156.6839378238342
                ], 
                [
                    634.1968911917098, 
                    160.41450777202073
                ], 
                [
                    643.5233160621761, 
                    167.87564766839378
                ], 
                [
                    628.6010362694301, 
                    175.33678756476684
                ], 
                [
                    652.8497409326425, 
                    190.25906735751295
                ], 
                [
                    613.6787564766839, 
                    190.25906735751295
                ], 
                [
                    613.6787564766839, 
                    212.64248704663214
                ], 
                [
                    623.0051813471503, 
                    227.56476683937825
                ], 
                [
                    639.7927461139897, 
                    244.35233160621763
                ], 
                [
                    652.8497409326425, 
                    238.75647668393782
                ], 
                [
                    662.1761658031088, 
                    233.16062176165804
                ], 
                [
                    665.9067357512954, 
                    195.85492227979276
                ], 
                [
                    693.8860103626944, 
                    214.50777202072538
                ], 
                [
                    708.8082901554404, 
                    221.96891191709847
                ], 
                [
                    731.1917098445596, 
                    248.08290155440415
                ], 
                [
                    747.979274611399, 
                    276.0621761658031
                ], 
                [
                    753.5751295336788, 
                    292.8497409326425
                ], 
                [
                    721.8652849740932, 
                    296.580310880829
                ], 
                [
                    721.8652849740932, 
                    315.23316062176167
                ], 
                [
                    708.8082901554404, 
                    318.9637305699482
                ], 
                [
                    686.4248704663213, 
                    318.9637305699482
                ], 
                [
                    703.2124352331606, 
                    345.0777202072539
                ], 
                [
                    690.1554404145078, 
                    352.538860103627
                ], 
                [
                    708.8082901554404, 
                    369.3264248704663
                ], 
                [
                    703.2124352331606, 
                    382.3834196891192
                ], 
                [
                    673.3678756476684, 
                    386.11398963730574
                ], 
                [
                    641.6580310880829, 
                    387.979274611399
                ], 
                [
                    609.9481865284974, 
                    389.8445595854922
                ], 
                [
                    617.4093264248705, 
                    360.0
                ], 
                [
                    595.0259067357513, 
                    350.6735751295337
                ], 
                [
                    600.6217616580311, 
                    199.58549222797927
                ], 
                [
                    568.9119170984457, 
                    195.85492227979276
                ], 
                [
                    565.1813471502591, 
                    307.7720207253886
                ], 
                [
                    531.6062176165804, 
                    311.5025906735751
                ], 
                [
                    531.6062176165804, 
                    352.538860103627
                ], 
                [
                    553.9896373056995, 
                    354.4041450777202
                ], 
                [
                    548.3937823834198, 
                    397.3056994818653
                ], 
                [
                    516.6839378238342, 
                    395.44041450777206
                ], 
                [
                    470.0518134715026, 
                    415.95854922279796
                ], 
                [
                    402.9015544041451, 
                    430.88082901554407
                ], 
                [
                    352.538860103627, 
                    429.01554404145077
                ], 
                [
                    317.0984455958549, 
                    414.09326424870466
                ], 
                [
                    290.98445595854923, 
                    350.6735751295337
                ], 
                [
                    246.2176165803109, 
                    309.6373056994819
                ], 
                [
                    231.29533678756476, 
                    266.7357512953368
                ], 
                [
                    218.23834196891193, 
                    249.94818652849742
                ], 
                [
                    207.04663212435233, 
                    238.75647668393782
                ], 
                [
                    229.43005181347152, 
                    229.43005181347152
                ], 
                [
                    248.08290155440415, 
                    190.25906735751295
                ], 
                [
                    233.16062176165804, 
                    164.14507772020727
                ], 
                [
                    193.9896373056995, 
                    145.49222797927462
                ], 
                [
                    156.6839378238342, 
                    141.76165803108807
                ], 
                [
                    119.37823834196891, 
                    156.6839378238342
                ], 
                [
                    3.7305699481865284, 
                    74.61139896373058
                ], 
                [
                    0.0, 
                    0.0
                ]
            ], 
            "user": "daid", 
            "verified": 0
        }
    ]
}