{
    "imgHeight": 1080, 
    "imgWidth": 1920, 
    "objects": [
        {
            "date": "15-Nov-2018 18:12:55", 
            "deleted": 0, 
            "draw": true, 
            "id": 0, 
            "label": "traffic light", 
            "polygon": [
                [
                    1273.9896373056995, 
                    606.2176165803108
                ], 
                [
                    1315.0259067357513, 
                    608.0829015544042
                ], 
                [
                    1315.0259067357513, 
                    512.9533678756477
                ], 
                [
                    1270.259067357513, 
                    509.22279792746116
                ]
            ], 
            "user": "daid", 
            "verified": 0
        }, 
        {
            "date": "15-Nov-2018 18:13:08", 
            "deleted": 0, 
            "draw": true, 
            "id": 1, 
            "label": "traffic light", 
            "polygon": [
                [
                    692.020725388601, 
                    578.238341968912
                ], 
                [
                    733.0569948186529, 
                    583.8341968911917
                ], 
                [
                    746.1139896373057, 
                    483.1088082901555
                ], 
                [
                    703.2124352331606, 
                    481.2435233160622
                ]
            ], 
            "user": "daid", 
            "verified": 0
        }, 
        {
            "date": "15-Nov-2018 18:13:32", 
            "deleted": 0, 
            "draw": true, 
            "id": 2, 
            "label": "traffic sign", 
            "polygon": [
                [
                    708.8082901554404, 
                    440.2072538860104
                ], 
                [
                    710.6735751295337, 
                    429.01554404145077
                ], 
                [
                    725.5958549222798, 
                    419.6891191709845
                ], 
                [
                    742.3834196891193, 
                    419.6891191709845
                ], 
                [
                    759.1709844559585, 
                    429.01554404145077
                ], 
                [
                    761.0362694300518, 
                    442.07253886010363
                ], 
                [
                    761.0362694300518, 
                    453.2642487046632
                ], 
                [
                    749.8445595854922, 
                    464.4559585492228
                ], 
                [
                    733.0569948186529, 
                    471.91709844559585
                ], 
                [
                    718.1347150259068, 
                    462.59067357512953
                ], 
                [
                    712.5388601036269, 
                    455.1295336787565
                ]
            ], 
            "user": "daid", 
            "verified": 0
        }, 
        {
            "date": "15-Nov-2018 18:14:03", 
            "deleted": 0, 
            "draw": true, 
            "id": 3, 
            "label": "car", 
            "polygon": [
                [
                    710.6735751295337, 
                    720.0
                ], 
                [
                    738.6528497409327, 
                    716.2694300518135
                ], 
                [
                    768.4974093264249, 
                    718.1347150259068
                ], 
                [
                    789.0155440414508, 
                    720.0
                ], 
                [
                    800.2072538860103, 
                    710.6735751295337
                ], 
                [
                    800.2072538860103, 
                    701.3471502590673
                ], 
                [
                    792.7461139896374, 
                    690.1554404145078
                ], 
                [
                    781.5544041450778, 
                    688.2901554404145
                ], 
                [
                    761.0362694300518, 
                    673.3678756476684
                ], 
                [
                    736.7875647668394, 
                    667.7720207253886
                ], 
                [
                    714.4041450777203, 
                    664.041450777202
                ], 
                [
                    714.4041450777203, 
                    678.9637305699482
                ], 
                [
                    721.8652849740932, 
                    692.020725388601
                ], 
                [
                    721.8652849740932, 
                    706.9430051813472
                ]
            ], 
            "user": "daid", 
            "verified": 0
        }, 
        {
            "date": "15-Nov-2018 18:14:25", 
            "deleted": 0, 
            "draw": true, 
            "id": 4, 
            "label": "car", 
            "polygon": [
                [
                    677.098445595855, 
                    662.1761658031088
                ], 
                [
                    697.6165803108809, 
                    662.1761658031088
                ], 
                [
                    695.7512953367876, 
                    682.6943005181347
                ], 
                [
                    684.559585492228, 
                    695.7512953367876
                ], 
                [
                    684.559585492228, 
                    706.9430051813472
                ], 
                [
                    675.2331606217617, 
                    706.9430051813472
                ], 
                [
                    675.2331606217617, 
                    714.4041450777203
                ], 
                [
                    660.3108808290156, 
                    712.5388601036269
                ], 
                [
                    654.7150259067357, 
                    703.2124352331606
                ], 
                [
                    656.5803108808291, 
                    680.8290155440415
                ], 
                [
                    673.3678756476684, 
                    660.3108808290156
                ], 
                [
                    680.8290155440415, 
                    664.041450777202
                ]
            ], 
            "user": "daid", 
            "verified": 0
        }, 
        {
            "date": "15-Nov-2018 18:15:25", 
            "deleted": 0, 
            "draw": true, 
            "id": 5, 
            "label": "sidewalk", 
            "polygon": [
                [
                    458.86010362694304, 
                    1079.0
                ], 
                [
                    749.8445595854922, 
                    858.0310880829015
                ], 
                [
                    850.5699481865286, 
                    781.5544041450778
                ], 
                [
                    846.839378238342, 
                    770.3626943005181
                ], 
                [
                    828.1865284974093, 
                    761.0362694300518
                ], 
                [
                    755.4404145077721, 
                    757.3056994818653
                ], 
                [
                    725.5958549222798, 
                    757.3056994818653
                ], 
                [
                    697.6165803108809, 
                    751.7098445595855
                ], 
                [
                    701.3471502590673, 
                    789.0155440414508
                ], 
                [
                    699.4818652849741, 
                    802.0725388601037
                ], 
                [
                    680.8290155440415, 
                    802.0725388601037
                ], 
                [
                    680.8290155440415, 
                    789.0155440414508
                ], 
                [
                    690.1554404145078, 
                    772.2279792746115
                ], 
                [
                    690.1554404145078, 
                    757.3056994818653
                ], 
                [
                    686.4248704663213, 
                    770.3626943005181
                ], 
                [
                    677.098445595855, 
                    779.6891191709844
                ], 
                [
                    656.5803108808291, 
                    783.419689119171
                ], 
                [
                    585.699481865285, 
                    805.8031088082902
                ], 
                [
                    540.9326424870467, 
                    820.7253886010363
                ], 
                [
                    483.1088082901555, 
                    839.378238341969
                ], 
                [
                    404.76683937823833, 
                    865.4922279792746
                ], 
                [
                    210.77720207253887, 
                    908.3937823834198
                ], 
                [
                    80.20725388601036, 
                    947.5647668393783
                ], 
                [
                    0.0, 
                    964.3523316062176
                ], 
                [
                    0.0, 
                    1079.0
                ]
            ], 
            "user": "daid", 
            "verified": 0
        }, 
        {
            "date": "15-Nov-2018 18:16:26", 
            "deleted": 0, 
            "draw": true, 
            "id": 6, 
            "label": "sidewalk", 
            "polygon": [
                [
                    1410.155440414508, 
                    1079.0
                ], 
                [
                    1326.217616580311, 
                    997.9274611398964
                ], 
                [
                    1260.9326424870467, 
                    930.7772020725389
                ], 
                [
                    1221.761658031088, 
                    897.2020725388601
                ], 
                [
                    1208.7046632124352, 
                    854.300518134715
                ], 
                [
                    1221.761658031088, 
                    826.3212435233161
                ], 
                [
                    1244.1450777202074, 
                    807.6683937823834
                ], 
                [
                    1277.720207253886, 
                    790.8808290155441
                ], 
                [
                    1279.5854922279793, 
                    815.1295336787565
                ], 
                [
                    1273.9896373056995, 
                    830.0518134715027
                ], 
                [
                    1290.777202072539, 
                    833.7823834196892
                ], 
                [
                    1311.2953367875648, 
                    835.6476683937824
                ], 
                [
                    1298.238341968912, 
                    816.9948186528497
                ], 
                [
                    1298.238341968912, 
                    798.3419689119171
                ], 
                [
                    1300.103626943005, 
                    783.419689119171
                ], 
                [
                    1352.3316062176166, 
                    768.4974093264249
                ], 
                [
                    1365.3886010362694, 
                    770.3626943005181
                ], 
                [
                    1374.7150259067357, 
                    783.419689119171
                ], 
                [
                    1385.9067357512954, 
                    774.0932642487047
                ], 
                [
                    1421.3471502590673, 
                    759.1709844559585
                ], 
                [
                    1454.9222797927462, 
                    755.4404145077721
                ], 
                [
                    1495.958549222798, 
                    757.3056994818653
                ], 
                [
                    1503.419689119171, 
                    865.4922279792746
                ], 
                [
                    1512.7461139896373, 
                    871.0880829015545
                ], 
                [
                    1531.39896373057, 
                    871.0880829015545
                ], 
                [
                    1551.917098445596, 
                    871.0880829015545
                ], 
                [
                    1572.435233160622, 
                    872.9533678756477
                ], 
                [
                    1650.777202072539, 
                    900.9326424870467
                ], 
                [
                    1742.176165803109, 
                    930.7772020725389
                ], 
                [
                    1869.0155440414508, 
                    971.8134715025907
                ], 
                [
                    1919.0, 
                    988.6010362694301
                ], 
                [
                    1919.0, 
                    1079.0
                ]
            ], 
            "user": "daid", 
            "verified": 0
        }, 
        {
            "date": "15-Nov-2018 18:17:47", 
            "deleted": 0, 
            "draw": true, 
            "id": 7, 
            "label": "road", 
            "polygon": [
                [
                    468.18652849740937, 
                    1079.0
                ], 
                [
                    846.839378238342, 
                    783.419689119171
                ], 
                [
                    850.5699481865286, 
                    764.7668393782384
                ], 
                [
                    835.6476683937824, 
                    757.3056994818653
                ], 
                [
                    820.7253886010363, 
                    755.4404145077721
                ], 
                [
                    800.2072538860103, 
                    755.4404145077721
                ], 
                [
                    766.6321243523316, 
                    755.4404145077721
                ], 
                [
                    731.1917098445596, 
                    757.3056994818653
                ], 
                [
                    701.3471502590673, 
                    753.5751295336788
                ], 
                [
                    705.077720207254, 
                    716.2694300518135
                ], 
                [
                    749.8445595854922, 
                    716.2694300518135
                ], 
                [
                    787.1502590673575, 
                    716.2694300518135
                ], 
                [
                    807.6683937823834, 
                    712.5388601036269
                ], 
                [
                    800.2072538860103, 
                    693.8860103626944
                ], 
                [
                    792.7461139896374, 
                    692.020725388601
                ], 
                [
                    831.9170984455959, 
                    682.6943005181347
                ], 
                [
                    867.3575129533679, 
                    682.6943005181347
                ], 
                [
                    880.4145077720208, 
                    680.8290155440415
                ], 
                [
                    915.8549222797927, 
                    677.098445595855
                ], 
                [
                    949.4300518134716, 
                    680.8290155440415
                ], 
                [
                    981.139896373057, 
                    682.6943005181347
                ], 
                [
                    1003.5233160621761, 
                    677.098445595855
                ], 
                [
                    1018.4455958549223, 
                    675.2331606217617
                ], 
                [
                    1003.5233160621761, 
                    690.1554404145078
                ], 
                [
                    992.3316062176166, 
                    701.3471502590673
                ], 
                [
                    979.2746113989638, 
                    716.2694300518135
                ], 
                [
                    999.7927461139897, 
                    718.1347150259068
                ], 
                [
                    1040.8290155440416, 
                    721.8652849740932
                ], 
                [
                    1085.5958549222798, 
                    725.5958549222798
                ], 
                [
                    1139.6891191709844, 
                    723.7305699481866
                ], 
                [
                    1195.6476683937824, 
                    725.5958549222798
                ], 
                [
                    1246.0103626943005, 
                    725.5958549222798
                ], 
                [
                    1281.4507772020727, 
                    723.7305699481866
                ], 
                [
                    1285.1813471502592, 
                    790.8808290155441
                ], 
                [
                    1238.5492227979275, 
                    807.6683937823834
                ], 
                [
                    1221.761658031088, 
                    830.0518134715027
                ], 
                [
                    1212.4352331606217, 
                    856.1658031088083
                ], 
                [
                    1221.761658031088, 
                    887.8756476683939
                ], 
                [
                    1238.5492227979275, 
                    917.7202072538861
                ], 
                [
                    1268.3937823834196, 
                    941.9689119170985
                ], 
                [
                    1311.2953367875648, 
                    981.139896373057
                ], 
                [
                    1359.7927461139898, 
                    1031.5025906735752
                ], 
                [
                    1408.2901554404145, 
                    1076.2694300518135
                ]
            ], 
            "user": "daid", 
            "verified": 0
        }, 
        {
            "date": "15-Nov-2018 18:18:36", 
            "deleted": 0, 
            "draw": true, 
            "id": 8, 
            "label": "road", 
            "polygon": [
                [
                    3.7305699481865284, 
                    701.3471502590673
                ], 
                [
                    85.80310880829016, 
                    701.3471502590673
                ], 
                [
                    98.86010362694302, 
                    710.6735751295337
                ], 
                [
                    149.22279792746116, 
                    718.1347150259068
                ], 
                [
                    207.04663212435233, 
                    716.2694300518135
                ], 
                [
                    264.87046632124355, 
                    712.5388601036269
                ], 
                [
                    425.2849740932643, 
                    706.9430051813472
                ], 
                [
                    486.83937823834196, 
                    703.2124352331606
                ], 
                [
                    548.3937823834198, 
                    703.2124352331606
                ], 
                [
                    591.2953367875648, 
                    701.3471502590673
                ], 
                [
                    641.6580310880829, 
                    703.2124352331606
                ], 
                [
                    652.8497409326425, 
                    703.2124352331606
                ], 
                [
                    667.7720207253886, 
                    718.1347150259068
                ], 
                [
                    688.2901554404145, 
                    714.4041450777203
                ], 
                [
                    695.7512953367876, 
                    723.7305699481866
                ], 
                [
                    692.020725388601, 
                    755.4404145077721
                ], 
                [
                    682.6943005181347, 
                    775.958549222798
                ], 
                [
                    660.3108808290156, 
                    781.5544041450778
                ], 
                [
                    630.4663212435233, 
                    792.7461139896374
                ], 
                [
                    565.1813471502591, 
                    813.2642487046633
                ], 
                [
                    516.6839378238342, 
                    830.0518134715027
                ], 
                [
                    417.8238341968912, 
                    863.6269430051814
                ], 
                [
                    289.119170984456, 
                    891.6062176165804
                ], 
                [
                    143.62694300518135, 
                    925.1813471502591
                ], 
                [
                    1.8652849740932642, 
                    962.4870466321244
                ]
            ], 
            "user": "daid", 
            "verified": 0
        }, 
        {
            "date": "15-Nov-2018 18:18:57", 
            "deleted": 0, 
            "draw": true, 
            "id": 9, 
            "label": "sidewalk", 
            "polygon": [
                [
                    1018.4455958549223, 
                    680.8290155440415
                ], 
                [
                    1029.6373056994819, 
                    680.8290155440415
                ], 
                [
                    1033.3678756476684, 
                    693.8860103626944
                ], 
                [
                    1033.3678756476684, 
                    708.8082901554404
                ], 
                [
                    1042.6943005181347, 
                    708.8082901554404
                ], 
                [
                    1044.559585492228, 
                    720.0
                ], 
                [
                    984.8704663212436, 
                    718.1347150259068
                ]
            ], 
            "user": "daid", 
            "verified": 0
        }, 
        {
            "date": "15-Nov-2018 18:19:22", 
            "deleted": 0, 
            "draw": true, 
            "id": 10, 
            "label": "road", 
            "polygon": [
                [
                    1298.238341968912, 
                    744.2487046632125
                ], 
                [
                    1311.2953367875648, 
                    744.2487046632125
                ], 
                [
                    1311.2953367875648, 
                    731.1917098445596
                ], 
                [
                    1372.8497409326426, 
                    734.9222797927462
                ], 
                [
                    1374.7150259067357, 
                    775.958549222798
                ], 
                [
                    1365.3886010362694, 
                    761.0362694300518
                ], 
                [
                    1339.2746113989638, 
                    766.6321243523316
                ], 
                [
                    1305.699481865285, 
                    783.419689119171
                ], 
                [
                    1296.3730569948186, 
                    787.1502590673575
                ], 
                [
                    1296.3730569948186, 
                    747.979274611399
                ]
            ], 
            "user": "daid", 
            "verified": 0
        }, 
        {
            "date": "15-Nov-2018 18:19:38", 
            "deleted": 0, 
            "draw": true, 
            "id": 11, 
            "label": "road", 
            "polygon": [
                [
                    1385.9067357512954, 
                    738.6528497409327
                ], 
                [
                    1385.9067357512954, 
                    772.2279792746115
                ], 
                [
                    1413.8860103626944, 
                    759.1709844559585
                ], 
                [
                    1441.8652849740934, 
                    755.4404145077721
                ], 
                [
                    1486.6321243523316, 
                    755.4404145077721
                ], 
                [
                    1495.958549222798, 
                    755.4404145077721
                ], 
                [
                    1494.0932642487046, 
                    733.0569948186529
                ]
            ], 
            "user": "daid", 
            "verified": 0
        }, 
        {
            "date": "15-Nov-2018 18:20:02", 
            "deleted": 0, 
            "draw": true, 
            "id": 12, 
            "label": "traffic light", 
            "polygon": [
                [
                    1102.3834196891191, 
                    649.119170984456
                ], 
                [
                    1113.5751295336788, 
                    649.119170984456
                ], 
                [
                    1115.440414507772, 
                    619.2746113989638
                ], 
                [
                    1100.518134715026, 
                    615.5440414507772
                ]
            ], 
            "user": "daid", 
            "verified": 0
        }, 
        {
            "date": "15-Nov-2018 18:20:49", 
            "deleted": 0, 
            "draw": true, 
            "id": 13, 
            "label": "sidewalk", 
            "polygon": [
                [
                    95.12953367875647, 
                    699.4818652849741
                ], 
                [
                    138.03108808290156, 
                    695.7512953367876
                ], 
                [
                    180.93264248704665, 
                    693.8860103626944
                ], 
                [
                    242.48704663212436, 
                    692.020725388601
                ], 
                [
                    253.67875647668396, 
                    701.3471502590673
                ], 
                [
                    268.60103626943004, 
                    692.020725388601
                ], 
                [
                    302.1761658031088, 
                    690.1554404145078
                ], 
                [
                    354.4041450777202, 
                    682.6943005181347
                ], 
                [
                    393.57512953367876, 
                    688.2901554404145
                ], 
                [
                    464.4559585492228, 
                    684.559585492228
                ], 
                [
                    494.30051813471505, 
                    686.4248704663213
                ], 
                [
                    527.8756476683938, 
                    677.098445595855
                ], 
                [
                    565.1813471502591, 
                    677.098445595855
                ], 
                [
                    595.0259067357513, 
                    680.8290155440415
                ], 
                [
                    624.8704663212435, 
                    680.8290155440415
                ], 
                [
                    624.8704663212435, 
                    680.8290155440415
                ], 
                [
                    583.8341968911917, 
                    688.2901554404145
                ], 
                [
                    546.5284974093264, 
                    695.7512953367876
                ], 
                [
                    514.8186528497409, 
                    699.4818652849741
                ], 
                [
                    440.2072538860104, 
                    705.077720207254
                ], 
                [
                    363.73056994818654, 
                    706.9430051813472
                ], 
                [
                    290.98445595854923, 
                    708.8082901554404
                ], 
                [
                    208.9119170984456, 
                    716.2694300518135
                ], 
                [
                    160.41450777202073, 
                    716.2694300518135
                ]
            ], 
            "user": "daid", 
            "verified": 0
        }, 
        {
            "date": "15-Nov-2018 18:21:35", 
            "deleted": 0, 
            "draw": true, 
            "id": 14, 
            "label": "road", 
            "polygon": [
                [
                    539.0673575129534, 
                    705.077720207254
                ], 
                [
                    630.4663212435233, 
                    703.2124352331606
                ], 
                [
                    634.1968911917098, 
                    682.6943005181347
                ], 
                [
                    623.0051813471503, 
                    682.6943005181347
                ], 
                [
                    598.7564766839379, 
                    688.2901554404145
                ], 
                [
                    572.6424870466321, 
                    693.8860103626944
                ]
            ], 
            "user": "daid", 
            "verified": 0
        }, 
        {
            "date": "15-Nov-2018 18:22:12", 
            "deleted": 0, 
            "draw": true, 
            "id": 15, 
            "label": "pole", 
            "polygon": [
                [
                    1507.1502590673576, 
                    867.3575129533679
                ], 
                [
                    1529.5336787564768, 
                    874.8186528497409
                ], 
                [
                    1553.7823834196893, 
                    874.8186528497409
                ], 
                [
                    1559.3782383419689, 
                    872.9533678756477
                ], 
                [
                    1544.455958549223, 
                    365.5958549222798
                ], 
                [
                    1544.455958549223, 
                    365.5958549222798
                ], 
                [
                    1486.6321243523316, 
                    361.8652849740933
                ]
            ], 
            "user": "daid", 
            "verified": 0
        }, 
        {
            "date": "15-Nov-2018 18:22:26", 
            "deleted": 0, 
            "draw": true, 
            "id": 16, 
            "label": "pole", 
            "polygon": [
                [
                    1494.0932642487046, 
                    339.4818652849741
                ], 
                [
                    1540.7253886010362, 
                    343.21243523316065
                ], 
                [
                    1531.39896373057, 
                    1.8652849740932642
                ], 
                [
                    1486.6321243523316, 
                    0.0
                ]
            ], 
            "user": "daid", 
            "verified": 0
        }, 
        {
            "date": "15-Nov-2018 18:22:44", 
            "deleted": 0, 
            "draw": true, 
            "id": 17, 
            "label": "traffic sign", 
            "polygon": [
                [
                    1479.1709844559587, 
                    343.21243523316065
                ], 
                [
                    1602.279792746114, 
                    348.80829015544043
                ], 
                [
                    1602.279792746114, 
                    361.8652849740933
                ], 
                [
                    1479.1709844559587, 
                    361.8652849740933
                ]
            ], 
            "user": "daid", 
            "verified": 0
        }, 
        {
            "date": "15-Nov-2018 20:22:57", 
            "deleted": 0, 
            "draw": true, 
            "id": 18, 
            "label": "wall", 
            "polygon": [
                [
                    1555.6476683937824, 
                    518.5492227979274
                ], 
                [
                    1564.9740932642487, 
                    869.2227979274612
                ], 
                [
                    1919.0, 
                    986.7357512953369
                ], 
                [
                    1919.0, 
                    346.9430051813472
                ]
            ], 
            "user": "daid", 
            "verified": 0
        }
    ]
}