{
    "imgHeight": 1080, 
    "imgWidth": 1920, 
    "objects": [
        {
            "date": "15-Nov-2018 16:30:37", 
            "deleted": 0, 
            "draw": true, 
            "id": 0, 
            "label": "car", 
            "polygon": [
                [
                    1080.0, 
                    781.5544041450778
                ], 
                [
                    1106.1139896373056, 
                    781.5544041450778
                ], 
                [
                    1107.979274611399, 
                    768.4974093264249
                ], 
                [
                    1165.8031088082903, 
                    768.4974093264249
                ], 
                [
                    1169.5336787564768, 
                    783.419689119171
                ], 
                [
                    1182.5906735751296, 
                    781.5544041450778
                ], 
                [
                    1188.1865284974094, 
                    770.3626943005181
                ], 
                [
                    1186.321243523316, 
                    738.6528497409327
                ], 
                [
                    1182.5906735751296, 
                    723.7305699481866
                ], 
                [
                    1169.5336787564768, 
                    703.2124352331606
                ], 
                [
                    1149.0155440414508, 
                    693.8860103626944
                ], 
                [
                    1124.7668393782383, 
                    693.8860103626944
                ], 
                [
                    1100.518134715026, 
                    693.8860103626944
                ], 
                [
                    1091.1917098445597, 
                    699.4818652849741
                ], 
                [
                    1087.4611398963732, 
                    712.5388601036269
                ], 
                [
                    1074.4041450777202, 
                    710.6735751295337
                ], 
                [
                    1063.2124352331607, 
                    716.2694300518135
                ], 
                [
                    1070.6735751295337, 
                    720.0
                ], 
                [
                    1078.1347150259069, 
                    736.7875647668394
                ], 
                [
                    1078.1347150259069, 
                    757.3056994818653
                ]
            ], 
            "user": "daid", 
            "verified": 0
        }, 
        {
            "date": "15-Nov-2018 16:30:53", 
            "deleted": 0, 
            "draw": true, 
            "id": 1, 
            "label": "traffic sign", 
            "polygon": [
                [
                    908.3937823834198, 
                    604.3523316062176
                ], 
                [
                    951.2953367875648, 
                    604.3523316062176
                ], 
                [
                    949.4300518134716, 
                    561.4507772020726
                ], 
                [
                    906.5284974093264, 
                    563.3160621761658
                ]
            ], 
            "user": "daid", 
            "verified": 0
        }, 
        {
            "date": "15-Nov-2018 16:32:10", 
            "deleted": 0, 
            "draw": true, 
            "id": 2, 
            "label": "road", 
            "polygon": [
                [
                    1.8652849740932642, 
                    1079.0
                ], 
                [
                    70.88082901554404, 
                    1079.0
                ], 
                [
                    149.22279792746116, 
                    1066.9430051813472
                ], 
                [
                    330.1554404145078, 
                    1033.3678756476684
                ], 
                [
                    518.5492227979274, 
                    994.1968911917098
                ], 
                [
                    645.3886010362695, 
                    962.4870466321244
                ], 
                [
                    729.3264248704663, 
                    925.1813471502591
                ], 
                [
                    783.419689119171, 
                    874.8186528497409
                ], 
                [
                    921.4507772020726, 
                    755.4404145077721
                ], 
                [
                    955.0259067357513, 
                    734.9222797927462
                ], 
                [
                    999.7927461139897, 
                    708.8082901554404
                ], 
                [
                    1016.5803108808291, 
                    705.077720207254
                ], 
                [
                    1035.2331606217617, 
                    699.4818652849741
                ], 
                [
                    1059.4818652849742, 
                    699.4818652849741
                ], 
                [
                    1080.0, 
                    697.6165803108809
                ], 
                [
                    1080.0, 
                    712.5388601036269
                ], 
                [
                    1063.2124352331607, 
                    714.4041450777203
                ], 
                [
                    1063.2124352331607, 
                    727.4611398963731
                ], 
                [
                    1074.4041450777202, 
                    742.3834196891193
                ], 
                [
                    1076.2694300518135, 
                    761.0362694300518
                ], 
                [
                    1078.1347150259069, 
                    775.958549222798
                ], 
                [
                    1093.0569948186528, 
                    790.8808290155441
                ], 
                [
                    1113.5751295336788, 
                    787.1502590673575
                ], 
                [
                    1113.5751295336788, 
                    777.8238341968912
                ], 
                [
                    1162.0725388601036, 
                    779.6891191709844
                ], 
                [
                    1169.5336787564768, 
                    792.7461139896374
                ], 
                [
                    1186.321243523316, 
                    790.8808290155441
                ], 
                [
                    1197.5129533678758, 
                    770.3626943005181
                ], 
                [
                    1195.6476683937824, 
                    759.1709844559585
                ], 
                [
                    1456.7875647668395, 
                    856.1658031088083
                ], 
                [
                    1693.678756476684, 
                    930.7772020725389
                ], 
                [
                    1772.020725388601, 
                    949.4300518134716
                ], 
                [
                    1855.958549222798, 
                    951.2953367875648
                ], 
                [
                    1883.937823834197, 
                    951.2953367875648
                ], 
                [
                    1919.0, 
                    955.0259067357513
                ], 
                [
                    1919.0, 
                    1079.0
                ]
            ], 
            "user": "daid", 
            "verified": 0
        }, 
        {
            "date": "15-Nov-2018 16:32:53", 
            "deleted": 0, 
            "draw": true, 
            "id": 3, 
            "label": "sidewalk", 
            "polygon": [
                [
                    1400.8290155440416, 
                    837.5129533678756
                ], 
                [
                    1400.8290155440416, 
                    820.7253886010363
                ], 
                [
                    1434.4041450777202, 
                    820.7253886010363
                ], 
                [
                    1490.3626943005181, 
                    833.7823834196892
                ], 
                [
                    1596.6839378238342, 
                    858.0310880829015
                ], 
                [
                    1701.1398963730571, 
                    884.1450777202073
                ], 
                [
                    1723.5233160621763, 
                    884.1450777202073
                ], 
                [
                    1723.5233160621763, 
                    895.3367875647668
                ], 
                [
                    1747.7720207253888, 
                    904.6632124352332
                ], 
                [
                    1757.098445595855, 
                    897.2020725388601
                ], 
                [
                    1826.1139896373058, 
                    910.259067357513
                ], 
                [
                    1876.476683937824, 
                    928.9119170984457
                ], 
                [
                    1874.6113989637306, 
                    945.699481865285
                ], 
                [
                    1788.8082901554405, 
                    947.5647668393783
                ], 
                [
                    1730.9844559585492, 
                    938.238341968912
                ], 
                [
                    1658.238341968912, 
                    917.7202072538861
                ], 
                [
                    1572.435233160622, 
                    887.8756476683939
                ], 
                [
                    1484.7668393782385, 
                    861.7616580310881
                ]
            ], 
            "user": "daid", 
            "verified": 0
        }, 
        {
            "date": "15-Nov-2018 16:33:20", 
            "deleted": 0, 
            "draw": true, 
            "id": 4, 
            "label": "car", 
            "polygon": [
                [
                    1643.3160621761658, 
                    755.4404145077721
                ], 
                [
                    1661.9689119170985, 
                    747.979274611399
                ], 
                [
                    1742.176165803109, 
                    746.1139896373057
                ], 
                [
                    1764.559585492228, 
                    764.7668393782384
                ], 
                [
                    1805.5958549222798, 
                    751.7098445595855
                ], 
                [
                    1827.979274611399, 
                    725.5958549222798
                ], 
                [
                    1785.0777202072538, 
                    705.077720207254
                ], 
                [
                    1738.4455958549224, 
                    697.6165803108809
                ], 
                [
                    1689.9481865284974, 
                    693.8860103626944
                ], 
                [
                    1661.9689119170985, 
                    708.8082901554404
                ], 
                [
                    1637.720207253886, 
                    718.1347150259068
                ], 
                [
                    1628.3937823834196, 
                    723.7305699481866
                ], 
                [
                    1620.9326424870467, 
                    744.2487046632125
                ], 
                [
                    1630.259067357513, 
                    753.5751295336788
                ]
            ], 
            "user": "daid", 
            "verified": 0
        }, 
        {
            "date": "15-Nov-2018 16:33:56", 
            "deleted": 0, 
            "draw": true, 
            "id": 5, 
            "label": "train", 
            "polygon": [
                [
                    475.6476683937824, 
                    581.9689119170985
                ], 
                [
                    544.6632124352332, 
                    600.6217616580311
                ], 
                [
                    621.139896373057, 
                    613.6787564766839
                ], 
                [
                    693.8860103626944, 
                    628.6010362694301
                ], 
                [
                    746.1139896373057, 
                    637.9274611398964
                ], 
                [
                    779.6891191709844, 
                    643.5233160621761
                ], 
                [
                    783.419689119171, 
                    721.8652849740932
                ], 
                [
                    747.979274611399, 
                    721.8652849740932
                ], 
                [
                    693.8860103626944, 
                    733.0569948186529
                ], 
                [
                    615.5440414507772, 
                    751.7098445595855
                ], 
                [
                    466.32124352331607, 
                    779.6891191709844
                ]
            ], 
            "user": "daid", 
            "verified": 0
        }, 
        {
            "date": "15-Nov-2018 16:34:29", 
            "deleted": 0, 
            "draw": true, 
            "id": 6, 
            "label": "train", 
            "polygon": [
                [
                    307.7720207253886, 
                    546.5284974093264
                ], 
                [
                    417.8238341968912, 
                    570.7772020725389
                ], 
                [
                    410.36269430051817, 
                    781.5544041450778
                ], 
                [
                    352.538860103627, 
                    785.2849740932643
                ], 
                [
                    281.6580310880829, 
                    794.6113989637306
                ], 
                [
                    221.96891191709847, 
                    803.9378238341969
                ], 
                [
                    138.03108808290156, 
                    809.5336787564767
                ], 
                [
                    57.82383419689119, 
                    803.9378238341969
                ], 
                [
                    54.09326424870466, 
                    749.8445595854922
                ], 
                [
                    87.66839378238342, 
                    639.7927461139897
                ], 
                [
                    63.41968911917099, 
                    632.3316062176166
                ], 
                [
                    76.47668393782384, 
                    563.3160621761658
                ], 
                [
                    104.4559585492228, 
                    548.3937823834198
                ], 
                [
                    126.83937823834198, 
                    537.2020725388601
                ], 
                [
                    244.35233160621763, 
                    540.9326424870467
                ]
            ], 
            "user": "daid", 
            "verified": 0
        }, 
        {
            "date": "15-Nov-2018 16:35:28", 
            "deleted": 0, 
            "draw": true, 
            "id": 7, 
            "label": "sidewalk", 
            "polygon": [
                [
                    1.8652849740932642, 
                    1063.2124352331607
                ], 
                [
                    382.3834196891192, 
                    900.9326424870467
                ], 
                [
                    393.57512953367876, 
                    893.4715025906736
                ], 
                [
                    391.7098445595855, 
                    927.0466321243524
                ], 
                [
                    443.93782383419693, 
                    923.3160621761658
                ], 
                [
                    453.2642487046632, 
                    884.1450777202073
                ], 
                [
                    677.098445595855, 
                    789.0155440414508
                ], 
                [
                    789.0155440414508, 
                    740.5181347150259
                ], 
                [
                    869.2227979274612, 
                    720.0
                ], 
                [
                    904.6632124352332, 
                    712.5388601036269
                ], 
                [
                    915.8549222797927, 
                    712.5388601036269
                ], 
                [
                    915.8549222797927, 
                    727.4611398963731
                ], 
                [
                    928.9119170984457, 
                    727.4611398963731
                ], 
                [
                    932.6424870466321, 
                    738.6528497409327
                ], 
                [
                    951.2953367875648, 
                    727.4611398963731
                ], 
                [
                    742.3834196891193, 
                    912.1243523316062
                ], 
                [
                    649.119170984456, 
                    958.7564766839379
                ], 
                [
                    186.52849740932643, 
                    1057.6165803108809
                ], 
                [
                    80.20725388601036, 
                    1074.4041450777202
                ], 
                [
                    0.0, 
                    1079.0
                ]
            ], 
            "user": "daid", 
            "verified": 0
        }, 
        {
            "date": "15-Nov-2018 16:36:14", 
            "deleted": 0, 
            "draw": true, 
            "id": 8, 
            "label": "road", 
            "polygon": [
                [
                    1180.7253886010362, 
                    716.2694300518135
                ], 
                [
                    1204.9740932642487, 
                    716.2694300518135
                ], 
                [
                    1294.5077720207255, 
                    740.5181347150259
                ], 
                [
                    1421.3471502590673, 
                    775.958549222798
                ], 
                [
                    1538.860103626943, 
                    803.9378238341969
                ], 
                [
                    1708.60103626943, 
                    846.839378238342
                ], 
                [
                    1721.658031088083, 
                    865.4922279792746
                ], 
                [
                    1721.658031088083, 
                    882.279792746114
                ], 
                [
                    1695.5440414507773, 
                    880.4145077720208
                ], 
                [
                    1447.4611398963732, 
                    822.5906735751296
                ], 
                [
                    1398.9637305699482, 
                    826.3212435233161
                ], 
                [
                    1398.9637305699482, 
                    828.1865284974093
                ], 
                [
                    1206.839378238342, 
                    761.0362694300518
                ], 
                [
                    1190.0518134715026, 
                    757.3056994818653
                ], 
                [
                    1190.0518134715026, 
                    733.0569948186529
                ]
            ], 
            "user": "daid", 
            "verified": 0
        }, 
        {
            "date": "15-Nov-2018 16:36:36", 
            "deleted": 0, 
            "draw": true, 
            "id": 9, 
            "label": "road", 
            "polygon": [
                [
                    1758.9637305699482, 
                    867.3575129533679
                ], 
                [
                    1917.5129533678758, 
                    904.6632124352332
                ], 
                [
                    1919.0, 
                    943.8341968911917
                ], 
                [
                    1880.2072538860104, 
                    949.4300518134716
                ], 
                [
                    1880.2072538860104, 
                    928.9119170984457
                ], 
                [
                    1826.1139896373058, 
                    902.7979274611399
                ], 
                [
                    1768.2901554404145, 
                    899.0673575129534
                ], 
                [
                    1757.098445595855, 
                    895.3367875647668
                ]
            ], 
            "user": "daid", 
            "verified": 0
        }, 
        {
            "date": "15-Nov-2018 20:04:51", 
            "deleted": 0, 
            "draw": true, 
            "id": 10, 
            "label": "rail track", 
            "polygon": [
                [
                    0.0, 
                    854.300518134715
                ], 
                [
                    1.8652849740932642, 
                    803.9378238341969
                ], 
                [
                    52.2279792746114, 
                    798.3419689119171
                ], 
                [
                    74.61139896373058, 
                    809.5336787564767
                ], 
                [
                    156.6839378238342, 
                    816.9948186528497
                ], 
                [
                    249.94818652849742, 
                    809.5336787564767
                ], 
                [
                    360.0, 
                    790.8808290155441
                ], 
                [
                    406.63212435233163, 
                    790.8808290155441
                ], 
                [
                    395.44041450777206, 
                    889.7409326424871
                ], 
                [
                    1.8652849740932642, 
                    1063.2124352331607
                ]
            ], 
            "user": "daid", 
            "verified": 0
        }, 
        {
            "date": "15-Nov-2018 20:05:12", 
            "deleted": 0, 
            "draw": true, 
            "id": 11, 
            "label": "rail track", 
            "polygon": [
                [
                    470.0518134715026, 
                    787.1502590673575
                ], 
                [
                    462.59067357512953, 
                    876.6839378238342
                ], 
                [
                    792.7461139896374, 
                    738.6528497409327
                ], 
                [
                    787.1502590673575, 
                    725.5958549222798
                ], 
                [
                    755.4404145077721, 
                    723.7305699481866
                ], 
                [
                    738.6528497409327, 
                    721.8652849740932
                ], 
                [
                    652.8497409326425, 
                    742.3834196891193
                ], 
                [
                    511.0880829015544, 
                    774.0932642487047
                ], 
                [
                    468.18652849740937, 
                    783.419689119171
                ]
            ], 
            "user": "daid", 
            "verified": 0
        }, 
        {
            "date": "15-Nov-2018 20:05:32", 
            "deleted": 0, 
            "draw": true, 
            "id": 12, 
            "label": "pole", 
            "polygon": [
                [
                    399.17098445595855, 
                    923.3160621761658
                ], 
                [
                    443.93782383419693, 
                    919.5854922279793
                ], 
                [
                    518.5492227979274, 
                    3.7305699481865284
                ], 
                [
                    479.37823834196894, 
                    0.0
                ]
            ], 
            "user": "daid", 
            "verified": 0
        }
    ]
}