{
    "imgHeight": 480, 
    "imgWidth": 854, 
    "objects": [
        {
            "date": "15-Nov-2018 19:45:46", 
            "deleted": 0, 
            "draw": true, 
            "id": 0, 
            "label": "car", 
            "polygon": [
                [
                    229.63730569948186, 
                    271.0880829015544
                ], 
                [
                    270.25906735751295, 
                    271.0880829015544
                ], 
                [
                    278.5492227979274, 
                    277.720207253886
                ], 
                [
                    288.4974093264249, 
                    270.25906735751295
                ], 
                [
                    302.59067357512953, 
                    268.60103626943004
                ], 
                [
                    306.7357512953368, 
                    257.8238341968912
                ], 
                [
                    295.9585492227979, 
                    233.7823834196891
                ], 
                [
                    275.23316062176167, 
                    233.7823834196891
                ], 
                [
                    254.50777202072538, 
                    234.61139896373055
                ], 
                [
                    241.24352331606218, 
                    242.90155440414506
                ], 
                [
                    225.49222797927462, 
                    251.19170984455957
                ], 
                [
                    216.37305699481865, 
                    254.50777202072538
                ], 
                [
                    215.5440414507772, 
                    266.1139896373057
                ], 
                [
                    217.2020725388601, 
                    271.91709844559585
                ]
            ], 
            "user": "daid", 
            "verified": 0
        }, 
        {
            "date": "15-Nov-2018 19:46:26", 
            "deleted": 0, 
            "draw": true, 
            "id": 1, 
            "label": "sidewalk", 
            "polygon": [
                [
                    729.5336787564767, 
                    477.51295336787564
                ], 
                [
                    488.2901554404145, 
                    271.0880829015544
                ], 
                [
                    475.85492227979273, 
                    255.33678756476684
                ], 
                [
                    489.11917098445593, 
                    252.84974093264248
                ], 
                [
                    513.160621761658, 
                    250.36269430051811
                ], 
                [
                    536.3730569948186, 
                    252.02072538860102
                ], 
                [
                    550.4663212435233, 
                    255.33678756476684
                ], 
                [
                    567.0466321243523, 
                    267.7720207253886
                ], 
                [
                    577.8238341968912, 
                    275.23316062176167
                ], 
                [
                    600.2072538860103, 
                    273.57512953367876
                ], 
                [
                    625.0777202072538, 
                    284.3523316062176
                ], 
                [
                    636.6839378238342, 
                    295.9585492227979
                ], 
                [
                    649.119170984456, 
                    287.6683937823834
                ], 
                [
                    852.2279792746114, 
                    392.95336787564764
                ], 
                [
                    853.0, 
                    476.6839378238342
                ], 
                [
                    853.0, 
                    477.51295336787564
                ]
            ], 
            "user": "daid", 
            "verified": 0
        }, 
        {
            "date": "15-Nov-2018 19:47:44", 
            "deleted": 0, 
            "draw": true, 
            "id": 2, 
            "label": "road", 
            "polygon": [
                [
                    403.73056994818654, 
                    239.58549222797927
                ], 
                [
                    428.60103626943004, 
                    241.24352331606218
                ], 
                [
                    450.1554404145078, 
                    242.90155440414506
                ], 
                [
                    465.90673575129534, 
                    241.24352331606218
                ], 
                [
                    481.6580310880829, 
                    241.24352331606218
                ], 
                [
                    483.31606217616576, 
                    248.70466321243524
                ], 
                [
                    475.0259067357513, 
                    254.50777202072538
                ], 
                [
                    478.3419689119171, 
                    261.9689119170984
                ], 
                [
                    494.09326424870466, 
                    278.5492227979274
                ], 
                [
                    528.9119170984455, 
                    307.56476683937825
                ], 
                [
                    586.1139896373056, 
                    355.6476683937824
                ], 
                [
                    669.8445595854922, 
                    428.60103626943004
                ], 
                [
                    728.7046632124352, 
                    475.85492227979273
                ], 
                [
                    712.1243523316062, 
                    478.3419689119171
                ], 
                [
                    662.3834196891191, 
                    452.6424870466321
                ], 
                [
                    593.5751295336787, 
                    441.0362694300518
                ], 
                [
                    551.2953367875648, 
                    436.8911917098445
                ], 
                [
                    502.38341968911914, 
                    432.7461139896373
                ], 
                [
                    445.18134715025906, 
                    432.7461139896373
                ], 
                [
                    391.29533678756474, 
                    433.57512953367876
                ], 
                [
                    350.6735751295337, 
                    434.4041450777202
                ], 
                [
                    305.90673575129534, 
                    440.20725388601034
                ], 
                [
                    258.65284974093265, 
                    450.1554404145078
                ], 
                [
                    223.00518134715026, 
                    460.10362694300517
                ], 
                [
                    192.33160621761658, 
                    474.1968911917098
                ], 
                [
                    179.8963730569948, 
                    479.0
                ], 
                [
                    0.0, 
                    479.0
                ], 
                [
                    0.0, 
                    304.24870466321244
                ], 
                [
                    33.16062176165803, 
                    301.7616580310881
                ], 
                [
                    71.29533678756476, 
                    297.6165803108808
                ], 
                [
                    108.60103626943005, 
                    289.3264248704663
                ], 
                [
                    137.61658031088083, 
                    284.3523316062176
                ], 
                [
                    146.73575129533677, 
                    281.0362694300518
                ], 
                [
                    150.88082901554404, 
                    277.720207253886
                ], 
                [
                    175.75129533678756, 
                    283.52331606217615
                ], 
                [
                    210.56994818652848, 
                    276.8911917098446
                ], 
                [
                    220.5181347150259, 
                    271.91709844559585
                ], 
                [
                    272.7461139896373, 
                    271.0880829015544
                ], 
                [
                    277.720207253886, 
                    276.8911917098446
                ], 
                [
                    291.8134715025907, 
                    268.60103626943004
                ], 
                [
                    306.7357512953368, 
                    269.4300518134715
                ], 
                [
                    308.3937823834197, 
                    256.99481865284974
                ], 
                [
                    329.9481865284974, 
                    252.84974093264248
                ], 
                [
                    335.75129533678756, 
                    243.7305699481865
                ], 
                [
                    349.8445595854922, 
                    242.90155440414506
                ], 
                [
                    361.4507772020725, 
                    241.24352331606218
                ]
            ], 
            "user": "daid", 
            "verified": 0
        }, 
        {
            "date": "15-Nov-2018 19:48:21", 
            "deleted": 0, 
            "draw": true, 
            "id": 3, 
            "label": "sidewalk", 
            "polygon": [
                [
                    0.0, 
                    279.3782383419689
                ], 
                [
                    0.0, 
                    305.90673575129534
                ], 
                [
                    69.63730569948186, 
                    298.44559585492226
                ], 
                [
                    115.23316062176166, 
                    287.6683937823834
                ], 
                [
                    150.88082901554404, 
                    280.20725388601034
                ], 
                [
                    173.2642487046632, 
                    281.0362694300518
                ], 
                [
                    211.39896373056993, 
                    273.57512953367876
                ], 
                [
                    214.71502590673575, 
                    262.79792746113986
                ], 
                [
                    211.39896373056993, 
                    257.8238341968912
                ], 
                [
                    195.64766839378237, 
                    261.9689119170984
                ], 
                [
                    177.40932642487047, 
                    265.2849740932642
                ], 
                [
                    155.02590673575128, 
                    266.94300518134713
                ], 
                [
                    123.52331606217616, 
                    272.7461139896373
                ], 
                [
                    81.24352331606217, 
                    276.0621761658031
                ], 
                [
                    66.32124352331606, 
                    285.18134715025906
                ], 
                [
                    21.55440414507772, 
                    284.3523316062176
                ]
            ], 
            "user": "daid", 
            "verified": 0
        }, 
        {
            "date": "15-Nov-2018 19:48:34", 
            "deleted": 0, 
            "draw": true, 
            "id": 4, 
            "label": "pole", 
            "polygon": [
                [
                    347.35751295336786, 
                    240.41450777202073
                ], 
                [
                    344.8704663212435, 
                    164.14507772020724
                ], 
                [
                    351.5025906735751, 
                    240.41450777202073
                ]
            ], 
            "user": "daid", 
            "verified": 0
        }
    ]
}