{
    "imgHeight": 480, 
    "imgWidth": 854, 
    "objects": [
        {
            "date": "09-Apr-2018 23:22:31", 
            "deleted": 0, 
            "draw": true, 
            "id": 0, 
            "label": "traffic sign", 
            "polygon": [
                [
                    626.5523156089193, 
                    219.82847341337907
                ], 
                [
                    647.958833619211, 
                    220.65180102915951
                ], 
                [
                    648.7821612349915, 
                    190.18867924528303
                ], 
                [
                    626.5523156089193, 
                    188.5420240137221
                ]
            ], 
            "user": "daid", 
            "verified": 0
        }, 
        {
            "date": "09-Apr-2018 23:22:52", 
            "deleted": 0, 
            "draw": true, 
            "id": 1, 
            "label": "car", 
            "polygon": [
                [
                    450.36020583190395, 
                    266.75814751286447
                ], 
                [
                    455.3001715265866, 
                    262.64150943396226
                ], 
                [
                    475.06003430531734, 
                    263.4648370497427
                ], 
                [
                    475.8833619210978, 
                    266.75814751286447
                ], 
                [
                    484.1166380789022, 
                    266.75814751286447
                ], 
                [
                    484.1166380789022, 
                    246.9982847341338
                ], 
                [
                    479.17667238421956, 
                    239.58833619210978
                ], 
                [
                    461.06346483704976, 
                    238.76500857632934
                ], 
                [
                    456.12349914236705, 
                    238.76500857632934
                ], 
                [
                    446.2435677530017, 
                    249.46826758147512
                ], 
                [
                    445.42024013722124, 
                    252.76157804459692
                ]
            ], 
            "user": "daid", 
            "verified": 0
        }, 
        {
            "date": "09-Apr-2018 23:23:08", 
            "deleted": 0, 
            "draw": true, 
            "id": 2, 
            "label": "traffic sign", 
            "polygon": [
                [
                    530.2229845626072, 
                    210.77186963979418
                ], 
                [
                    536.8096054888508, 
                    211.59519725557462
                ], 
                [
                    540.1029159519726, 
                    208.30188679245282
                ], 
                [
                    540.1029159519726, 
                    200.06861063464837
                ], 
                [
                    532.6929674099486, 
                    197.59862778730704
                ], 
                [
                    528.5763293310463, 
                    200.8919382504288
                ], 
                [
                    527.7530017152659, 
                    206.65523156089193
                ]
            ], 
            "user": "daid", 
            "verified": 0
        }, 
        {
            "date": "09-Apr-2018 23:24:26", 
            "deleted": 0, 
            "draw": true, 
            "id": 3, 
            "label": "road", 
            "polygon": [
                [
                    119.38250428816467, 
                    478.3533447684391
                ], 
                [
                    320.27444253859346, 
                    317.80445969125213
                ], 
                [
                    330.15437392795883, 
                    290.6346483704974
                ], 
                [
                    339.21097770154375, 
                    275.8147512864494
                ], 
                [
                    414.95711835334475, 
                    253.58490566037736
                ], 
                [
                    438.01029159519726, 
                    246.9982847341338
                ], 
                [
                    448.71355060034307, 
                    244.52830188679246
                ], 
                [
                    443.77358490566036, 
                    253.58490566037736
                ], 
                [
                    442.1269296740995, 
                    265.1114922813036
                ], 
                [
                    448.71355060034307, 
                    266.75814751286447
                ], 
                [
                    456.12349914236705, 
                    265.1114922813036
                ], 
                [
                    456.9468267581475, 
                    261.8181818181818
                ], 
                [
                    473.4133790737564, 
                    263.4648370497427
                ], 
                [
                    475.06003430531734, 
                    266.75814751286447
                ], 
                [
                    484.93996569468266, 
                    266.75814751286447
                ], 
                [
                    576.3293310463122, 
                    345.7975986277873
                ], 
                [
                    760.7547169811321, 
                    479.0
                ], 
                [
                    750.0514579759863, 
                    479.0
                ], 
                [
                    723.704974271012, 
                    469.2967409948542
                ], 
                [
                    675.1286449399657, 
                    452.8301886792453
                ], 
                [
                    647.1355060034306, 
                    448.71355060034307
                ], 
                [
                    601.0291595197256, 
                    442.9502572898799
                ], 
                [
                    522.8130360205832, 
                    435.54030874785593
                ], 
                [
                    450.36020583190395, 
                    432.2469982847341
                ], 
                [
                    349.09090909090907, 
                    432.2469982847341
                ], 
                [
                    293.9279588336192, 
                    438.8336192109777
                ], 
                [
                    255.23156089193824, 
                    449.5368782161235
                ], 
                [
                    193.4819897084048, 
                    475.8833619210978
                ], 
                [
                    182.77873070325901, 
                    479.0
                ]
            ], 
            "user": "daid", 
            "verified": 0
        }, 
        {
            "date": "09-Apr-2018 23:25:19", 
            "deleted": 0, 
            "draw": true, 
            "id": 4, 
            "label": "sidewalk", 
            "polygon": [
                [
                    493.9965694682676, 
                    247.82161234991423
                ], 
                [
                    507.99313893653516, 
                    247.82161234991423
                ], 
                [
                    537.6329331046312, 
                    272.5214408233276
                ], 
                [
                    544.2195540308747, 
                    274.99142367066895
                ], 
                [
                    619.1423670668954, 
                    279.9313893653516
                ], 
                [
                    626.5523156089193, 
                    287.34133790737565
                ], 
                [
                    630.6689536878216, 
                    290.6346483704974
                ], 
                [
                    853.0, 
                    274.1680960548885
                ], 
                [
                    853.0, 
                    309.5711835334477
                ], 
                [
                    770.6346483704974, 
                    310.39451114922815
                ], 
                [
                    771.4579759862779, 
                    315.3344768439108
                ], 
                [
                    853.0, 
                    337.56432246998287
                ], 
                [
                    853.0, 
                    479.0
                ], 
                [
                    765.6946826758148, 
                    479.0
                ], 
                [
                    755.8147512864493, 
                    479.0
                ], 
                [
                    611.7324185248714, 
                    370.4974271012007
                ], 
                [
                    542.5728987993139, 
                    321.0977701543739
                ], 
                [
                    498.1132075471698, 
                    279.9313893653516
                ], 
                [
                    489.0566037735849, 
                    264.28816466552314
                ], 
                [
                    488.2332761578044, 
                    252.76157804459692
                ]
            ], 
            "user": "daid", 
            "verified": 0
        }, 
        {
            "date": "09-Apr-2018 23:25:45", 
            "deleted": 0, 
            "draw": true, 
            "id": 5, 
            "label": "pole", 
            "polygon": [
                [
                    539.2795883361921, 
                    209.94854202401373
                ], 
                [
                    536.8096054888508, 
                    271.6981132075472
                ], 
                [
                    541.7495711835335, 
                    271.6981132075472
                ], 
                [
                    545.0428816466552, 
                    200.8919382504288
                ]
            ], 
            "user": "daid", 
            "verified": 0
        }, 
        {
            "date": "09-Apr-2018 23:26:25", 
            "deleted": 0, 
            "draw": true, 
            "id": 6, 
            "label": "sidewalk", 
            "polygon": [
                [
                    115.26586620926244, 
                    478.3533447684391
                ], 
                [
                    315.3344768439108, 
                    310.39451114922815
                ], 
                [
                    300.5145797598628, 
                    303.80789022298455
                ], 
                [
                    278.2847341337907, 
                    298.8679245283019
                ], 
                [
                    257.7015437392796, 
                    298.04459691252146
                ], 
                [
                    229.7084048027444, 
                    298.8679245283019
                ], 
                [
                    195.95197255574612, 
                    305.45454545454544
                ], 
                [
                    151.49228130360206, 
                    316.9811320754717
                ], 
                [
                    103.73927958833619, 
                    329.3310463121784
                ], 
                [
                    32.93310463121784, 
                    349.9142367066895
                ], 
                [
                    0.0, 
                    364.7341337907376
                ], 
                [
                    0.0, 
                    479.0
                ]
            ], 
            "user": "daid", 
            "verified": 0
        }, 
        {
            "date": "09-Apr-2018 23:28:44", 
            "deleted": 0, 
            "draw": true, 
            "id": 7, 
            "label": "bus", 
            "polygon": [
                [
                    130.08576329331046, 
                    260.1715265866209
                ], 
                [
                    198.42195540308748, 
                    267.5814751286449
                ], 
                [
                    235.47169811320754, 
                    261.8181818181818
                ], 
                [
                    251.93825042881647, 
                    267.5814751286449
                ], 
                [
                    305.45454545454544, 
                    260.1715265866209
                ], 
                [
                    339.21097770154375, 
                    251.93825042881647
                ], 
                [
                    342.5042881646655, 
                    255.23156089193824
                ], 
                [
                    349.9142367066895, 
                    251.93825042881647
                ], 
                [
                    364.7341337907376, 
                    246.17495711835335
                ], 
                [
                    363.9108061749571, 
                    211.59519725557462
                ], 
                [
                    327.6843910806175, 
                    197.59862778730704
                ], 
                [
                    299.69125214408234, 
                    193.4819897084048
                ], 
                [
                    295.57461406518007, 
                    188.5420240137221
                ], 
                [
                    257.7015437392796, 
                    177.83876500857633
                ], 
                [
                    196.7753001715266, 
                    172.89879931389365
                ], 
                [
                    150.6689536878216, 
                    173.7221269296741
                ], 
                [
                    130.08576329331046, 
                    181.95540308747854
                ], 
                [
                    125.14579759862778, 
                    256.87821612349916
                ]
            ], 
            "user": "daid", 
            "verified": 0
        }, 
        {
            "date": "09-Apr-2018 23:29:09", 
            "deleted": 0, 
            "draw": true, 
            "id": 8, 
            "label": "road", 
            "polygon": [
                [
                    0.823327615780446, 
                    260.99485420240137
                ], 
                [
                    127.61578044596912, 
                    255.23156089193824
                ], 
                [
                    127.61578044596912, 
                    263.4648370497427
                ], 
                [
                    176.19210977701545, 
                    266.75814751286447
                ], 
                [
                    181.95540308747854, 
                    270.0514579759863
                ], 
                [
                    163.84219554030875, 
                    279.10806174957116
                ], 
                [
                    0.0, 
                    309.5711835334477
                ]
            ], 
            "user": "daid", 
            "verified": 0
        }, 
        {
            "date": "09-Apr-2018 23:29:31", 
            "deleted": 0, 
            "draw": true, 
            "id": 9, 
            "label": "building", 
            "polygon": [
                [
                    166.31217838765008, 
                    119.38250428816467
                ], 
                [
                    221.47512864493996, 
                    116.91252144082333
                ], 
                [
                    288.98799313893653, 
                    158.07890222984562
                ], 
                [
                    280.75471698113205, 
                    164.6655231560892
                ], 
                [
                    280.75471698113205, 
                    180.30874785591766
                ], 
                [
                    241.23499142367066, 
                    174.54545454545453
                ], 
                [
                    162.19554030874787, 
                    170.42881646655232
                ]
            ], 
            "user": "daid", 
            "verified": 0
        }, 
        {
            "date": "09-Apr-2018 23:29:47", 
            "deleted": 0, 
            "draw": true, 
            "id": 10, 
            "label": "wall", 
            "polygon": [
                [
                    513.7564322469983, 
                    240.41166380789022
                ], 
                [
                    537.6329331046312, 
                    238.76500857632934
                ], 
                [
                    536.8096054888508, 
                    266.75814751286447
                ], 
                [
                    507.1698113207547, 
                    247.82161234991423
                ]
            ], 
            "user": "daid", 
            "verified": 0
        }, 
        {
            "date": "09-Apr-2018 23:30:00", 
            "deleted": 0, 
            "draw": true, 
            "id": 11, 
            "label": "wall", 
            "polygon": [
                [
                    549.1595197255574, 
                    240.41166380789022
                ], 
                [
                    544.2195540308747, 
                    270.87478559176674
                ], 
                [
                    606.7924528301887, 
                    276.63807890222984
                ], 
                [
                    611.7324185248714, 
                    254.4082332761578
                ], 
                [
                    629.0222984562607, 
                    249.46826758147512
                ], 
                [
                    629.0222984562607, 
                    227.23842195540308
                ]
            ], 
            "user": "daid", 
            "verified": 0
        }, 
        {
            "date": "09-Apr-2018 23:30:19", 
            "deleted": 0, 
            "draw": true, 
            "id": 12, 
            "label": "wall", 
            "polygon": [
                [
                    640.5488850771869, 
                    225.5917667238422
                ], 
                [
                    685.008576329331, 
                    216.53516295025727
                ], 
                [
                    706.4150943396227, 
                    210.77186963979418
                ], 
                [
                    790.3945111492282, 
                    213.2418524871355
                ], 
                [
                    847.2041166380789, 
                    238.76500857632934
                ], 
                [
                    853.0, 
                    254.4082332761578
                ], 
                [
                    853.0, 
                    276.63807890222984
                ], 
                [
                    701.4751286449399, 
                    282.401372212693
                ], 
                [
                    629.0222984562607, 
                    293.10463121783874
                ], 
                [
                    636.4322469982848, 
                    287.34133790737565
                ]
            ], 
            "user": "daid", 
            "verified": 0
        }, 
        {
            "date": "09-Apr-2018 23:30:32", 
            "deleted": 0, 
            "draw": true, 
            "id": 13, 
            "label": "pole", 
            "polygon": [
                [
                    630.6689536878216, 
                    221.47512864493996
                ], 
                [
                    626.5523156089193, 
                    289.811320754717
                ], 
                [
                    636.4322469982848, 
                    288.1646655231561
                ], 
                [
                    638.0789022298457, 
                    222.2984562607204
                ]
            ], 
            "user": "daid", 
            "verified": 0
        }, 
        {
            "date": "09-Apr-2018 23:30:54", 
            "deleted": 0, 
            "draw": true, 
            "id": 14, 
            "label": "person", 
            "polygon": [
                [
                    689.9485420240137, 
                    183.60205831903946
                ], 
                [
                    685.008576329331, 
                    189.36535162950258
                ], 
                [
                    677.598627787307, 
                    191.8353344768439
                ], 
                [
                    675.9519725557461, 
                    193.4819897084048
                ], 
                [
                    679.2452830188679, 
                    197.59862778730704
                ], 
                [
                    681.7152658662093, 
                    200.06861063464837
                ], 
                [
                    687.4785591766723, 
                    200.8919382504288
                ], 
                [
                    689.1252144082333, 
                    198.42195540308748
                ], 
                [
                    694.065180102916, 
                    198.42195540308748
                ], 
                [
                    695.7118353344769, 
                    192.65866209262435
                ], 
                [
                    690.7718696397942, 
                    191.8353344768439
                ]
            ], 
            "user": "daid", 
            "verified": 0
        }, 
        {
            "date": "09-Apr-2018 23:31:16", 
            "deleted": 0, 
            "draw": true, 
            "id": 15, 
            "label": "car", 
            "polygon": [
                [
                    378.73070325900517, 
                    231.35506003430532
                ], 
                [
                    374.6140651801029, 
                    236.29502572898798
                ], 
                [
                    377.0840480274442, 
                    242.88164665523155
                ], 
                [
                    391.90394511149225, 
                    243.704974271012
                ], 
                [
                    396.84391080617496, 
                    238.76500857632934
                ], 
                [
                    395.1972555746141, 
                    228.88507718696397
                ]
            ], 
            "user": "daid", 
            "verified": 0
        }, 
        {
            "date": "09-Apr-2018 23:31:32", 
            "deleted": 0, 
            "draw": true, 
            "id": 16, 
            "label": "car", 
            "polygon": [
                [
                    407.54716981132077, 
                    233.82504288164665
                ], 
                [
                    422.3670668953688, 
                    227.23842195540308
                ], 
                [
                    433.07032590051455, 
                    227.23842195540308
                ], 
                [
                    445.42024013722124, 
                    231.35506003430532
                ], 
                [
                    447.0668953687822, 
                    239.58833619210978
                ], 
                [
                    442.1269296740995, 
                    242.0583190394511
                ], 
                [
                    434.7169811320755, 
                    247.82161234991423
                ], 
                [
                    419.89708404802747, 
                    250.29159519725556
                ], 
                [
                    418.2504288164665, 
                    242.88164665523155
                ], 
                [
                    405.9005145797599, 
                    242.88164665523155
                ]
            ], 
            "user": "daid", 
            "verified": 0
        }, 
        {
            "date": "09-Apr-2018 23:31:45", 
            "deleted": 0, 
            "draw": true, 
            "id": 17, 
            "label": "car", 
            "polygon": [
                [
                    484.93996569468266, 
                    237.11835334476842
                ], 
                [
                    483.29331046312177, 
                    244.52830188679246
                ], 
                [
                    484.93996569468266, 
                    246.9982847341338
                ], 
                [
                    493.9965694682676, 
                    246.9982847341338
                ], 
                [
                    503.0531732418525, 
                    246.17495711835335
                ], 
                [
                    502.22984562607206, 
                    237.9416809605489
                ], 
                [
                    490.7032590051458, 
                    236.29502572898798
                ]
            ], 
            "user": "daid", 
            "verified": 0
        }
    ]
}