{
    "imgHeight": 1080, 
    "imgWidth": 1920, 
    "objects": [
        {
            "date": "15-Nov-2018 17:04:47", 
            "deleted": 0, 
            "draw": true, 
            "id": 0, 
            "label": "car", 
            "polygon": [
                [
                    858.0310880829015, 
                    712.5388601036269
                ], 
                [
                    876.6839378238342, 
                    714.4041450777203
                ], 
                [
                    886.0103626943005, 
                    720.0
                ], 
                [
                    895.3367875647668, 
                    714.4041450777203
                ], 
                [
                    900.9326424870467, 
                    697.6165803108809
                ], 
                [
                    897.2020725388601, 
                    682.6943005181347
                ], 
                [
                    876.6839378238342, 
                    677.098445595855
                ], 
                [
                    852.4352331606218, 
                    673.3678756476684
                ], 
                [
                    846.839378238342, 
                    684.559585492228
                ], 
                [
                    835.6476683937824, 
                    693.8860103626944
                ], 
                [
                    841.2435233160622, 
                    710.6735751295337
                ], 
                [
                    859.8963730569949, 
                    716.2694300518135
                ]
            ], 
            "user": "daid", 
            "verified": 0
        }, 
        {
            "date": "15-Nov-2018 17:05:11", 
            "deleted": 0, 
            "draw": true, 
            "id": 1, 
            "label": "rider", 
            "polygon": [
                [
                    912.1243523316062, 
                    718.1347150259068
                ], 
                [
                    921.4507772020726, 
                    720.0
                ], 
                [
                    923.3160621761658, 
                    705.077720207254
                ], 
                [
                    932.6424870466321, 
                    686.4248704663213
                ], 
                [
                    923.3160621761658, 
                    669.6373056994819
                ], 
                [
                    917.7202072538861, 
                    671.5025906735751
                ], 
                [
                    913.9896373056995, 
                    684.559585492228
                ], 
                [
                    912.1243523316062, 
                    693.8860103626944
                ]
            ], 
            "user": "daid", 
            "verified": 0
        }, 
        {
            "date": "15-Nov-2018 17:06:05", 
            "deleted": 0, 
            "draw": true, 
            "id": 2, 
            "label": "road", 
            "polygon": [
                [
                    3.7305699481865284, 
                    846.839378238342
                ], 
                [
                    263.00518134715026, 
                    800.2072538860103
                ], 
                [
                    455.1295336787565, 
                    762.9015544041451
                ], 
                [
                    596.8911917098446, 
                    736.7875647668394
                ], 
                [
                    699.4818652849741, 
                    716.2694300518135
                ], 
                [
                    798.3419689119171, 
                    695.7512953367876
                ], 
                [
                    835.6476683937824, 
                    695.7512953367876
                ], 
                [
                    843.1088082901555, 
                    712.5388601036269
                ], 
                [
                    880.4145077720208, 
                    718.1347150259068
                ], 
                [
                    902.7979274611399, 
                    720.0
                ], 
                [
                    936.3730569948187, 
                    714.4041450777203
                ], 
                [
                    981.139896373057, 
                    716.2694300518135
                ], 
                [
                    1046.4248704663212, 
                    729.3264248704663
                ], 
                [
                    1072.538860103627, 
                    738.6528497409327
                ], 
                [
                    1115.440414507772, 
                    747.979274611399
                ], 
                [
                    1221.761658031088, 
                    792.7461139896374
                ], 
                [
                    1393.3678756476684, 
                    854.300518134715
                ], 
                [
                    1581.7616580310882, 
                    919.5854922279793
                ], 
                [
                    1919.0, 
                    1052.020725388601
                ], 
                [
                    1919.0, 
                    1079.0
                ], 
                [
                    0.0, 
                    1079.0
                ]
            ], 
            "user": "daid", 
            "verified": 0
        }, 
        {
            "date": "15-Nov-2018 17:06:29", 
            "deleted": 0, 
            "draw": true, 
            "id": 3, 
            "label": "pole", 
            "polygon": [
                [
                    697.6165803108809, 
                    703.2124352331606
                ], 
                [
                    720.0, 
                    524.1450777202073
                ], 
                [
                    703.2124352331606, 
                    705.077720207254
                ]
            ], 
            "user": "daid", 
            "verified": 0
        }, 
        {
            "date": "15-Nov-2018 17:07:03", 
            "deleted": 0, 
            "draw": true, 
            "id": 4, 
            "label": "sidewalk", 
            "polygon": [
                [
                    1.8652849740932642, 
                    848.7046632124352
                ], 
                [
                    0.0, 
                    764.7668393782384
                ], 
                [
                    207.04663212435233, 
                    740.5181347150259
                ], 
                [
                    216.37305699481865, 
                    753.5751295336788
                ], 
                [
                    236.89119170984458, 
                    751.7098445595855
                ], 
                [
                    235.0259067357513, 
                    736.7875647668394
                ], 
                [
                    475.6476683937824, 
                    718.1347150259068
                ], 
                [
                    552.1243523316062, 
                    712.5388601036269
                ], 
                [
                    598.7564766839379, 
                    703.2124352331606
                ], 
                [
                    628.6010362694301, 
                    705.077720207254
                ], 
                [
                    673.3678756476684, 
                    703.2124352331606
                ], 
                [
                    697.6165803108809, 
                    708.8082901554404
                ], 
                [
                    710.6735751295337, 
                    708.8082901554404
                ]
            ], 
            "user": "daid", 
            "verified": 0
        }, 
        {
            "date": "15-Nov-2018 18:58:31", 
            "deleted": 0, 
            "draw": true, 
            "id": 5, 
            "label": "vegetation", 
            "polygon": [
                [
                    0.0, 
                    276.0621761658031
                ], 
                [
                    22.383419689119172, 
                    279.79274611398966
                ], 
                [
                    39.17098445595855, 
                    300.31088082901556
                ], 
                [
                    61.554404145077726, 
                    332.020725388601
                ], 
                [
                    106.32124352331607, 
                    339.4818652849741
                ], 
                [
                    136.1658031088083, 
                    352.538860103627
                ], 
                [
                    141.76165803108807, 
                    294.7150259067358
                ], 
                [
                    145.49222797927462, 
                    242.48704663212436
                ], 
                [
                    151.0880829015544, 
                    218.23834196891193
                ], 
                [
                    160.41450777202073, 
                    186.52849740932643
                ], 
                [
                    179.06735751295338, 
                    214.50777202072538
                ], 
                [
                    184.66321243523316, 
                    242.48704663212436
                ], 
                [
                    201.45077720207254, 
                    249.94818652849742
                ], 
                [
                    229.43005181347152, 
                    236.89119170984458
                ], 
                [
                    221.96891191709847, 
                    208.9119170984456
                ], 
                [
                    231.29533678756476, 
                    154.81865284974094
                ], 
                [
                    251.8134715025907, 
                    145.49222797927462
                ], 
                [
                    251.8134715025907, 
                    145.49222797927462
                ], 
                [
                    287.2538860103627, 
                    167.87564766839378
                ], 
                [
                    287.2538860103627, 
                    210.77720207253887
                ], 
                [
                    326.42487046632124, 
                    235.0259067357513
                ], 
                [
                    356.26943005181346, 
                    263.00518134715026
                ], 
                [
                    376.7875647668394, 
                    231.29533678756476
                ], 
                [
                    429.01554404145077, 
                    253.67875647668396
                ], 
                [
                    492.4352331606218, 
                    264.87046632124355
                ], 
                [
                    503.6269430051814, 
                    242.48704663212436
                ], 
                [
                    484.9740932642487, 
                    216.37305699481865
                ], 
                [
                    484.9740932642487, 
                    216.37305699481865
                ], 
                [
                    501.7616580310881, 
                    193.9896373056995
                ], 
                [
                    526.0103626943005, 
                    197.72020725388603
                ], 
                [
                    498.0310880829016, 
                    169.74093264248705
                ], 
                [
                    488.70466321243526, 
                    147.3575129533679
                ], 
                [
                    522.279792746114, 
                    139.89637305699483
                ], 
                [
                    565.1813471502591, 
                    188.3937823834197
                ], 
                [
                    563.3160621761658, 
                    141.76165803108807
                ], 
                [
                    552.1243523316062, 
                    98.86010362694302
                ], 
                [
                    555.8549222797927, 
                    57.82383419689119
                ], 
                [
                    604.3523316062176, 
                    48.49740932642487
                ], 
                [
                    596.8911917098446, 
                    0.0
                ], 
                [
                    0.0, 
                    0.0
                ]
            ], 
            "user": "daid", 
            "verified": 0
        }, 
        {
            "date": "15-Nov-2018 18:59:01", 
            "deleted": 0, 
            "draw": true, 
            "id": 6, 
            "label": "vegetation", 
            "polygon": [
                [
                    1055.7512953367875, 
                    419.6891191709845
                ], 
                [
                    1078.1347150259069, 
                    434.6113989637306
                ], 
                [
                    1115.440414507772, 
                    430.88082901554407
                ], 
                [
                    1115.440414507772, 
                    430.88082901554407
                ], 
                [
                    1130.3626943005181, 
                    447.6683937823834
                ], 
                [
                    1152.7461139896373, 
                    479.37823834196894
                ], 
                [
                    1163.937823834197, 
                    512.9533678756477
                ], 
                [
                    1135.958549222798, 
                    537.2020725388601
                ], 
                [
                    1135.958549222798, 
                    578.238341968912
                ], 
                [
                    1135.958549222798, 
                    628.6010362694301
                ], 
                [
                    1130.3626943005181, 
                    652.8497409326425
                ], 
                [
                    1106.1139896373056, 
                    654.7150259067357
                ], 
                [
                    1081.8652849740934, 
                    654.7150259067357
                ], 
                [
                    1083.7305699481865, 
                    621.139896373057
                ], 
                [
                    1096.7875647668395, 
                    602.4870466321244
                ], 
                [
                    1096.7875647668395, 
                    574.5077720207254
                ], 
                [
                    1078.1347150259069, 
                    544.6632124352332
                ], 
                [
                    1066.9430051813472, 
                    524.1450777202073
                ], 
                [
                    1037.0984455958549, 
                    512.9533678756477
                ], 
                [
                    1020.3108808290156, 
                    503.6269430051814
                ], 
                [
                    1022.1761658031088, 
                    473.78238341968915
                ], 
                [
                    1031.5025906735752, 
                    464.4559585492228
                ], 
                [
                    1020.3108808290156, 
                    445.8031088082902
                ], 
                [
                    1014.7150259067358, 
                    429.01554404145077
                ], 
                [
                    1027.7720207253885, 
                    427.1502590673575
                ]
            ], 
            "user": "daid", 
            "verified": 0
        }, 
        {
            "date": "15-Nov-2018 19:00:27", 
            "deleted": 0, 
            "draw": true, 
            "id": 7, 
            "label": "building", 
            "polygon": [
                [
                    1.8652849740932642, 
                    751.7098445595855
                ], 
                [
                    218.23834196891193, 
                    712.5388601036269
                ], 
                [
                    277.92746113989637, 
                    706.9430051813472
                ], 
                [
                    356.26943005181346, 
                    708.8082901554404
                ], 
                [
                    419.6891191709845, 
                    705.077720207254
                ], 
                [
                    512.9533678756477, 
                    703.2124352331606
                ], 
                [
                    574.5077720207254, 
                    705.077720207254
                ], 
                [
                    660.3108808290156, 
                    697.6165803108809
                ], 
                [
                    656.5803108808291, 
                    548.3937823834198
                ], 
                [
                    686.4248704663213, 
                    546.5284974093264
                ], 
                [
                    720.0, 
                    529.7409326424871
                ], 
                [
                    736.7875647668394, 
                    466.32124352331607
                ], 
                [
                    729.3264248704663, 
                    404.76683937823833
                ], 
                [
                    712.5388601036269, 
                    320.82901554404145
                ], 
                [
                    703.2124352331606, 
                    249.94818652849742
                ], 
                [
                    682.6943005181347, 
                    151.0880829015544
                ], 
                [
                    654.7150259067357, 
                    130.5699481865285
                ], 
                [
                    593.160621761658, 
                    96.99481865284974
                ], 
                [
                    557.720207253886, 
                    65.28497409326425
                ], 
                [
                    553.9896373056995, 
                    83.93782383419689
                ], 
                [
                    557.720207253886, 
                    104.4559585492228
                ], 
                [
                    563.3160621761658, 
                    128.70466321243524
                ], 
                [
                    567.0466321243523, 
                    167.87564766839378
                ], 
                [
                    572.6424870466321, 
                    186.52849740932643
                ], 
                [
                    527.8756476683938, 
                    151.0880829015544
                ], 
                [
                    503.6269430051814, 
                    147.3575129533679
                ], 
                [
                    496.1658031088083, 
                    152.95336787564767
                ], 
                [
                    511.0880829015544, 
                    175.33678756476684
                ], 
                [
                    533.4715025906736, 
                    192.12435233160622
                ], 
                [
                    511.0880829015544, 
                    205.18134715025909
                ], 
                [
                    492.4352331606218, 
                    205.18134715025909
                ], 
                [
                    496.1658031088083, 
                    220.1036269430052
                ], 
                [
                    509.22279792746116, 
                    244.35233160621763
                ], 
                [
                    509.22279792746116, 
                    244.35233160621763
                ], 
                [
                    492.4352331606218, 
                    266.7357512953368
                ], 
                [
                    425.2849740932643, 
                    257.40932642487047
                ], 
                [
                    376.7875647668394, 
                    238.75647668393782
                ], 
                [
                    358.13471502590676, 
                    261.139896373057
                ], 
                [
                    290.98445595854923, 
                    220.1036269430052
                ], 
                [
                    281.6580310880829, 
                    171.60621761658032
                ], 
                [
                    251.8134715025907, 
                    149.22279792746116
                ], 
                [
                    240.6217616580311, 
                    156.6839378238342
                ], 
                [
                    233.16062176165804, 
                    184.66321243523316
                ], 
                [
                    223.8341968911917, 
                    216.37305699481865
                ], 
                [
                    236.89119170984458, 
                    235.0259067357513
                ], 
                [
                    207.04663212435233, 
                    246.2176165803109
                ], 
                [
                    179.06735751295338, 
                    242.48704663212436
                ], 
                [
                    166.0103626943005, 
                    193.9896373056995
                ], 
                [
                    154.81865284974094, 
                    210.77720207253887
                ], 
                [
                    147.3575129533679, 
                    264.87046632124355
                ], 
                [
                    141.76165803108807, 
                    354.4041450777202
                ], 
                [
                    93.26424870466322, 
                    339.4818652849741
                ], 
                [
                    61.554404145077726, 
                    333.8860103626943
                ], 
                [
                    37.30569948186529, 
                    302.1761658031088
                ], 
                [
                    20.51813471502591, 
                    285.38860103626945
                ], 
                [
                    0.0, 
                    283.52331606217615
                ]
            ], 
            "user": "daid", 
            "verified": 0
        }
    ]
}