{
    "imgHeight": 1080, 
    "imgWidth": 1920, 
    "objects": [
        {
            "date": "15-Nov-2018 16:12:00", 
            "deleted": 0, 
            "draw": true, 
            "id": 0, 
            "label": "car", 
            "polygon": [
                [
                    1109.8445595854923, 
                    809.5336787564767
                ], 
                [
                    1102.3834196891191, 
                    822.5906735751296
                ], 
                [
                    1091.1917098445597, 
                    816.9948186528497
                ], 
                [
                    1085.5958549222798, 
                    798.3419689119171
                ], 
                [
                    1072.538860103627, 
                    794.6113989637306
                ], 
                [
                    1057.6165803108809, 
                    790.8808290155441
                ], 
                [
                    1057.6165803108809, 
                    770.3626943005181
                ], 
                [
                    1055.7512953367875, 
                    751.7098445595855
                ], 
                [
                    1059.4818652849742, 
                    738.6528497409327
                ], 
                [
                    1070.6735751295337, 
                    738.6528497409327
                ], 
                [
                    1068.8082901554405, 
                    736.7875647668394
                ], 
                [
                    1057.6165803108809, 
                    727.4611398963731
                ], 
                [
                    1072.538860103627, 
                    725.5958549222798
                ], 
                [
                    1091.1917098445597, 
                    725.5958549222798
                ], 
                [
                    1098.6528497409327, 
                    708.8082901554404
                ], 
                [
                    1117.3056994818653, 
                    699.4818652849741
                ], 
                [
                    1141.5544041450778, 
                    699.4818652849741
                ], 
                [
                    1173.2642487046633, 
                    699.4818652849741
                ], 
                [
                    1195.6476683937824, 
                    703.2124352331606
                ], 
                [
                    1214.300518134715, 
                    720.0
                ], 
                [
                    1231.0880829015543, 
                    738.6528497409327
                ], 
                [
                    1240.4145077720207, 
                    762.9015544041451
                ], 
                [
                    1240.4145077720207, 
                    792.7461139896374
                ], 
                [
                    1232.9533678756477, 
                    802.0725388601037
                ], 
                [
                    1232.9533678756477, 
                    811.39896373057
                ], 
                [
                    1232.9533678756477, 
                    824.4559585492228
                ], 
                [
                    1218.0310880829015, 
                    824.4559585492228
                ], 
                [
                    1214.300518134715, 
                    805.8031088082902
                ], 
                [
                    1122.9015544041451, 
                    802.0725388601037
                ]
            ], 
            "user": "daid", 
            "verified": 0
        }, 
        {
            "date": "15-Nov-2018 16:12:52", 
            "deleted": 0, 
            "draw": true, 
            "id": 1, 
            "label": "car", 
            "polygon": [
                [
                    35.44041450777202, 
                    736.7875647668394
                ], 
                [
                    69.01554404145078, 
                    736.7875647668394
                ], 
                [
                    145.49222797927462, 
                    733.0569948186529
                ], 
                [
                    193.9896373056995, 
                    731.1917098445596
                ], 
                [
                    203.31606217616581, 
                    740.5181347150259
                ], 
                [
                    214.50777202072538, 
                    738.6528497409327
                ], 
                [
                    233.16062176165804, 
                    733.0569948186529
                ], 
                [
                    242.48704663212436, 
                    733.0569948186529
                ], 
                [
                    253.67875647668396, 
                    720.0
                ], 
                [
                    253.67875647668396, 
                    714.4041450777203
                ], 
                [
                    253.67875647668396, 
                    705.077720207254
                ], 
                [
                    236.89119170984458, 
                    703.2124352331606
                ], 
                [
                    216.37305699481865, 
                    699.4818652849741
                ], 
                [
                    210.77720207253887, 
                    692.020725388601
                ], 
                [
                    167.87564766839378, 
                    690.1554404145078
                ], 
                [
                    136.1658031088083, 
                    690.1554404145078
                ], 
                [
                    124.97409326424871, 
                    697.6165803108809
                ], 
                [
                    96.99481865284974, 
                    701.3471502590673
                ], 
                [
                    63.41968911917099, 
                    703.2124352331606
                ], 
                [
                    39.17098445595855, 
                    703.2124352331606
                ], 
                [
                    35.44041450777202, 
                    708.8082901554404
                ], 
                [
                    27.979274611398964, 
                    714.4041450777203
                ], 
                [
                    20.51813471502591, 
                    718.1347150259068
                ], 
                [
                    33.575129533678755, 
                    731.1917098445596
                ], 
                [
                    37.30569948186529, 
                    740.5181347150259
                ], 
                [
                    31.709844559585495, 
                    738.6528497409327
                ]
            ], 
            "user": "daid", 
            "verified": 0
        }, 
        {
            "date": "15-Nov-2018 16:13:06", 
            "deleted": 0, 
            "draw": true, 
            "id": 2, 
            "label": "traffic light", 
            "polygon": [
                [
                    259.2746113989637, 
                    611.8134715025907
                ], 
                [
                    272.3316062176166, 
                    611.8134715025907
                ], 
                [
                    270.46632124352334, 
                    649.119170984456
                ], 
                [
                    255.5440414507772, 
                    649.119170984456
                ]
            ], 
            "user": "daid", 
            "verified": 0
        }, 
        {
            "date": "15-Nov-2018 16:14:20", 
            "deleted": 0, 
            "draw": true, 
            "id": 3, 
            "label": "train", 
            "polygon": [
                [
                    649.119170984456, 
                    736.7875647668394
                ], 
                [
                    649.119170984456, 
                    705.077720207254
                ], 
                [
                    654.7150259067357, 
                    695.7512953367876
                ], 
                [
                    665.9067357512954, 
                    703.2124352331606
                ], 
                [
                    667.7720207253886, 
                    734.9222797927462
                ], 
                [
                    746.1139896373057, 
                    731.1917098445596
                ], 
                [
                    747.979274611399, 
                    699.4818652849741
                ], 
                [
                    749.8445595854922, 
                    684.559585492228
                ], 
                [
                    755.4404145077721, 
                    656.5803108808291
                ], 
                [
                    755.4404145077721, 
                    645.3886010362695
                ], 
                [
                    740.5181347150259, 
                    639.7927461139897
                ], 
                [
                    740.5181347150259, 
                    615.5440414507772
                ], 
                [
                    736.7875647668394, 
                    611.8134715025907
                ], 
                [
                    494.30051813471505, 
                    587.5647668393783
                ], 
                [
                    471.91709844559585, 
                    585.699481865285
                ], 
                [
                    425.2849740932643, 
                    585.699481865285
                ], 
                [
                    391.7098445595855, 
                    583.8341968911917
                ], 
                [
                    382.3834196891192, 
                    600.6217616580311
                ], 
                [
                    376.7875647668394, 
                    613.6787564766839
                ], 
                [
                    361.8652849740933, 
                    626.7357512953369
                ], 
                [
                    356.26943005181346, 
                    725.5958549222798
                ], 
                [
                    373.05699481865287, 
                    725.5958549222798
                ], 
                [
                    404.76683937823833, 
                    725.5958549222798
                ], 
                [
                    430.88082901554407, 
                    727.4611398963731
                ], 
                [
                    451.39896373056996, 
                    733.0569948186529
                ], 
                [
                    471.91709844559585, 
                    736.7875647668394
                ], 
                [
                    499.89637305699483, 
                    736.7875647668394
                ], 
                [
                    533.4715025906736, 
                    736.7875647668394
                ], 
                [
                    557.720207253886, 
                    734.9222797927462
                ], 
                [
                    595.0259067357513, 
                    734.9222797927462
                ], 
                [
                    621.139896373057, 
                    736.7875647668394
                ]
            ], 
            "user": "daid", 
            "verified": 0
        }, 
        {
            "date": "15-Nov-2018 16:14:58", 
            "deleted": 0, 
            "draw": true, 
            "id": 4, 
            "label": "train", 
            "polygon": [
                [
                    796.4766839378239, 
                    623.0051813471503
                ], 
                [
                    876.6839378238342, 
                    632.3316062176166
                ], 
                [
                    900.9326424870467, 
                    637.9274611398964
                ], 
                [
                    983.0051813471503, 
                    647.2538860103627
                ], 
                [
                    984.8704663212436, 
                    697.6165803108809
                ], 
                [
                    983.0051813471503, 
                    706.9430051813472
                ], 
                [
                    936.3730569948187, 
                    714.4041450777203
                ], 
                [
                    906.5284974093264, 
                    723.7305699481866
                ], 
                [
                    886.0103626943005, 
                    718.1347150259068
                ], 
                [
                    852.4352331606218, 
                    720.0
                ], 
                [
                    813.2642487046633, 
                    727.4611398963731
                ], 
                [
                    787.1502590673575, 
                    727.4611398963731
                ], 
                [
                    770.3626943005181, 
                    727.4611398963731
                ], 
                [
                    762.9015544041451, 
                    727.4611398963731
                ], 
                [
                    766.6321243523316, 
                    677.098445595855
                ], 
                [
                    766.6321243523316, 
                    649.119170984456
                ], 
                [
                    787.1502590673575, 
                    634.1968911917098
                ]
            ], 
            "user": "daid", 
            "verified": 0
        }, 
        {
            "date": "15-Nov-2018 16:16:31", 
            "deleted": 0, 
            "draw": true, 
            "id": 5, 
            "label": "road", 
            "polygon": [
                [
                    0.0, 
                    746.1139896373057
                ], 
                [
                    85.80310880829016, 
                    740.5181347150259
                ], 
                [
                    143.62694300518135, 
                    736.7875647668394
                ], 
                [
                    212.64248704663214, 
                    740.5181347150259
                ], 
                [
                    276.0621761658031, 
                    742.3834196891193
                ], 
                [
                    326.42487046632124, 
                    740.5181347150259
                ], 
                [
                    365.5958549222798, 
                    747.979274611399
                ], 
                [
                    451.39896373056996, 
                    753.5751295336788
                ], 
                [
                    494.30051813471505, 
                    753.5751295336788
                ], 
                [
                    539.0673575129534, 
                    751.7098445595855
                ], 
                [
                    593.160621761658, 
                    751.7098445595855
                ], 
                [
                    615.5440414507772, 
                    762.9015544041451
                ], 
                [
                    641.6580310880829, 
                    762.9015544041451
                ], 
                [
                    682.6943005181347, 
                    762.9015544041451
                ], 
                [
                    725.5958549222798, 
                    761.0362694300518
                ], 
                [
                    775.958549222798, 
                    755.4404145077721
                ], 
                [
                    798.3419689119171, 
                    747.979274611399
                ], 
                [
                    818.860103626943, 
                    740.5181347150259
                ], 
                [
                    858.0310880829015, 
                    738.6528497409327
                ], 
                [
                    899.0673575129534, 
                    734.9222797927462
                ], 
                [
                    941.9689119170985, 
                    731.1917098445596
                ], 
                [
                    981.139896373057, 
                    721.8652849740932
                ], 
                [
                    1044.559585492228, 
                    720.0
                ], 
                [
                    1070.6735751295337, 
                    714.4041450777203
                ], 
                [
                    1081.8652849740934, 
                    714.4041450777203
                ], 
                [
                    1080.0, 
                    725.5958549222798
                ], 
                [
                    1055.7512953367875, 
                    733.0569948186529
                ], 
                [
                    1055.7512953367875, 
                    796.4766839378239
                ], 
                [
                    1081.8652849740934, 
                    798.3419689119171
                ], 
                [
                    1083.7305699481865, 
                    820.7253886010363
                ], 
                [
                    1109.8445595854923, 
                    828.1865284974093
                ], 
                [
                    1135.958549222798, 
                    809.5336787564767
                ], 
                [
                    1206.839378238342, 
                    811.39896373057
                ], 
                [
                    1208.7046632124352, 
                    841.2435233160622
                ], 
                [
                    1244.1450777202074, 
                    837.5129533678756
                ], 
                [
                    1249.740932642487, 
                    807.6683937823834
                ], 
                [
                    1249.740932642487, 
                    790.8808290155441
                ], 
                [
                    1279.5854922279793, 
                    787.1502590673575
                ], 
                [
                    1296.3730569948186, 
                    779.6891191709844
                ], 
                [
                    1426.9430051813472, 
                    807.6683937823834
                ], 
                [
                    1563.1088082901556, 
                    830.0518134715027
                ], 
                [
                    1688.082901554404, 
                    850.5699481865286
                ], 
                [
                    1824.2487046632125, 
                    867.3575129533679
                ], 
                [
                    1919.0, 
                    876.6839378238342
                ], 
                [
                    1919.0, 
                    1079.0
                ], 
                [
                    0.0, 
                    1079.0
                ]
            ], 
            "user": "daid", 
            "verified": 0
        }, 
        {
            "date": "15-Nov-2018 16:17:40", 
            "deleted": 0, 
            "draw": true, 
            "id": 6, 
            "label": "sidewalk", 
            "polygon": [
                [
                    1309.4300518134714, 
                    766.6321243523316
                ], 
                [
                    1309.4300518134714, 
                    749.8445595854922
                ], 
                [
                    1316.8911917098446, 
                    738.6528497409327
                ], 
                [
                    1316.8911917098446, 
                    731.1917098445596
                ], 
                [
                    1339.2746113989638, 
                    736.7875647668394
                ], 
                [
                    1361.658031088083, 
                    736.7875647668394
                ], 
                [
                    1376.580310880829, 
                    749.8445595854922
                ], 
                [
                    1397.0984455958549, 
                    746.1139896373057
                ], 
                [
                    1421.3471502590673, 
                    749.8445595854922
                ], 
                [
                    1447.4611398963732, 
                    751.7098445595855
                ], 
                [
                    1479.1709844559587, 
                    759.1709844559585
                ], 
                [
                    1492.2279792746115, 
                    759.1709844559585
                ], 
                [
                    1499.6891191709844, 
                    770.3626943005181
                ], 
                [
                    1499.6891191709844, 
                    783.419689119171
                ], 
                [
                    1488.497409326425, 
                    794.6113989637306
                ], 
                [
                    1497.8238341968913, 
                    807.6683937823834
                ], 
                [
                    1550.0518134715026, 
                    813.2642487046633
                ], 
                [
                    1561.2435233160622, 
                    803.9378238341969
                ], 
                [
                    1581.7616580310882, 
                    798.3419689119171
                ], 
                [
                    1578.0310880829015, 
                    774.0932642487047
                ], 
                [
                    1596.6839378238342, 
                    774.0932642487047
                ], 
                [
                    1632.1243523316064, 
                    774.0932642487047
                ], 
                [
                    1675.0259067357513, 
                    775.958549222798
                ], 
                [
                    1742.176165803109, 
                    779.6891191709844
                ], 
                [
                    1835.4404145077722, 
                    785.2849740932643
                ], 
                [
                    1908.1865284974094, 
                    789.0155440414508
                ], 
                [
                    1917.5129533678758, 
                    789.0155440414508
                ], 
                [
                    1919.0, 
                    871.0880829015545
                ], 
                [
                    1826.1139896373058, 
                    863.6269430051814
                ], 
                [
                    1721.658031088083, 
                    846.839378238342
                ], 
                [
                    1592.9533678756477, 
                    833.7823834196892
                ], 
                [
                    1475.4404145077722, 
                    813.2642487046633
                ], 
                [
                    1389.6373056994819, 
                    800.2072538860103
                ], 
                [
                    1315.0259067357513, 
                    779.6891191709844
                ]
            ], 
            "user": "daid", 
            "verified": 0
        }, 
        {
            "date": "15-Nov-2018 16:18:30", 
            "deleted": 0, 
            "draw": true, 
            "id": 7, 
            "label": "sidewalk", 
            "polygon": [
                [
                    598.7564766839379, 
                    747.979274611399
                ], 
                [
                    613.6787564766839, 
                    744.2487046632125
                ], 
                [
                    628.6010362694301, 
                    744.2487046632125
                ], 
                [
                    641.6580310880829, 
                    744.2487046632125
                ], 
                [
                    649.119170984456, 
                    744.2487046632125
                ], 
                [
                    654.7150259067357, 
                    749.8445595854922
                ], 
                [
                    662.1761658031088, 
                    749.8445595854922
                ], 
                [
                    667.7720207253886, 
                    740.5181347150259
                ], 
                [
                    686.4248704663213, 
                    738.6528497409327
                ], 
                [
                    686.4248704663213, 
                    738.6528497409327
                ], 
                [
                    703.2124352331606, 
                    736.7875647668394
                ], 
                [
                    736.7875647668394, 
                    736.7875647668394
                ], 
                [
                    747.979274611399, 
                    736.7875647668394
                ], 
                [
                    749.8445595854922, 
                    747.979274611399
                ], 
                [
                    764.7668393782384, 
                    746.1139896373057
                ], 
                [
                    764.7668393782384, 
                    736.7875647668394
                ], 
                [
                    787.1502590673575, 
                    734.9222797927462
                ], 
                [
                    815.1295336787565, 
                    731.1917098445596
                ], 
                [
                    844.9740932642487, 
                    725.5958549222798
                ], 
                [
                    895.3367875647668, 
                    729.3264248704663
                ], 
                [
                    895.3367875647668, 
                    736.7875647668394
                ], 
                [
                    865.4922279792746, 
                    736.7875647668394
                ], 
                [
                    837.5129533678756, 
                    742.3834196891193
                ], 
                [
                    815.1295336787565, 
                    740.5181347150259
                ], 
                [
                    802.0725388601037, 
                    753.5751295336788
                ], 
                [
                    770.3626943005181, 
                    759.1709844559585
                ], 
                [
                    718.1347150259068, 
                    759.1709844559585
                ], 
                [
                    641.6580310880829, 
                    764.7668393782384
                ], 
                [
                    613.6787564766839, 
                    764.7668393782384
                ]
            ], 
            "user": "daid", 
            "verified": 0
        }, 
        {
            "date": "15-Nov-2018 16:19:02", 
            "deleted": 0, 
            "draw": true, 
            "id": 8, 
            "label": "person", 
            "polygon": [
                [
                    1260.9326424870467, 
                    740.5181347150259
                ], 
                [
                    1264.6632124352332, 
                    723.7305699481866
                ], 
                [
                    1272.1243523316064, 
                    733.0569948186529
                ], 
                [
                    1273.9896373056995, 
                    747.979274611399
                ], 
                [
                    1281.4507772020727, 
                    747.979274611399
                ], 
                [
                    1275.8549222797928, 
                    718.1347150259068
                ], 
                [
                    1275.8549222797928, 
                    697.6165803108809
                ], 
                [
                    1262.79792746114, 
                    690.1554404145078
                ], 
                [
                    1262.79792746114, 
                    699.4818652849741
                ], 
                [
                    1259.0673575129533, 
                    706.9430051813472
                ], 
                [
                    1259.0673575129533, 
                    725.5958549222798
                ], 
                [
                    1259.0673575129533, 
                    725.5958549222798
                ]
            ], 
            "user": "daid", 
            "verified": 0
        }, 
        {
            "date": "15-Nov-2018 16:19:18", 
            "deleted": 0, 
            "draw": true, 
            "id": 9, 
            "label": "person", 
            "polygon": [
                [
                    1303.8341968911918, 
                    746.1139896373057
                ], 
                [
                    1311.2953367875648, 
                    746.1139896373057
                ], 
                [
                    1311.2953367875648, 
                    733.0569948186529
                ], 
                [
                    1307.5647668393783, 
                    720.0
                ], 
                [
                    1315.0259067357513, 
                    710.6735751295337
                ], 
                [
                    1307.5647668393783, 
                    701.3471502590673
                ], 
                [
                    1303.8341968911918, 
                    688.2901554404145
                ], 
                [
                    1301.9689119170985, 
                    693.8860103626944
                ]
            ], 
            "user": "daid", 
            "verified": 0
        }, 
        {
            "date": "15-Nov-2018 16:19:33", 
            "deleted": 0, 
            "draw": true, 
            "id": 10, 
            "label": "person", 
            "polygon": [
                [
                    1275.8549222797928, 
                    695.7512953367876
                ], 
                [
                    1283.3160621761658, 
                    695.7512953367876
                ], 
                [
                    1288.9119170984457, 
                    706.9430051813472
                ], 
                [
                    1294.5077720207255, 
                    720.0
                ], 
                [
                    1285.1813471502592, 
                    725.5958549222798
                ], 
                [
                    1287.0466321243523, 
                    733.0569948186529
                ], 
                [
                    1277.720207253886, 
                    703.2124352331606
                ]
            ], 
            "user": "daid", 
            "verified": 0
        }
    ]
}