{
    "imgHeight": 1080, 
    "imgWidth": 1920, 
    "objects": [
        {
            "date": "15-Nov-2018 17:35:46", 
            "deleted": 0, 
            "draw": true, 
            "id": 0, 
            "label": "bus", 
            "polygon": [
                [
                    1313.1606217616581, 
                    710.6735751295337
                ], 
                [
                    1385.9067357512954, 
                    718.1347150259068
                ], 
                [
                    1398.9637305699482, 
                    714.4041450777203
                ], 
                [
                    1410.155440414508, 
                    706.9430051813472
                ], 
                [
                    1412.020725388601, 
                    643.5233160621761
                ], 
                [
                    1393.3678756476684, 
                    630.4663212435233
                ], 
                [
                    1374.7150259067357, 
                    624.8704663212435
                ], 
                [
                    1322.4870466321245, 
                    623.0051813471503
                ], 
                [
                    1315.0259067357513, 
                    623.0051813471503
                ]
            ], 
            "user": "daid", 
            "verified": 0
        }, 
        {
            "date": "15-Nov-2018 17:36:01", 
            "deleted": 0, 
            "draw": true, 
            "id": 1, 
            "label": "traffic sign", 
            "polygon": [
                [
                    1546.321243523316, 
                    539.0673575129534
                ], 
                [
                    1669.4300518134717, 
                    540.9326424870467
                ], 
                [
                    1665.699481865285, 
                    386.11398963730574
                ], 
                [
                    1540.7253886010362, 
                    389.8445595854922
                ]
            ], 
            "user": "daid", 
            "verified": 0
        }, 
        {
            "date": "15-Nov-2018 17:36:11", 
            "deleted": 0, 
            "draw": true, 
            "id": 2, 
            "label": "traffic sign", 
            "polygon": [
                [
                    1445.5958549222798, 
                    626.7357512953369
                ], 
                [
                    1479.1709844559587, 
                    628.6010362694301
                ], 
                [
                    1479.1709844559587, 
                    572.6424870466321
                ], 
                [
                    1441.8652849740934, 
                    572.6424870466321
                ], 
                [
                    1445.5958549222798, 
                    634.1968911917098
                ]
            ], 
            "user": "daid", 
            "verified": 0
        }, 
        {
            "date": "15-Nov-2018 17:36:35", 
            "deleted": 0, 
            "draw": true, 
            "id": 3, 
            "label": "car", 
            "polygon": [
                [
                    1419.4818652849742, 
                    744.2487046632125
                ], 
                [
                    1428.8082901554405, 
                    734.9222797927462
                ], 
                [
                    1447.4611398963732, 
                    733.0569948186529
                ], 
                [
                    1454.9222797927462, 
                    723.7305699481866
                ], 
                [
                    1454.9222797927462, 
                    686.4248704663213
                ], 
                [
                    1426.9430051813472, 
                    682.6943005181347
                ], 
                [
                    1415.7512953367875, 
                    716.2694300518135
                ]
            ], 
            "user": "daid", 
            "verified": 0
        }, 
        {
            "date": "15-Nov-2018 17:36:51", 
            "deleted": 0, 
            "draw": true, 
            "id": 4, 
            "label": "car", 
            "polygon": [
                [
                    1466.1139896373058, 
                    688.2901554404145
                ], 
                [
                    1473.5751295336788, 
                    688.2901554404145
                ], 
                [
                    1484.7668393782385, 
                    697.6165803108809
                ], 
                [
                    1490.3626943005181, 
                    727.4611398963731
                ], 
                [
                    1490.3626943005181, 
                    731.1917098445596
                ], 
                [
                    1479.1709844559587, 
                    731.1917098445596
                ], 
                [
                    1467.979274611399, 
                    731.1917098445596
                ]
            ], 
            "user": "daid", 
            "verified": 0
        }, 
        {
            "date": "15-Nov-2018 17:37:16", 
            "deleted": 0, 
            "draw": true, 
            "id": 5, 
            "label": "person", 
            "polygon": [
                [
                    1505.2849740932643, 
                    746.1139896373057
                ], 
                [
                    1516.476683937824, 
                    744.2487046632125
                ], 
                [
                    1516.476683937824, 
                    731.1917098445596
                ], 
                [
                    1523.937823834197, 
                    744.2487046632125
                ], 
                [
                    1527.6683937823834, 
                    742.3834196891193
                ], 
                [
                    1520.2072538860104, 
                    712.5388601036269
                ], 
                [
                    1520.2072538860104, 
                    680.8290155440415
                ], 
                [
                    1507.1502590673576, 
                    677.098445595855
                ], 
                [
                    1503.419689119171, 
                    690.1554404145078
                ], 
                [
                    1495.958549222798, 
                    699.4818652849741
                ], 
                [
                    1501.5544041450778, 
                    712.5388601036269
                ]
            ], 
            "user": "daid", 
            "verified": 0
        }, 
        {
            "date": "15-Nov-2018 17:38:20", 
            "deleted": 0, 
            "draw": true, 
            "id": 6, 
            "label": "road", 
            "polygon": [
                [
                    0.0, 
                    789.0155440414508
                ], 
                [
                    401.03626943005185, 
                    761.0362694300518
                ], 
                [
                    578.238341968912, 
                    746.1139896373057
                ], 
                [
                    716.2694300518135, 
                    740.5181347150259
                ], 
                [
                    867.3575129533679, 
                    725.5958549222798
                ], 
                [
                    992.3316062176166, 
                    716.2694300518135
                ], 
                [
                    1098.6528497409327, 
                    708.8082901554404
                ], 
                [
                    1221.761658031088, 
                    699.4818652849741
                ], 
                [
                    1259.0673575129533, 
                    695.7512953367876
                ], 
                [
                    1305.699481865285, 
                    684.559585492228
                ], 
                [
                    1311.2953367875648, 
                    703.2124352331606
                ], 
                [
                    1313.1606217616581, 
                    714.4041450777203
                ], 
                [
                    1397.0984455958549, 
                    721.8652849740932
                ], 
                [
                    1408.2901554404145, 
                    731.1917098445596
                ], 
                [
                    1412.020725388601, 
                    785.2849740932643
                ], 
                [
                    1419.4818652849742, 
                    839.378238341969
                ], 
                [
                    1436.2694300518135, 
                    891.6062176165804
                ], 
                [
                    1451.1917098445597, 
                    928.9119170984457
                ], 
                [
                    1481.0362694300518, 
                    971.8134715025907
                ], 
                [
                    1509.0155440414508, 
                    1012.8497409326425
                ], 
                [
                    1544.455958549223, 
                    1053.8860103626944
                ], 
                [
                    1570.5699481865286, 
                    1079.0
                ], 
                [
                    0.0, 
                    1079.0
                ]
            ], 
            "user": "daid", 
            "verified": 0
        }, 
        {
            "date": "15-Nov-2018 17:39:38", 
            "deleted": 0, 
            "draw": true, 
            "id": 7, 
            "label": "sidewalk", 
            "polygon": [
                [
                    1572.435233160622, 
                    753.5751295336788
                ], 
                [
                    1585.4922279792747, 
                    755.4404145077721
                ], 
                [
                    1604.1450777202074, 
                    757.3056994818653
                ], 
                [
                    1915.6476683937824, 
                    878.5492227979275
                ], 
                [
                    1919.0, 
                    1079.0
                ], 
                [
                    1557.5129533678758, 
                    1079.0
                ], 
                [
                    1453.0569948186528, 
                    927.0466321243524
                ], 
                [
                    1440.0, 
                    895.3367875647668
                ], 
                [
                    1425.0777202072538, 
                    859.8963730569949
                ], 
                [
                    1413.8860103626944, 
                    816.9948186528497
                ], 
                [
                    1410.155440414508, 
                    772.2279792746115
                ], 
                [
                    1408.2901554404145, 
                    731.1917098445596
                ], 
                [
                    1419.4818652849742, 
                    744.2487046632125
                ], 
                [
                    1440.0, 
                    746.1139896373057
                ], 
                [
                    1453.0569948186528, 
                    746.1139896373057
                ], 
                [
                    1454.9222797927462, 
                    794.6113989637306
                ], 
                [
                    1464.2487046632125, 
                    811.39896373057
                ], 
                [
                    1475.4404145077722, 
                    831.9170984455959
                ], 
                [
                    1488.497409326425, 
                    869.2227979274612
                ], 
                [
                    1503.419689119171, 
                    871.0880829015545
                ], 
                [
                    1507.1502590673576, 
                    869.2227979274612
                ], 
                [
                    1507.1502590673576, 
                    841.2435233160622
                ], 
                [
                    1509.0155440414508, 
                    781.5544041450778
                ], 
                [
                    1509.0155440414508, 
                    746.1139896373057
                ], 
                [
                    1536.9948186528497, 
                    749.8445595854922
                ], 
                [
                    1544.455958549223, 
                    749.8445595854922
                ], 
                [
                    1548.1865284974094, 
                    927.0466321243524
                ], 
                [
                    1570.5699481865286, 
                    934.5077720207254
                ], 
                [
                    1576.1658031088084, 
                    910.259067357513
                ]
            ], 
            "user": "daid", 
            "verified": 0
        }, 
        {
            "date": "15-Nov-2018 17:40:27", 
            "deleted": 0, 
            "draw": true, 
            "id": 8, 
            "label": "sidewalk", 
            "polygon": [
                [
                    0.0, 
                    733.0569948186529
                ], 
                [
                    1.8652849740932642, 
                    792.7461139896374
                ], 
                [
                    581.9689119170985, 
                    746.1139896373057
                ], 
                [
                    712.5388601036269, 
                    738.6528497409327
                ], 
                [
                    835.6476683937824, 
                    727.4611398963731
                ], 
                [
                    971.8134715025907, 
                    716.2694300518135
                ], 
                [
                    1085.5958549222798, 
                    703.2124352331606
                ], 
                [
                    1180.7253886010362, 
                    697.6165803108809
                ], 
                [
                    1126.6321243523316, 
                    692.020725388601
                ], 
                [
                    1074.4041450777202, 
                    690.1554404145078
                ], 
                [
                    1007.2538860103627, 
                    693.8860103626944
                ], 
                [
                    969.9481865284974, 
                    699.4818652849741
                ], 
                [
                    900.9326424870467, 
                    701.3471502590673
                ], 
                [
                    859.8963730569949, 
                    705.077720207254
                ], 
                [
                    789.0155440414508, 
                    705.077720207254
                ], 
                [
                    720.0, 
                    708.8082901554404
                ], 
                [
                    641.6580310880829, 
                    712.5388601036269
                ], 
                [
                    552.1243523316062, 
                    716.2694300518135
                ], 
                [
                    483.1088082901555, 
                    720.0
                ], 
                [
                    358.13471502590676, 
                    725.5958549222798
                ], 
                [
                    281.6580310880829, 
                    734.9222797927462
                ], 
                [
                    208.9119170984456, 
                    725.5958549222798
                ], 
                [
                    130.5699481865285, 
                    729.3264248704663
                ], 
                [
                    41.03626943005182, 
                    731.1917098445596
                ]
            ], 
            "user": "daid", 
            "verified": 0
        }, 
        {
            "date": "15-Nov-2018 17:41:27", 
            "deleted": 0, 
            "draw": true, 
            "id": 9, 
            "label": "building", 
            "polygon": [
                [
                    0.0, 
                    727.4611398963731
                ], 
                [
                    190.25906735751295, 
                    721.8652849740932
                ], 
                [
                    255.5440414507772, 
                    727.4611398963731
                ], 
                [
                    322.69430051813475, 
                    734.9222797927462
                ], 
                [
                    399.17098445595855, 
                    720.0
                ], 
                [
                    462.59067357512953, 
                    714.4041450777203
                ], 
                [
                    563.3160621761658, 
                    712.5388601036269
                ], 
                [
                    664.041450777202, 
                    706.9430051813472
                ], 
                [
                    781.5544041450778, 
                    706.9430051813472
                ], 
                [
                    887.8756476683939, 
                    703.2124352331606
                ], 
                [
                    966.217616580311, 
                    697.6165803108809
                ], 
                [
                    1037.0984455958549, 
                    692.020725388601
                ], 
                [
                    1115.440414507772, 
                    688.2901554404145
                ], 
                [
                    1139.6891191709844, 
                    686.4248704663213
                ], 
                [
                    1145.2849740932643, 
                    624.8704663212435
                ], 
                [
                    1156.476683937824, 
                    617.4093264248705
                ], 
                [
                    1163.937823834197, 
                    570.7772020725389
                ], 
                [
                    1167.6683937823834, 
                    434.6113989637306
                ], 
                [
                    1167.6683937823834, 
                    389.8445595854922
                ], 
                [
                    1165.8031088082903, 
                    354.4041450777202
                ], 
                [
                    1126.6321243523316, 
                    311.5025906735751
                ], 
                [
                    1057.6165803108809, 
                    264.87046632124355
                ], 
                [
                    986.7357512953369, 
                    199.58549222797927
                ], 
                [
                    941.9689119170985, 
                    167.87564766839378
                ], 
                [
                    807.6683937823834, 
                    0.0
                ], 
                [
                    0.0, 
                    0.0
                ]
            ], 
            "user": "daid", 
            "verified": 0
        }, 
        {
            "date": "15-Nov-2018 17:42:06", 
            "deleted": 0, 
            "draw": true, 
            "id": 10, 
            "label": "building", 
            "polygon": [
                [
                    1576.1658031088084, 
                    757.3056994818653
                ], 
                [
                    1574.300518134715, 
                    548.3937823834198
                ], 
                [
                    1667.5647668393783, 
                    546.5284974093264
                ], 
                [
                    1667.5647668393783, 
                    386.11398963730574
                ], 
                [
                    1596.6839378238342, 
                    384.24870466321244
                ], 
                [
                    1589.2227979274612, 
                    199.58549222797927
                ], 
                [
                    1589.2227979274612, 
                    0.0
                ], 
                [
                    1915.6476683937824, 
                    0.0
                ], 
                [
                    1919.0, 
                    876.6839378238342
                ], 
                [
                    1611.6062176165804, 
                    757.3056994818653
                ]
            ], 
            "user": "daid", 
            "verified": 0
        }, 
        {
            "date": "15-Nov-2018 20:30:38", 
            "deleted": 0, 
            "draw": true, 
            "id": 11, 
            "label": "sidewalk", 
            "polygon": [
                [
                    1482.9015544041451, 
                    749.8445595854922
                ], 
                [
                    1490.3626943005181, 
                    749.8445595854922
                ], 
                [
                    1495.958549222798, 
                    863.6269430051814
                ], 
                [
                    1481.0362694300518, 
                    846.839378238342
                ], 
                [
                    1481.0362694300518, 
                    816.9948186528497
                ]
            ], 
            "user": "daid", 
            "verified": 0
        }
    ]
}