{
    "imgHeight": 480, 
    "imgWidth": 854, 
    "objects": [
        {
            "date": "09-Apr-2018 23:33:34", 
            "deleted": 0, 
            "draw": true, 
            "id": 0, 
            "label": "road", 
            "polygon": [
                [
                    141.61234991423672, 
                    477.5300171526587
                ], 
                [
                    278.2847341337907, 
                    362.2641509433962
                ], 
                [
                    330.15437392795883, 
                    312.04116638078904
                ], 
                [
                    350.73756432246995, 
                    280.75471698113205
                ], 
                [
                    348.2675814751286, 
                    259.3481989708405
                ], 
                [
                    373.79073756432246, 
                    259.3481989708405
                ], 
                [
                    373.79073756432246, 
                    266.75814751286447
                ], 
                [
                    374.6140651801029, 
                    275.8147512864494
                ], 
                [
                    375.43739279588334, 
                    285.69468267581476
                ], 
                [
                    386.14065180102915, 
                    286.5180102915952
                ], 
                [
                    394.37392795883363, 
                    280.75471698113205
                ], 
                [
                    425.66037735849056, 
                    279.9313893653516
                ], 
                [
                    433.07032590051455, 
                    284.0480274442539
                ], 
                [
                    438.8336192109777, 
                    284.0480274442539
                ], 
                [
                    441.30360205831903, 
                    270.87478559176674
                ], 
                [
                    448.71355060034307, 
                    270.87478559176674
                ], 
                [
                    462.71012006861065, 
                    272.5214408233276
                ], 
                [
                    535.9862778730703, 
                    307.92452830188677
                ], 
                [
                    597.7358490566038, 
                    346.62092624356774
                ], 
                [
                    762.401372212693, 
                    446.2435677530017
                ], 
                [
                    809.3310463121784, 
                    478.3533447684391
                ], 
                [
                    746.7581475128645, 
                    479.0
                ], 
                [
                    722.8816466552315, 
                    467.6500857632933
                ], 
                [
                    697.3584905660377, 
                    458.5934819897084
                ], 
                [
                    669.3653516295026, 
                    448.71355060034307
                ], 
                [
                    637.2555746140652, 
                    445.42024013722124
                ], 
                [
                    591.9725557461406, 
                    439.65694682675814
                ], 
                [
                    526.9296740994854, 
                    434.7169811320755
                ], 
                [
                    475.8833619210978, 
                    431.42367066895366
                ], 
                [
                    433.07032590051455, 
                    433.07032590051455
                ], 
                [
                    390.25728987993136, 
                    434.7169811320755
                ], 
                [
                    319.451114922813, 
                    438.01029159519726
                ], 
                [
                    305.45454545454544, 
                    438.01029159519726
                ], 
                [
                    265.1114922813036, 
                    446.2435677530017
                ], 
                [
                    219.82847341337907, 
                    460.24013722126926
                ], 
                [
                    183.60205831903946, 
                    479.0
                ]
            ], 
            "user": "daid", 
            "verified": 0
        }, 
        {
            "date": "09-Apr-2018 23:33:51", 
            "deleted": 0, 
            "draw": true, 
            "id": 1, 
            "label": "traffic sign", 
            "polygon": [
                [
                    615.0257289879931, 
                    123.4991423670669
                ], 
                [
                    608.4391080617496, 
                    128.43910806174958
                ], 
                [
                    605.9691252144082, 
                    139.9656946826758
                ], 
                [
                    606.7924528301887, 
                    149.02229845626073
                ], 
                [
                    612.5557461406518, 
                    157.25557461406518
                ], 
                [
                    619.1423670668954, 
                    162.19554030874787
                ], 
                [
                    631.492281303602, 
                    163.84219554030875
                ], 
                [
                    641.3722126929674, 
                    159.7255574614065
                ], 
                [
                    647.1355060034306, 
                    149.84562607204117
                ], 
                [
                    647.958833619211, 
                    137.49571183533448
                ], 
                [
                    643.8421955403087, 
                    126.79245283018868
                ], 
                [
                    632.3156089193825, 
                    121.02915951972555
                ], 
                [
                    621.6123499142367, 
                    121.852487135506
                ]
            ], 
            "user": "daid", 
            "verified": 0
        }, 
        {
            "date": "09-Apr-2018 23:34:25", 
            "deleted": 0, 
            "draw": true, 
            "id": 2, 
            "label": "car", 
            "polygon": [
                [
                    377.90737564322467, 
                    288.98799313893653
                ], 
                [
                    387.78730703259004, 
                    288.1646655231561
                ], 
                [
                    393.5506003430532, 
                    279.10806174957116
                ], 
                [
                    424.0137221269297, 
                    278.2847341337907
                ], 
                [
                    426.483704974271, 
                    281.5780445969125
                ], 
                [
                    433.07032590051455, 
                    284.0480274442539
                ], 
                [
                    439.65694682675814, 
                    284.8713550600343
                ], 
                [
                    442.1269296740995, 
                    267.5814751286449
                ], 
                [
                    438.8336192109777, 
                    251.93825042881647
                ], 
                [
                    426.483704974271, 
                    233.82504288164665
                ], 
                [
                    405.0771869639794, 
                    233.0017152658662
                ], 
                [
                    385.3173241852487, 
                    233.82504288164665
                ], 
                [
                    382.8473413379074, 
                    243.704974271012
                ], 
                [
                    378.73070325900517, 
                    247.82161234991423
                ], 
                [
                    374.6140651801029, 
                    249.46826758147512
                ], 
                [
                    374.6140651801029, 
                    262.64150943396226
                ], 
                [
                    374.6140651801029, 
                    271.6981132075472
                ], 
                [
                    374.6140651801029, 
                    279.10806174957116
                ]
            ], 
            "user": "daid", 
            "verified": 0
        }, 
        {
            "date": "09-Apr-2018 23:34:45", 
            "deleted": 0, 
            "draw": true, 
            "id": 3, 
            "label": "car", 
            "polygon": [
                [
                    354.8542024013722, 
                    260.1715265866209
                ], 
                [
                    374.6140651801029, 
                    260.1715265866209
                ], 
                [
                    377.90737564322467, 
                    250.29159519725556
                ], 
                [
                    383.6706689536878, 
                    239.58833619210978
                ], 
                [
                    386.14065180102915, 
                    233.82504288164665
                ], 
                [
                    379.5540308747856, 
                    225.5917667238422
                ], 
                [
                    357.32418524871355, 
                    224.76843910806176
                ], 
                [
                    354.8542024013722, 
                    225.5917667238422
                ], 
                [
                    352.3842195540309, 
                    232.17838765008577
                ], 
                [
                    349.09090909090907, 
                    241.23499142367066
                ], 
                [
                    347.4442538593482, 
                    254.4082332761578
                ]
            ], 
            "user": "daid", 
            "verified": 0
        }, 
        {
            "date": "09-Apr-2018 23:35:01", 
            "deleted": 0, 
            "draw": true, 
            "id": 4, 
            "label": "traffic sign", 
            "polygon": [
                [
                    425.66037735849056, 
                    200.06861063464837
                ], 
                [
                    418.2504288164665, 
                    209.12521440823326
                ], 
                [
                    417.4271012006861, 
                    212.41852487135506
                ], 
                [
                    435.54030874785593, 
                    214.06518010291595
                ], 
                [
                    434.7169811320755, 
                    209.12521440823326
                ]
            ], 
            "user": "daid", 
            "verified": 0
        }, 
        {
            "date": "09-Apr-2018 23:36:00", 
            "deleted": 0, 
            "draw": true, 
            "id": 5, 
            "label": "sidewalk", 
            "polygon": [
                [
                    3.293310463121784, 
                    340.0343053173242
                ], 
                [
                    143.2590051457976, 
                    297.221269296741
                ], 
                [
                    177.83876500857633, 
                    285.69468267581476
                ], 
                [
                    181.1320754716981, 
                    294.75128644939963
                ], 
                [
                    199.24528301886792, 
                    287.34133790737565
                ], 
                [
                    201.71526586620925, 
                    278.2847341337907
                ], 
                [
                    251.93825042881647, 
                    260.99485420240137
                ], 
                [
                    251.11492281303603, 
                    281.5780445969125
                ], 
                [
                    260.1715265866209, 
                    280.75471698113205
                ], 
                [
                    260.1715265866209, 
                    266.75814751286447
                ], 
                [
                    265.1114922813036, 
                    274.1680960548885
                ], 
                [
                    265.1114922813036, 
                    284.8713550600343
                ], 
                [
                    263.4648370497427, 
                    296.39794168096057
                ], 
                [
                    271.6981132075472, 
                    298.04459691252146
                ], 
                [
                    277.4614065180103, 
                    286.5180102915952
                ], 
                [
                    277.4614065180103, 
                    262.64150943396226
                ], 
                [
                    285.69468267581476, 
                    260.99485420240137
                ], 
                [
                    287.34133790737565, 
                    326.0377358490566
                ], 
                [
                    291.45797598627786, 
                    339.21097770154375
                ], 
                [
                    236.29502572898798, 
                    394.37392795883363
                ], 
                [
                    177.83876500857633, 
                    445.42024013722124
                ], 
                [
                    136.67238421955403, 
                    479.0
                ], 
                [
                    0.0, 
                    479.0
                ], 
                [
                    0.0, 
                    342.5042881646655
                ]
            ], 
            "user": "daid", 
            "verified": 0
        }, 
        {
            "date": "09-Apr-2018 23:37:12", 
            "deleted": 0, 
            "draw": true, 
            "id": 6, 
            "label": "person", 
            "polygon": [
                [
                    181.1320754716981, 
                    289.811320754717
                ], 
                [
                    195.95197255574612, 
                    289.811320754717
                ], 
                [
                    201.71526586620925, 
                    279.10806174957116
                ], 
                [
                    200.06861063464837, 
                    256.0548885077187
                ], 
                [
                    205.8319039451115, 
                    247.82161234991423
                ], 
                [
                    206.65523156089193, 
                    220.65180102915951
                ], 
                [
                    198.42195540308748, 
                    206.65523156089193
                ], 
                [
                    191.8353344768439, 
                    199.24528301886792
                ], 
                [
                    181.1320754716981, 
                    200.8919382504288
                ], 
                [
                    176.19210977701545, 
                    205.00857632933105
                ], 
                [
                    177.83876500857633, 
                    210.77186963979418
                ], 
                [
                    169.60548885077188, 
                    213.2418524871355
                ], 
                [
                    168.78216123499143, 
                    226.41509433962264
                ], 
                [
                    162.19554030874787, 
                    256.0548885077187
                ], 
                [
                    159.7255574614065, 
                    283.22469982847343
                ], 
                [
                    169.60548885077188, 
                    283.22469982847343
                ], 
                [
                    178.66209262435677, 
                    277.4614065180103
                ]
            ], 
            "user": "daid", 
            "verified": 0
        }, 
        {
            "date": "09-Apr-2018 23:37:46", 
            "deleted": 0, 
            "draw": true, 
            "id": 7, 
            "label": "person", 
            "polygon": [
                [
                    260.99485420240137, 
                    302.9845626072041
                ], 
                [
                    274.1680960548885, 
                    299.69125214408234
                ], 
                [
                    283.22469982847343, 
                    283.22469982847343
                ], 
                [
                    280.75471698113205, 
                    275.8147512864494
                ], 
                [
                    279.10806174957116, 
                    261.8181818181818
                ], 
                [
                    283.22469982847343, 
                    255.23156089193824
                ], 
                [
                    281.5780445969125, 
                    246.9982847341338
                ], 
                [
                    288.1646655231561, 
                    241.23499142367066
                ], 
                [
                    286.5180102915952, 
                    223.12178387650084
                ], 
                [
                    276.63807890222984, 
                    215.71183533447683
                ], 
                [
                    271.6981132075472, 
                    206.65523156089193
                ], 
                [
                    264.28816466552314, 
                    207.47855917667238
                ], 
                [
                    259.3481989708405, 
                    209.94854202401373
                ], 
                [
                    260.99485420240137, 
                    219.00514579759863
                ], 
                [
                    261.8181818181818, 
                    223.12178387650084
                ], 
                [
                    259.3481989708405, 
                    251.11492281303603
                ], 
                [
                    259.3481989708405, 
                    256.87821612349916
                ], 
                [
                    254.4082332761578, 
                    259.3481989708405
                ], 
                [
                    254.4082332761578, 
                    283.22469982847343
                ], 
                [
                    260.99485420240137, 
                    281.5780445969125
                ], 
                [
                    261.8181818181818, 
                    265.934819897084
                ], 
                [
                    266.75814751286447, 
                    292.2813036020583
                ]
            ], 
            "user": "daid", 
            "verified": 0
        }, 
        {
            "date": "09-Apr-2018 23:38:29", 
            "deleted": 0, 
            "draw": true, 
            "id": 8, 
            "label": "person", 
            "polygon": [
                [
                    302.9845626072041, 
                    270.0514579759863
                ], 
                [
                    307.1012006861063, 
                    266.75814751286447
                ], 
                [
                    306.2778730703259, 
                    257.7015437392796
                ], 
                [
                    318.6277873070326, 
                    251.11492281303603
                ], 
                [
                    319.451114922813, 
                    239.58833619210978
                ], 
                [
                    316.9811320754717, 
                    233.0017152658662
                ], 
                [
                    315.3344768439108, 
                    223.9451114922813
                ], 
                [
                    305.45454545454544, 
                    222.2984562607204
                ], 
                [
                    302.16123499142367, 
                    222.2984562607204
                ], 
                [
                    298.8679245283019, 
                    270.87478559176674
                ]
            ], 
            "user": "daid", 
            "verified": 0
        }, 
        {
            "date": "09-Apr-2018 23:39:20", 
            "deleted": 0, 
            "draw": true, 
            "id": 9, 
            "label": "train", 
            "polygon": [
                [
                    3.293310463121784, 
                    141.61234991423672
                ], 
                [
                    123.4991423670669, 
                    171.25214408233276
                ], 
                [
                    186.89536878216123, 
                    189.36535162950258
                ], 
                [
                    188.5420240137221, 
                    198.42195540308748
                ], 
                [
                    179.48542024013722, 
                    202.5385934819897
                ], 
                [
                    177.83876500857633, 
                    209.94854202401373
                ], 
                [
                    177.83876500857633, 
                    211.59519725557462
                ], 
                [
                    171.25214408233276, 
                    214.06518010291595
                ], 
                [
                    169.60548885077188, 
                    231.35506003430532
                ], 
                [
                    166.31217838765008, 
                    251.93825042881647
                ], 
                [
                    165.48885077186964, 
                    256.0548885077187
                ], 
                [
                    68.33619210977702, 
                    270.0514579759863
                ], 
                [
                    0.823327615780446, 
                    277.4614065180103
                ]
            ], 
            "user": "daid", 
            "verified": 0
        }, 
        {
            "date": "09-Apr-2018 23:39:43", 
            "deleted": 0, 
            "draw": true, 
            "id": 10, 
            "label": "building", 
            "polygon": [
                [
                    88.09605488850772, 
                    159.7255574614065
                ], 
                [
                    88.91938250428817, 
                    88.91938250428817
                ], 
                [
                    0.0, 
                    23.876500857632934
                ], 
                [
                    0.0, 
                    138.31903945111492
                ]
            ], 
            "user": "daid", 
            "verified": 0
        }, 
        {
            "date": "09-Apr-2018 23:41:30", 
            "deleted": 0, 
            "draw": true, 
            "id": 11, 
            "label": "car", 
            "polygon": [
                [
                    208.30188679245282, 
                    246.17495711835335
                ], 
                [
                    216.53516295025727, 
                    246.17495711835335
                ], 
                [
                    219.00514579759863, 
                    241.23499142367066
                ], 
                [
                    232.17838765008577, 
                    242.0583190394511
                ], 
                [
                    242.88164665523155, 
                    241.23499142367066
                ], 
                [
                    246.9982847341338, 
                    237.11835334476842
                ], 
                [
                    249.46826758147512, 
                    229.7084048027444
                ], 
                [
                    235.47169811320754, 
                    223.9451114922813
                ], 
                [
                    223.9451114922813, 
                    223.9451114922813
                ], 
                [
                    210.77186963979418, 
                    227.23842195540308
                ], 
                [
                    207.47855917667238, 
                    227.23842195540308
                ]
            ], 
            "user": "daid", 
            "verified": 0
        }, 
        {
            "date": "09-Apr-2018 23:42:06", 
            "deleted": 0, 
            "draw": true, 
            "id": 12, 
            "label": "person", 
            "polygon": [
                [
                    502.22984562607206, 
                    223.9451114922813
                ], 
                [
                    495.64322469982847, 
                    228.88507718696397
                ], 
                [
                    491.52658662092625, 
                    231.35506003430532
                ], 
                [
                    491.52658662092625, 
                    242.0583190394511
                ], 
                [
                    494.819897084048, 
                    242.88164665523155
                ], 
                [
                    501.40651801029156, 
                    246.17495711835335
                ], 
                [
                    507.99313893653516, 
                    246.9982847341338
                ], 
                [
                    515.4030874785592, 
                    240.41166380789022
                ], 
                [
                    514.5797598627787, 
                    232.17838765008577
                ], 
                [
                    511.28644939965693, 
                    226.41509433962264
                ], 
                [
                    507.1698113207547, 
                    219.00514579759863
                ]
            ], 
            "user": "daid", 
            "verified": 0
        }, 
        {
            "date": "09-Apr-2018 23:43:15", 
            "deleted": 0, 
            "draw": true, 
            "id": 13, 
            "label": "pole", 
            "polygon": [
                [
                    531.0463121783877, 
                    246.17495711835335
                ], 
                [
                    517.8730703259005, 
                    246.17495711835335
                ], 
                [
                    526.106346483705, 
                    2.469982847341338
                ], 
                [
                    535.1629502572898, 
                    2.469982847341338
                ], 
                [
                    534.3396226415094, 
                    136.67238421955403
                ]
            ], 
            "user": "daid", 
            "verified": 0
        }, 
        {
            "date": "09-Apr-2018 23:45:09", 
            "deleted": 0, 
            "draw": true, 
            "id": 14, 
            "label": "building", 
            "polygon": [
                [
                    534.3396226415094, 
                    131.73241852487135
                ], 
                [
                    792.041166380789, 
                    22.22984562607204
                ], 
                [
                    776.3979416809606, 
                    232.17838765008577
                ], 
                [
                    687.4785591766723, 
                    233.82504288164665
                ], 
                [
                    686.6552315608919, 
                    210.77186963979418
                ], 
                [
                    618.3190394511149, 
                    214.06518010291595
                ], 
                [
                    622.4356775300172, 
                    165.48885077186964
                ], 
                [
                    628.1989708404802, 
                    163.84219554030875
                ], 
                [
                    633.9622641509434, 
                    163.84219554030875
                ], 
                [
                    641.3722126929674, 
                    160.54888507718695
                ], 
                [
                    644.6655231560892, 
                    152.3156089193825
                ], 
                [
                    648.7821612349915, 
                    141.61234991423672
                ], 
                [
                    646.3121783876501, 
                    131.73241852487135
                ], 
                [
                    639.7255574614065, 
                    124.32246998284734
                ], 
                [
                    630.6689536878216, 
                    121.02915951972555
                ], 
                [
                    623.2590051457976, 
                    122.67581475128645
                ], 
                [
                    615.8490566037735, 
                    124.32246998284734
                ], 
                [
                    612.5557461406518, 
                    126.79245283018868
                ], 
                [
                    607.6157804459691, 
                    134.2024013722127
                ], 
                [
                    605.1457975986277, 
                    143.2590051457976
                ], 
                [
                    605.9691252144082, 
                    149.02229845626073
                ], 
                [
                    607.6157804459691, 
                    153.13893653516294
                ], 
                [
                    607.6157804459691, 
                    161.3722126929674
                ], 
                [
                    609.26243567753, 
                    168.78216123499143
                ], 
                [
                    607.6157804459691, 
                    211.59519725557462
                ], 
                [
                    583.7392795883362, 
                    214.8885077186964
                ], 
                [
                    574.6826758147513, 
                    218.1818181818182
                ], 
                [
                    572.2126929674099, 
                    205.00857632933105
                ], 
                [
                    563.156089193825, 
                    204.1852487135506
                ], 
                [
                    552.4528301886793, 
                    204.1852487135506
                ], 
                [
                    538.4562607204117, 
                    209.12521440823326
                ], 
                [
                    531.869639794168, 
                    209.94854202401373
                ]
            ], 
            "user": "daid", 
            "verified": 0
        }, 
        {
            "date": "09-Apr-2018 23:45:34", 
            "deleted": 0, 
            "draw": true, 
            "id": 15, 
            "label": "pole", 
            "polygon": [
                [
                    610.0857632933105, 
                    158.90222984562607
                ], 
                [
                    604.3224699828473, 
                    260.1715265866209
                ], 
                [
                    614.2024013722126, 
                    260.99485420240137
                ], 
                [
                    619.1423670668954, 
                    162.19554030874787
                ]
            ], 
            "user": "daid", 
            "verified": 0
        }, 
        {
            "date": "09-Apr-2018 23:46:20", 
            "deleted": 0, 
            "draw": true, 
            "id": 16, 
            "label": "rail track", 
            "polygon": [
                [
                    3.293310463121784, 
                    335.0943396226415
                ], 
                [
                    44.45969125214408, 
                    322.7444253859348
                ], 
                [
                    97.97598627787306, 
                    311.2178387650086
                ], 
                [
                    135.8490566037736, 
                    298.8679245283019
                ], 
                [
                    166.31217838765008, 
                    290.6346483704974
                ], 
                [
                    177.0154373927959, 
                    289.811320754717
                ], 
                [
                    177.0154373927959, 
                    279.9313893653516
                ], 
                [
                    163.84219554030875, 
                    282.401372212693
                ], 
                [
                    164.6655231560892, 
                    258.52487135506004
                ], 
                [
                    133.37907375643223, 
                    265.1114922813036
                ], 
                [
                    102.0926243567753, 
                    271.6981132075472
                ], 
                [
                    52.692967409948544, 
                    281.5780445969125
                ], 
                [
                    0.823327615780446, 
                    287.34133790737565
                ]
            ], 
            "user": "daid", 
            "verified": 0
        }, 
        {
            "date": "09-Apr-2018 23:46:45", 
            "deleted": 0, 
            "draw": true, 
            "id": 17, 
            "label": "rail track", 
            "polygon": [
                [
                    204.1852487135506, 
                    261.8181818181818
                ], 
                [
                    205.8319039451115, 
                    255.23156089193824
                ], 
                [
                    218.1818181818182, 
                    251.93825042881647
                ], 
                [
                    220.65180102915951, 
                    245.3516295025729
                ], 
                [
                    228.88507718696397, 
                    243.704974271012
                ], 
                [
                    240.41166380789022, 
                    243.704974271012
                ], 
                [
                    248.64493996569468, 
                    246.17495711835335
                ], 
                [
                    254.4082332761578, 
                    248.64493996569468
                ], 
                [
                    254.4082332761578, 
                    255.23156089193824
                ], 
                [
                    250.29159519725556, 
                    260.99485420240137
                ], 
                [
                    233.0017152658662, 
                    269.22813036020585
                ], 
                [
                    218.1818181818182, 
                    274.99142367066895
                ], 
                [
                    202.5385934819897, 
                    280.75471698113205
                ], 
                [
                    201.71526586620925, 
                    265.1114922813036
                ]
            ], 
            "user": "daid", 
            "verified": 0
        }, 
        {
            "date": "09-Apr-2018 23:47:22", 
            "deleted": 0, 
            "draw": true, 
            "id": 18, 
            "label": "traffic sign", 
            "polygon": [
                [
                    260.1715265866209, 
                    138.31903945111492
                ], 
                [
                    259.3481989708405, 
                    167.95883361921096
                ], 
                [
                    263.4648370497427, 
                    166.31217838765008
                ], 
                [
                    292.2813036020583, 
                    167.95883361921096
                ], 
                [
                    293.10463121783874, 
                    134.2024013722127
                ], 
                [
                    259.3481989708405, 
                    132.5557461406518
                ]
            ], 
            "user": "daid", 
            "verified": 0
        }, 
        {
            "date": "09-Apr-2018 23:48:01", 
            "deleted": 0, 
            "draw": true, 
            "id": 19, 
            "label": "fence", 
            "polygon": [
                [
                    297.221269296741, 
                    330.15437392795883
                ], 
                [
                    336.74099485420237, 
                    292.2813036020583
                ], 
                [
                    344.1509433962264, 
                    273.34476843910807
                ], 
                [
                    345.7975986277873, 
                    238.76500857632934
                ], 
                [
                    335.0943396226415, 
                    246.9982847341338
                ], 
                [
                    322.7444253859348, 
                    253.58490566037736
                ], 
                [
                    301.3379073756432, 
                    260.1715265866209
                ], 
                [
                    291.45797598627786, 
                    256.0548885077187
                ], 
                [
                    287.34133790737565, 
                    256.0548885077187
                ], 
                [
                    287.34133790737565, 
                    328.50771869639794
                ]
            ], 
            "user": "daid", 
            "verified": 0
        }, 
        {
            "date": "09-Apr-2018 23:48:33", 
            "deleted": 0, 
            "draw": true, 
            "id": 20, 
            "label": "building", 
            "polygon": [
                [
                    812.6243567753002, 
                    22.22984562607204
                ], 
                [
                    853.0, 
                    25.523156089193826
                ], 
                [
                    853.0, 
                    233.0017152658662
                ], 
                [
                    810.9777015437393, 
                    233.82504288164665
                ], 
                [
                    806.0377358490566, 
                    233.0017152658662
                ]
            ], 
            "user": "daid", 
            "verified": 0
        }, 
        {
            "date": "09-Apr-2018 23:48:55", 
            "deleted": 0, 
            "draw": true, 
            "id": 21, 
            "label": "pole", 
            "polygon": [
                [
                    790.3945111492282, 
                    19.759862778730703
                ], 
                [
                    783.8078902229845, 
                    248.64493996569468
                ], 
                [
                    813.4476843910807, 
                    246.17495711835335
                ], 
                [
                    816.7409948542024, 
                    20.58319039451115
                ]
            ], 
            "user": "daid", 
            "verified": 0
        }, 
        {
            "date": "09-Apr-2018 23:49:32", 
            "deleted": 0, 
            "draw": true, 
            "id": 22, 
            "label": "building", 
            "polygon": [
                [
                    467.6500857632933, 
                    160.54888507718695
                ], 
                [
                    467.6500857632933, 
                    219.82847341337907
                ], 
                [
                    521.1663807890222, 
                    214.06518010291595
                ], 
                [
                    521.9897084048027, 
                    165.48885077186964
                ], 
                [
                    517.0497427101201, 
                    167.95883361921096
                ], 
                [
                    510.4631217838765, 
                    166.31217838765008
                ], 
                [
                    508.8164665523156, 
                    158.90222984562607
                ], 
                [
                    510.4631217838765, 
                    149.84562607204117
                ], 
                [
                    514.5797598627787, 
                    146.55231560891937
                ], 
                [
                    519.5197255574614, 
                    154.78559176672385
                ], 
                [
                    521.1663807890222, 
                    156.43224699828474
                ], 
                [
                    522.8130360205832, 
                    136.67238421955403
                ], 
                [
                    495.64322469982847, 
                    147.37564322469981
                ]
            ], 
            "user": "daid", 
            "verified": 0
        }, 
        {
            "date": "09-Apr-2018 23:55:26", 
            "deleted": 0, 
            "draw": true, 
            "id": 23, 
            "label": "building", 
            "polygon": [
                [
                    366.3807890222985, 
                    133.37907375643223
                ], 
                [
                    412.4871355060034, 
                    139.14236706689536
                ], 
                [
                    428.1303602058319, 
                    159.7255574614065
                ], 
                [
                    429.7770154373928, 
                    194.30531732418524
                ], 
                [
                    420.7204116638079, 
                    209.12521440823326
                ], 
                [
                    413.31046312178387, 
                    222.2984562607204
                ], 
                [
                    363.9108061749571, 
                    220.65180102915951
                ], 
                [
                    354.0308747855918, 
                    219.00514579759863
                ]
            ], 
            "user": "daid", 
            "verified": 0
        }
    ]
}