{
    "imgHeight": 1080, 
    "imgWidth": 1920, 
    "objects": [
        {
            "date": "15-Nov-2018 16:52:36", 
            "deleted": 0, 
            "draw": true, 
            "id": 0, 
            "label": "car", 
            "polygon": [
                [
                    1162.0725388601036, 
                    764.7668393782384
                ], 
                [
                    1214.300518134715, 
                    768.4974093264249
                ], 
                [
                    1221.761658031088, 
                    777.8238341968912
                ], 
                [
                    1236.6839378238342, 
                    777.8238341968912
                ], 
                [
                    1238.5492227979275, 
                    734.9222797927462
                ], 
                [
                    1229.2227979274612, 
                    714.4041450777203
                ], 
                [
                    1218.0310880829015, 
                    703.2124352331606
                ], 
                [
                    1195.6476683937824, 
                    695.7512953367876
                ], 
                [
                    1160.2072538860104, 
                    695.7512953367876
                ], 
                [
                    1143.419689119171, 
                    695.7512953367876
                ], 
                [
                    1130.3626943005181, 
                    712.5388601036269
                ], 
                [
                    1119.1709844559587, 
                    712.5388601036269
                ], 
                [
                    1119.1709844559587, 
                    718.1347150259068
                ], 
                [
                    1117.3056994818653, 
                    729.3264248704663
                ], 
                [
                    1117.3056994818653, 
                    749.8445595854922
                ], 
                [
                    1117.3056994818653, 
                    762.9015544041451
                ], 
                [
                    1134.0932642487046, 
                    768.4974093264249
                ]
            ], 
            "user": "daid", 
            "verified": 0
        }, 
        {
            "date": "15-Nov-2018 16:53:22", 
            "deleted": 0, 
            "draw": true, 
            "id": 1, 
            "label": "car", 
            "polygon": [
                [
                    443.93782383419693, 
                    800.2072538860103
                ], 
                [
                    578.238341968912, 
                    800.2072538860103
                ], 
                [
                    593.160621761658, 
                    813.2642487046633
                ], 
                [
                    617.4093264248705, 
                    796.4766839378239
                ], 
                [
                    656.5803108808291, 
                    779.6891191709844
                ], 
                [
                    677.098445595855, 
                    781.5544041450778
                ], 
                [
                    678.9637305699482, 
                    772.2279792746115
                ], 
                [
                    688.2901554404145, 
                    768.4974093264249
                ], 
                [
                    682.6943005181347, 
                    723.7305699481866
                ], 
                [
                    652.8497409326425, 
                    699.4818652849741
                ], 
                [
                    626.7357512953369, 
                    688.2901554404145
                ], 
                [
                    526.0103626943005, 
                    686.4248704663213
                ], 
                [
                    468.18652849740937, 
                    734.9222797927462
                ], 
                [
                    442.07253886010363, 
                    736.7875647668394
                ], 
                [
                    434.6113989637306, 
                    747.979274611399
                ], 
                [
                    429.01554404145077, 
                    761.0362694300518
                ], 
                [
                    438.3419689119171, 
                    762.9015544041451
                ], 
                [
                    434.6113989637306, 
                    800.2072538860103
                ]
            ], 
            "user": "daid", 
            "verified": 0
        }, 
        {
            "date": "15-Nov-2018 16:53:46", 
            "deleted": 0, 
            "draw": true, 
            "id": 2, 
            "label": "car", 
            "polygon": [
                [
                    772.2279792746115, 
                    744.2487046632125
                ], 
                [
                    740.5181347150259, 
                    742.3834196891193
                ], 
                [
                    731.1917098445596, 
                    731.1917098445596
                ], 
                [
                    738.6528497409327, 
                    712.5388601036269
                ], 
                [
                    747.979274611399, 
                    706.9430051813472
                ], 
                [
                    751.7098445595855, 
                    693.8860103626944
                ], 
                [
                    753.5751295336788, 
                    686.4248704663213
                ], 
                [
                    800.2072538860103, 
                    686.4248704663213
                ], 
                [
                    813.2642487046633, 
                    695.7512953367876
                ], 
                [
                    822.5906735751296, 
                    701.3471502590673
                ], 
                [
                    822.5906735751296, 
                    723.7305699481866
                ], 
                [
                    822.5906735751296, 
                    738.6528497409327
                ], 
                [
                    813.2642487046633, 
                    738.6528497409327
                ], 
                [
                    811.39896373057, 
                    740.5181347150259
                ], 
                [
                    798.3419689119171, 
                    744.2487046632125
                ], 
                [
                    783.419689119171, 
                    744.2487046632125
                ]
            ], 
            "user": "daid", 
            "verified": 0
        }, 
        {
            "date": "15-Nov-2018 16:54:01", 
            "deleted": 0, 
            "draw": true, 
            "id": 3, 
            "label": "car", 
            "polygon": [
                [
                    878.5492227979275, 
                    720.0
                ], 
                [
                    895.3367875647668, 
                    720.0
                ], 
                [
                    902.7979274611399, 
                    720.0
                ], 
                [
                    915.8549222797927, 
                    701.3471502590673
                ], 
                [
                    904.6632124352332, 
                    682.6943005181347
                ], 
                [
                    882.279792746114, 
                    682.6943005181347
                ], 
                [
                    871.0880829015545, 
                    686.4248704663213
                ], 
                [
                    863.6269430051814, 
                    699.4818652849741
                ], 
                [
                    863.6269430051814, 
                    710.6735751295337
                ]
            ], 
            "user": "daid", 
            "verified": 0
        }, 
        {
            "date": "15-Nov-2018 16:55:15", 
            "deleted": 0, 
            "draw": true, 
            "id": 4, 
            "label": "road", 
            "polygon": [
                [
                    0.0, 
                    830.0518134715027
                ], 
                [
                    205.18134715025909, 
                    803.9378238341969
                ], 
                [
                    309.6373056994819, 
                    785.2849740932643
                ], 
                [
                    414.09326424870466, 
                    768.4974093264249
                ], 
                [
                    438.3419689119171, 
                    764.7668393782384
                ], 
                [
                    436.47668393782385, 
                    798.3419689119171
                ], 
                [
                    574.5077720207254, 
                    802.0725388601037
                ], 
                [
                    598.7564766839379, 
                    811.39896373057
                ], 
                [
                    649.119170984456, 
                    792.7461139896374
                ], 
                [
                    690.1554404145078, 
                    781.5544041450778
                ], 
                [
                    693.8860103626944, 
                    757.3056994818653
                ], 
                [
                    692.020725388601, 
                    744.2487046632125
                ], 
                [
                    690.1554404145078, 
                    738.6528497409327
                ], 
                [
                    727.4611398963731, 
                    731.1917098445596
                ], 
                [
                    746.1139896373057, 
                    746.1139896373057
                ], 
                [
                    781.5544041450778, 
                    744.2487046632125
                ], 
                [
                    811.39896373057, 
                    744.2487046632125
                ], 
                [
                    826.3212435233161, 
                    742.3834196891193
                ], 
                [
                    826.3212435233161, 
                    725.5958549222798
                ], 
                [
                    828.1865284974093, 
                    718.1347150259068
                ], 
                [
                    854.300518134715, 
                    712.5388601036269
                ], 
                [
                    863.6269430051814, 
                    710.6735751295337
                ], 
                [
                    878.5492227979275, 
                    720.0
                ], 
                [
                    900.9326424870467, 
                    718.1347150259068
                ], 
                [
                    921.4507772020726, 
                    716.2694300518135
                ], 
                [
                    945.699481865285, 
                    706.9430051813472
                ], 
                [
                    956.8911917098446, 
                    706.9430051813472
                ], 
                [
                    973.6787564766839, 
                    706.9430051813472
                ], 
                [
                    981.139896373057, 
                    699.4818652849741
                ], 
                [
                    999.7927461139897, 
                    695.7512953367876
                ], 
                [
                    1025.9067357512954, 
                    695.7512953367876
                ], 
                [
                    1046.4248704663212, 
                    708.8082901554404
                ], 
                [
                    1066.9430051813472, 
                    721.8652849740932
                ], 
                [
                    1091.1917098445597, 
                    731.1917098445596
                ], 
                [
                    1107.979274611399, 
                    736.7875647668394
                ], 
                [
                    1117.3056994818653, 
                    736.7875647668394
                ], 
                [
                    1117.3056994818653, 
                    762.9015544041451
                ], 
                [
                    1128.497409326425, 
                    766.6321243523316
                ], 
                [
                    1152.7461139896373, 
                    770.3626943005181
                ], 
                [
                    1188.1865284974094, 
                    770.3626943005181
                ], 
                [
                    1218.0310880829015, 
                    772.2279792746115
                ], 
                [
                    1238.5492227979275, 
                    781.5544041450778
                ], 
                [
                    1240.4145077720207, 
                    761.0362694300518
                ], 
                [
                    1259.0673575129533, 
                    761.0362694300518
                ], 
                [
                    1917.5129533678758, 
                    938.238341968912
                ], 
                [
                    1919.0, 
                    1072.538860103627
                ], 
                [
                    1919.0, 
                    1079.0
                ], 
                [
                    0.0, 
                    1079.0
                ]
            ], 
            "user": "daid", 
            "verified": 0
        }, 
        {
            "date": "15-Nov-2018 19:08:29", 
            "deleted": 0, 
            "draw": true, 
            "id": 5, 
            "label": "sidewalk", 
            "polygon": [
                [
                    1449.3264248704663, 
                    753.5751295336788
                ], 
                [
                    1490.3626943005181, 
                    757.3056994818653
                ], 
                [
                    1533.2642487046633, 
                    755.4404145077721
                ], 
                [
                    1570.5699481865286, 
                    759.1709844559585
                ], 
                [
                    1619.0673575129533, 
                    757.3056994818653
                ], 
                [
                    1669.4300518134717, 
                    761.0362694300518
                ], 
                [
                    1710.4663212435235, 
                    761.0362694300518
                ], 
                [
                    1762.6943005181347, 
                    766.6321243523316
                ], 
                [
                    1805.5958549222798, 
                    762.9015544041451
                ], 
                [
                    1842.9015544041451, 
                    768.4974093264249
                ], 
                [
                    1872.7461139896375, 
                    768.4974093264249
                ], 
                [
                    1902.5906735751296, 
                    768.4974093264249
                ], 
                [
                    1911.917098445596, 
                    768.4974093264249
                ], 
                [
                    1915.6476683937824, 
                    930.7772020725389
                ], 
                [
                    1441.8652849740934, 
                    800.2072538860103
                ]
            ], 
            "user": "daid", 
            "verified": 0
        }, 
        {
            "date": "15-Nov-2018 20:01:10", 
            "deleted": 0, 
            "draw": true, 
            "id": 6, 
            "label": "sidewalk", 
            "polygon": [
                [
                    1240.4145077720207, 
                    720.0
                ], 
                [
                    1268.3937823834196, 
                    723.7305699481866
                ], 
                [
                    1301.9689119170985, 
                    725.5958549222798
                ], 
                [
                    1322.4870466321245, 
                    734.9222797927462
                ], 
                [
                    1361.658031088083, 
                    746.1139896373057
                ], 
                [
                    1398.9637305699482, 
                    751.7098445595855
                ], 
                [
                    1408.2901554404145, 
                    753.5751295336788
                ], 
                [
                    1426.9430051813472, 
                    764.7668393782384
                ], 
                [
                    1449.3264248704663, 
                    757.3056994818653
                ], 
                [
                    1438.1347150259069, 
                    800.2072538860103
                ], 
                [
                    1350.4663212435235, 
                    777.8238341968912
                ], 
                [
                    1292.6424870466321, 
                    761.0362694300518
                ], 
                [
                    1257.2020725388602, 
                    755.4404145077721
                ], 
                [
                    1242.279792746114, 
                    755.4404145077721
                ]
            ], 
            "user": "daid", 
            "verified": 0
        }, 
        {
            "date": "15-Nov-2018 20:29:59", 
            "deleted": 0, 
            "draw": true, 
            "id": 7, 
            "label": "wall", 
            "polygon": [
                [
                    1236.6839378238342, 
                    712.5388601036269
                ], 
                [
                    1287.0466321243523, 
                    721.8652849740932
                ], 
                [
                    1331.8134715025908, 
                    721.8652849740932
                ], 
                [
                    1385.9067357512954, 
                    731.1917098445596
                ], 
                [
                    1404.559585492228, 
                    733.0569948186529
                ], 
                [
                    1413.8860103626944, 
                    736.7875647668394
                ], 
                [
                    1412.020725388601, 
                    662.1761658031088
                ], 
                [
                    1350.4663212435235, 
                    665.9067357512954
                ], 
                [
                    1285.1813471502592, 
                    667.7720207253886
                ], 
                [
                    1242.279792746114, 
                    667.7720207253886
                ], 
                [
                    1218.0310880829015, 
                    667.7720207253886
                ], 
                [
                    1191.917098445596, 
                    667.7720207253886
                ], 
                [
                    1191.917098445596, 
                    692.020725388601
                ], 
                [
                    1212.4352331606217, 
                    692.020725388601
                ]
            ], 
            "user": "daid", 
            "verified": 0
        }
    ]
}