{
    "imgHeight": 1080, 
    "imgWidth": 1920, 
    "objects": [
        {
            "date": "15-Nov-2018 17:48:48", 
            "deleted": 0, 
            "draw": true, 
            "id": 0, 
            "label": "bus", 
            "polygon": [
                [
                    684.559585492228, 
                    738.6528497409327
                ], 
                [
                    839.378238341969, 
                    742.3834196891193
                ], 
                [
                    850.5699481865286, 
                    727.4611398963731
                ], 
                [
                    846.839378238342, 
                    706.9430051813472
                ], 
                [
                    850.5699481865286, 
                    678.9637305699482
                ], 
                [
                    848.7046632124352, 
                    669.6373056994819
                ], 
                [
                    844.9740932642487, 
                    570.7772020725389
                ], 
                [
                    721.8652849740932, 
                    553.9896373056995
                ], 
                [
                    673.3678756476684, 
                    587.5647668393783
                ], 
                [
                    660.3108808290156, 
                    604.3523316062176
                ], 
                [
                    656.5803108808291, 
                    617.4093264248705
                ], 
                [
                    649.119170984456, 
                    714.4041450777203
                ], 
                [
                    667.7720207253886, 
                    725.5958549222798
                ]
            ], 
            "user": "daid", 
            "verified": 0
        }, 
        {
            "date": "15-Nov-2018 17:49:49", 
            "deleted": 0, 
            "draw": true, 
            "id": 1, 
            "label": "road", 
            "polygon": [
                [
                    0.0, 
                    818.860103626943
                ], 
                [
                    74.61139896373058, 
                    811.39896373057
                ], 
                [
                    175.33678756476684, 
                    798.3419689119171
                ], 
                [
                    300.31088082901556, 
                    774.0932642487047
                ], 
                [
                    421.55440414507774, 
                    757.3056994818653
                ], 
                [
                    499.89637305699483, 
                    749.8445595854922
                ], 
                [
                    505.4922279792746, 
                    731.1917098445596
                ], 
                [
                    486.83937823834196, 
                    714.4041450777203
                ], 
                [
                    438.3419689119171, 
                    712.5388601036269
                ], 
                [
                    432.7461139896373, 
                    706.9430051813472
                ], 
                [
                    460.7253886010363, 
                    699.4818652849741
                ], 
                [
                    509.22279792746116, 
                    703.2124352331606
                ], 
                [
                    580.1036269430052, 
                    710.6735751295337
                ], 
                [
                    652.8497409326425, 
                    718.1347150259068
                ], 
                [
                    688.2901554404145, 
                    742.3834196891193
                ], 
                [
                    830.0518134715027, 
                    747.979274611399
                ], 
                [
                    848.7046632124352, 
                    744.2487046632125
                ], 
                [
                    856.1658031088083, 
                    725.5958549222798
                ], 
                [
                    874.8186528497409, 
                    723.7305699481866
                ], 
                [
                    915.8549222797927, 
                    716.2694300518135
                ], 
                [
                    955.0259067357513, 
                    703.2124352331606
                ], 
                [
                    1001.6580310880829, 
                    699.4818652849741
                ], 
                [
                    1024.041450777202, 
                    727.4611398963731
                ], 
                [
                    1055.7512953367875, 
                    772.2279792746115
                ], 
                [
                    1109.8445595854923, 
                    831.9170984455959
                ], 
                [
                    1204.9740932642487, 
                    928.9119170984457
                ], 
                [
                    1301.9689119170985, 
                    1042.6943005181347
                ], 
                [
                    1331.8134715025908, 
                    1076.2694300518135
                ], 
                [
                    0.0, 
                    1079.0
                ]
            ], 
            "user": "daid", 
            "verified": 0
        }, 
        {
            "date": "15-Nov-2018 17:50:02", 
            "deleted": 0, 
            "draw": true, 
            "id": 2, 
            "label": "traffic light", 
            "polygon": [
                [
                    893.4715025906736, 
                    550.259067357513
                ], 
                [
                    913.9896373056995, 
                    550.259067357513
                ], 
                [
                    913.9896373056995, 
                    501.7616580310881
                ], 
                [
                    889.7409326424871, 
                    501.7616580310881
                ]
            ], 
            "user": "daid", 
            "verified": 0
        }, 
        {
            "date": "15-Nov-2018 17:50:13", 
            "deleted": 0, 
            "draw": true, 
            "id": 3, 
            "label": "traffic light", 
            "polygon": [
                [
                    979.2746113989638, 
                    550.259067357513
                ], 
                [
                    1003.5233160621761, 
                    550.259067357513
                ], 
                [
                    1001.6580310880829, 
                    494.30051813471505
                ], 
                [
                    973.6787564766839, 
                    494.30051813471505
                ]
            ], 
            "user": "daid", 
            "verified": 0
        }, 
        {
            "date": "15-Nov-2018 17:50:24", 
            "deleted": 0, 
            "draw": true, 
            "id": 4, 
            "label": "traffic light", 
            "polygon": [
                [
                    1068.8082901554405, 
                    652.8497409326425
                ], 
                [
                    1100.518134715026, 
                    654.7150259067357
                ], 
                [
                    1100.518134715026, 
                    611.8134715025907
                ], 
                [
                    1068.8082901554405, 
                    609.9481865284974
                ]
            ], 
            "user": "daid", 
            "verified": 0
        }, 
        {
            "date": "15-Nov-2018 17:51:05", 
            "deleted": 0, 
            "draw": true, 
            "id": 5, 
            "label": "sidewalk", 
            "polygon": [
                [
                    302.1761658031088, 
                    703.2124352331606
                ], 
                [
                    414.09326424870466, 
                    714.4041450777203
                ], 
                [
                    423.419689119171, 
                    729.3264248704663
                ], 
                [
                    427.1502590673575, 
                    718.1347150259068
                ], 
                [
                    451.39896373056996, 
                    718.1347150259068
                ], 
                [
                    490.5699481865285, 
                    720.0
                ], 
                [
                    503.6269430051814, 
                    733.0569948186529
                ], 
                [
                    481.2435233160622, 
                    749.8445595854922
                ], 
                [
                    410.36269430051817, 
                    757.3056994818653
                ], 
                [
                    302.1761658031088, 
                    772.2279792746115
                ], 
                [
                    221.96891191709847, 
                    783.419689119171
                ], 
                [
                    106.32124352331607, 
                    800.2072538860103
                ], 
                [
                    41.03626943005182, 
                    809.5336787564767
                ], 
                [
                    0.0, 
                    818.860103626943
                ], 
                [
                    0.0, 
                    746.1139896373057
                ], 
                [
                    85.80310880829016, 
                    744.2487046632125
                ], 
                [
                    132.43523316062178, 
                    744.2487046632125
                ], 
                [
                    180.93264248704665, 
                    746.1139896373057
                ], 
                [
                    208.9119170984456, 
                    749.8445595854922
                ], 
                [
                    244.35233160621763, 
                    738.6528497409327
                ], 
                [
                    279.79274611398966, 
                    738.6528497409327
                ], 
                [
                    283.52331606217615, 
                    720.0
                ]
            ], 
            "user": "daid", 
            "verified": 0
        }, 
        {
            "date": "15-Nov-2018 17:51:49", 
            "deleted": 0, 
            "draw": true, 
            "id": 6, 
            "label": "building", 
            "polygon": [
                [
                    3.7305699481865284, 
                    742.3834196891193
                ], 
                [
                    128.70466321243524, 
                    742.3834196891193
                ], 
                [
                    207.04663212435233, 
                    749.8445595854922
                ], 
                [
                    248.08290155440415, 
                    738.6528497409327
                ], 
                [
                    283.52331606217615, 
                    740.5181347150259
                ], 
                [
                    287.2538860103627, 
                    725.5958549222798
                ], 
                [
                    304.0414507772021, 
                    703.2124352331606
                ], 
                [
                    318.9637305699482, 
                    581.9689119170985
                ], 
                [
                    326.42487046632124, 
                    526.0103626943005
                ], 
                [
                    337.61658031088086, 
                    468.18652849740937
                ], 
                [
                    356.26943005181346, 
                    451.39896373056996
                ], 
                [
                    376.7875647668394, 
                    401.03626943005185
                ], 
                [
                    376.7875647668394, 
                    346.9430051813472
                ], 
                [
                    376.7875647668394, 
                    253.67875647668396
                ], 
                [
                    393.57512953367876, 
                    199.58549222797927
                ], 
                [
                    391.7098445595855, 
                    147.3575129533679
                ], 
                [
                    406.63212435233163, 
                    57.82383419689119
                ], 
                [
                    404.76683937823833, 
                    3.7305699481865284
                ], 
                [
                    0.0, 
                    0.0
                ]
            ], 
            "user": "daid", 
            "verified": 0
        }, 
        {
            "date": "15-Nov-2018 18:33:14", 
            "deleted": 0, 
            "draw": true, 
            "id": 7, 
            "label": "sidewalk", 
            "polygon": [
                [
                    1009.119170984456, 
                    701.3471502590673
                ], 
                [
                    1042.6943005181347, 
                    708.8082901554404
                ], 
                [
                    1055.7512953367875, 
                    708.8082901554404
                ], 
                [
                    1052.020725388601, 
                    738.6528497409327
                ], 
                [
                    1052.020725388601, 
                    753.5751295336788
                ]
            ], 
            "user": "daid", 
            "verified": 0
        }, 
        {
            "date": "15-Nov-2018 18:34:20", 
            "deleted": 0, 
            "draw": true, 
            "id": 8, 
            "label": "sidewalk", 
            "polygon": [
                [
                    1063.2124352331607, 
                    718.1347150259068
                ], 
                [
                    1061.3471502590673, 
                    770.3626943005181
                ], 
                [
                    1339.2746113989638, 
                    1079.0
                ], 
                [
                    1566.839378238342, 
                    1079.0
                ], 
                [
                    1561.2435233160622, 
                    900.9326424870467
                ], 
                [
                    1367.2538860103627, 
                    818.860103626943
                ], 
                [
                    1380.3108808290156, 
                    1003.5233160621761
                ], 
                [
                    1356.062176165803, 
                    1005.3886010362695
                ], 
                [
                    1344.8704663212436, 
                    815.1295336787565
                ], 
                [
                    1264.6632124352332, 
                    777.8238341968912
                ], 
                [
                    1266.5284974093265, 
                    900.9326424870467
                ], 
                [
                    1249.740932642487, 
                    900.9326424870467
                ], 
                [
                    1244.1450777202074, 
                    781.5544041450778
                ], 
                [
                    1167.6683937823834, 
                    749.8445595854922
                ], 
                [
                    1167.6683937823834, 
                    830.0518134715027
                ], 
                [
                    1150.8808290155441, 
                    828.1865284974093
                ], 
                [
                    1152.7461139896373, 
                    759.1709844559585
                ], 
                [
                    1117.3056994818653, 
                    744.2487046632125
                ], 
                [
                    1117.3056994818653, 
                    790.8808290155441
                ], 
                [
                    1107.979274611399, 
                    787.1502590673575
                ], 
                [
                    1107.979274611399, 
                    753.5751295336788
                ], 
                [
                    1093.0569948186528, 
                    736.7875647668394
                ], 
                [
                    1091.1917098445597, 
                    766.6321243523316
                ], 
                [
                    1080.0, 
                    762.9015544041451
                ], 
                [
                    1080.0, 
                    729.3264248704663
                ], 
                [
                    1076.2694300518135, 
                    731.1917098445596
                ], 
                [
                    1074.4041450777202, 
                    759.1709844559585
                ]
            ], 
            "user": "daid", 
            "verified": 0
        }, 
        {
            "date": "15-Nov-2018 18:34:35", 
            "deleted": 0, 
            "draw": true, 
            "id": 9, 
            "label": "pole", 
            "polygon": [
                [
                    1359.7927461139898, 
                    1001.6580310880829
                ], 
                [
                    1382.176165803109, 
                    1003.5233160621761
                ], 
                [
                    1359.7927461139898, 
                    785.2849740932643
                ], 
                [
                    1346.7357512953367, 
                    783.419689119171
                ]
            ], 
            "user": "daid", 
            "verified": 0
        }, 
        {
            "date": "15-Nov-2018 18:34:47", 
            "deleted": 0, 
            "draw": true, 
            "id": 10, 
            "label": "pole", 
            "polygon": [
                [
                    1253.4715025906737, 
                    899.0673575129534
                ], 
                [
                    1259.0673575129533, 
                    899.0673575129534
                ], 
                [
                    1259.0673575129533, 
                    749.8445595854922
                ], 
                [
                    1240.4145077720207, 
                    751.7098445595855
                ]
            ], 
            "user": "daid", 
            "verified": 0
        }, 
        {
            "date": "15-Nov-2018 18:35:01", 
            "deleted": 0, 
            "draw": true, 
            "id": 11, 
            "label": "pole", 
            "polygon": [
                [
                    1156.476683937824, 
                    826.3212435233161
                ], 
                [
                    1167.6683937823834, 
                    826.3212435233161
                ], 
                [
                    1167.6683937823834, 
                    733.0569948186529
                ], 
                [
                    1154.6113989637306, 
                    729.3264248704663
                ], 
                [
                    1154.6113989637306, 
                    822.5906735751296
                ]
            ], 
            "user": "daid", 
            "verified": 0
        }, 
        {
            "date": "15-Nov-2018 18:35:11", 
            "deleted": 0, 
            "draw": true, 
            "id": 12, 
            "label": "pole", 
            "polygon": [
                [
                    1109.8445595854923, 
                    790.8808290155441
                ], 
                [
                    1115.440414507772, 
                    790.8808290155441
                ], 
                [
                    1117.3056994818653, 
                    718.1347150259068
                ], 
                [
                    1109.8445595854923, 
                    718.1347150259068
                ]
            ], 
            "user": "daid", 
            "verified": 0
        }, 
        {
            "date": "15-Nov-2018 18:35:21", 
            "deleted": 0, 
            "draw": true, 
            "id": 13, 
            "label": "pole", 
            "polygon": [
                [
                    1083.7305699481865, 
                    764.7668393782384
                ], 
                [
                    1091.1917098445597, 
                    764.7668393782384
                ], 
                [
                    1093.0569948186528, 
                    712.5388601036269
                ], 
                [
                    1087.4611398963732, 
                    712.5388601036269
                ]
            ], 
            "user": "daid", 
            "verified": 0
        }, 
        {
            "date": "15-Nov-2018 18:35:30", 
            "deleted": 0, 
            "draw": true, 
            "id": 14, 
            "label": "pole", 
            "polygon": [
                [
                    1076.2694300518135, 
                    738.6528497409327
                ], 
                [
                    1074.4041450777202, 
                    706.9430051813472
                ]
            ], 
            "user": "daid", 
            "verified": 0
        }, 
        {
            "date": "15-Nov-2018 18:35:53", 
            "deleted": 0, 
            "draw": true, 
            "id": 15, 
            "label": "road", 
            "polygon": [
                [
                    307.7720207253886, 
                    680.8290155440415
                ], 
                [
                    421.55440414507774, 
                    695.7512953367876
                ], 
                [
                    421.55440414507774, 
                    718.1347150259068
                ], 
                [
                    399.17098445595855, 
                    708.8082901554404
                ], 
                [
                    332.020725388601, 
                    703.2124352331606
                ], 
                [
                    302.1761658031088, 
                    703.2124352331606
                ]
            ], 
            "user": "daid", 
            "verified": 0
        }, 
        {
            "date": "15-Nov-2018 18:36:13", 
            "deleted": 0, 
            "draw": true, 
            "id": 16, 
            "label": "sidewalk", 
            "polygon": [
                [
                    598.7564766839379, 
                    692.020725388601
                ], 
                [
                    619.2746113989638, 
                    695.7512953367876
                ], 
                [
                    639.7927461139897, 
                    690.1554404145078
                ], 
                [
                    645.3886010362695, 
                    690.1554404145078
                ], 
                [
                    643.5233160621761, 
                    710.6735751295337
                ], 
                [
                    608.0829015544042, 
                    706.9430051813472
                ], 
                [
                    596.8911917098446, 
                    705.077720207254
                ]
            ], 
            "user": "daid", 
            "verified": 0
        }, 
        {
            "date": "15-Nov-2018 18:36:31", 
            "deleted": 0, 
            "draw": true, 
            "id": 17, 
            "label": "sidewalk", 
            "polygon": [
                [
                    447.6683937823834, 
                    690.1554404145078
                ], 
                [
                    479.37823834196894, 
                    690.1554404145078
                ], 
                [
                    503.6269430051814, 
                    690.1554404145078
                ], 
                [
                    527.8756476683938, 
                    692.020725388601
                ], 
                [
                    557.720207253886, 
                    692.020725388601
                ], 
                [
                    585.699481865285, 
                    692.020725388601
                ], 
                [
                    585.699481865285, 
                    705.077720207254
                ], 
                [
                    527.8756476683938, 
                    697.6165803108809
                ], 
                [
                    468.18652849740937, 
                    692.020725388601
                ]
            ], 
            "user": "daid", 
            "verified": 0
        }, 
        {
            "date": "15-Nov-2018 18:37:58", 
            "deleted": 0, 
            "draw": true, 
            "id": 18, 
            "label": "bridge", 
            "polygon": [
                [
                    326.42487046632124, 
                    555.8549222797927
                ], 
                [
                    421.55440414507774, 
                    540.9326424870467
                ], 
                [
                    516.6839378238342, 
                    526.0103626943005
                ], 
                [
                    613.6787564766839, 
                    516.6839378238342
                ], 
                [
                    723.7305699481866, 
                    507.3575129533679
                ], 
                [
                    813.2642487046633, 
                    501.7616580310881
                ], 
                [
                    884.1450777202073, 
                    494.30051813471505
                ], 
                [
                    893.4715025906736, 
                    516.6839378238342
                ], 
                [
                    895.3367875647668, 
                    553.9896373056995
                ], 
                [
                    919.5854922279793, 
                    552.1243523316062
                ], 
                [
                    919.5854922279793, 
                    505.4922279792746
                ], 
                [
                    917.7202072538861, 
                    490.5699481865285
                ], 
                [
                    971.8134715025907, 
                    484.9740932642487
                ], 
                [
                    975.5440414507773, 
                    555.8549222797927
                ], 
                [
                    1005.3886010362695, 
                    552.1243523316062
                ], 
                [
                    1005.3886010362695, 
                    492.4352331606218
                ], 
                [
                    1007.2538860103627, 
                    483.1088082901555
                ], 
                [
                    1163.937823834197, 
                    475.6476683937824
                ], 
                [
                    1165.8031088082903, 
                    499.89637305699483
                ], 
                [
                    1141.5544041450778, 
                    511.0880829015544
                ], 
                [
                    1130.3626943005181, 
                    509.22279792746116
                ], 
                [
                    1063.2124352331607, 
                    511.0880829015544
                ], 
                [
                    1065.0777202072538, 
                    544.6632124352332
                ], 
                [
                    1132.2279792746115, 
                    540.9326424870467
                ], 
                [
                    1141.5544041450778, 
                    552.1243523316062
                ], 
                [
                    1121.0362694300518, 
                    559.5854922279793
                ], 
                [
                    850.5699481865286, 
                    578.238341968912
                ], 
                [
                    843.1088082901555, 
                    565.1813471502591
                ], 
                [
                    714.4041450777203, 
                    552.1243523316062
                ], 
                [
                    675.2331606217617, 
                    580.1036269430052
                ], 
                [
                    456.99481865284974, 
                    600.6217616580311
                ], 
                [
                    447.6683937823834, 
                    596.8911917098446
                ], 
                [
                    449.5336787564767, 
                    583.8341968911917
                ], 
                [
                    456.99481865284974, 
                    578.238341968912
                ], 
                [
                    456.99481865284974, 
                    570.7772020725389
                ], 
                [
                    423.419689119171, 
                    570.7772020725389
                ], 
                [
                    430.88082901554407, 
                    581.9689119170985
                ], 
                [
                    432.7461139896373, 
                    585.699481865285
                ], 
                [
                    421.55440414507774, 
                    595.0259067357513
                ], 
                [
                    313.3678756476684, 
                    611.8134715025907
                ]
            ], 
            "user": "daid", 
            "verified": 0
        }
    ]
}