{
    "imgHeight": 1080, 
    "imgWidth": 1920, 
    "objects": [
        {
            "date": "15-Nov-2018 18:03:17", 
            "deleted": 0, 
            "draw": true, 
            "id": 0, 
            "label": "traffic light", 
            "polygon": [
                [
                    1408.2901554404145, 
                    561.4507772020726
                ], 
                [
                    1467.979274611399, 
                    559.5854922279793
                ], 
                [
                    1456.7875647668395, 
                    401.03626943005185
                ], 
                [
                    1389.6373056994819, 
                    406.63212435233163
                ]
            ], 
            "user": "daid", 
            "verified": 0
        }, 
        {
            "date": "15-Nov-2018 18:03:35", 
            "deleted": 0, 
            "draw": true, 
            "id": 1, 
            "label": "traffic sign", 
            "polygon": [
                [
                    1356.062176165803, 
                    341.34715025906735
                ], 
                [
                    1361.658031088083, 
                    330.1554404145078
                ], 
                [
                    1370.9844559585492, 
                    317.0984455958549
                ], 
                [
                    1387.7720207253888, 
                    317.0984455958549
                ], 
                [
                    1413.8860103626944, 
                    313.3678756476684
                ], 
                [
                    1430.6735751295337, 
                    328.29015544041454
                ], 
                [
                    1430.6735751295337, 
                    341.34715025906735
                ], 
                [
                    1428.8082901554405, 
                    361.8652849740933
                ], 
                [
                    1415.7512953367875, 
                    369.3264248704663
                ], 
                [
                    1384.041450777202, 
                    380.5181347150259
                ], 
                [
                    1365.3886010362694, 
                    371.1917098445596
                ], 
                [
                    1356.062176165803, 
                    348.80829015544043
                ]
            ], 
            "user": "daid", 
            "verified": 0
        }, 
        {
            "date": "15-Nov-2018 18:04:09", 
            "deleted": 0, 
            "draw": true, 
            "id": 2, 
            "label": "car", 
            "polygon": [
                [
                    264.87046632124355, 
                    775.958549222798
                ], 
                [
                    315.23316062176167, 
                    777.8238341968912
                ], 
                [
                    328.29015544041454, 
                    785.2849740932643
                ], 
                [
                    350.6735751295337, 
                    781.5544041450778
                ], 
                [
                    352.538860103627, 
                    766.6321243523316
                ], 
                [
                    374.9222797927461, 
                    761.0362694300518
                ], 
                [
                    376.7875647668394, 
                    775.958549222798
                ], 
                [
                    387.979274611399, 
                    774.0932642487047
                ], 
                [
                    395.44041450777206, 
                    746.1139896373057
                ], 
                [
                    397.3056994818653, 
                    712.5388601036269
                ], 
                [
                    378.65284974093265, 
                    701.3471502590673
                ], 
                [
                    356.26943005181346, 
                    695.7512953367876
                ], 
                [
                    313.3678756476684, 
                    697.6165803108809
                ], 
                [
                    292.8497409326425, 
                    697.6165803108809
                ], 
                [
                    264.87046632124355, 
                    721.8652849740932
                ], 
                [
                    246.2176165803109, 
                    734.9222797927462
                ], 
                [
                    236.89119170984458, 
                    746.1139896373057
                ], 
                [
                    236.89119170984458, 
                    753.5751295336788
                ], 
                [
                    242.48704663212436, 
                    766.6321243523316
                ], 
                [
                    240.6217616580311, 
                    779.6891191709844
                ]
            ], 
            "user": "daid", 
            "verified": 0
        }, 
        {
            "date": "15-Nov-2018 18:04:53", 
            "deleted": 0, 
            "draw": true, 
            "id": 3, 
            "label": "train", 
            "polygon": [
                [
                    600.6217616580311, 
                    749.8445595854922
                ], 
                [
                    604.3523316062176, 
                    643.5233160621761
                ], 
                [
                    611.8134715025907, 
                    628.6010362694301
                ], 
                [
                    690.1554404145078, 
                    628.6010362694301
                ], 
                [
                    733.0569948186529, 
                    647.2538860103627
                ], 
                [
                    770.3626943005181, 
                    658.4455958549223
                ], 
                [
                    831.9170984455959, 
                    665.9067357512954
                ], 
                [
                    844.9740932642487, 
                    664.041450777202
                ], 
                [
                    843.1088082901555, 
                    677.098445595855
                ], 
                [
                    852.4352331606218, 
                    682.6943005181347
                ], 
                [
                    852.4352331606218, 
                    706.9430051813472
                ], 
                [
                    844.9740932642487, 
                    716.2694300518135
                ], 
                [
                    844.9740932642487, 
                    729.3264248704663
                ], 
                [
                    844.9740932642487, 
                    733.0569948186529
                ], 
                [
                    747.979274611399, 
                    738.6528497409327
                ], 
                [
                    727.4611398963731, 
                    738.6528497409327
                ], 
                [
                    693.8860103626944, 
                    751.7098445595855
                ]
            ], 
            "user": "daid", 
            "verified": 0
        }, 
        {
            "date": "15-Nov-2018 18:05:12", 
            "deleted": 0, 
            "draw": true, 
            "id": 4, 
            "label": "traffic sign", 
            "polygon": [
                [
                    850.5699481865286, 
                    680.8290155440415
                ], 
                [
                    863.6269430051814, 
                    678.9637305699482
                ], 
                [
                    869.2227979274612, 
                    664.041450777202
                ], 
                [
                    861.7616580310881, 
                    660.3108808290156
                ], 
                [
                    843.1088082901555, 
                    660.3108808290156
                ], 
                [
                    844.9740932642487, 
                    677.098445595855
                ]
            ], 
            "user": "daid", 
            "verified": 0
        }, 
        {
            "date": "15-Nov-2018 18:07:02", 
            "deleted": 0, 
            "draw": true, 
            "id": 5, 
            "label": "road", 
            "polygon": [
                [
                    848.7046632124352, 
                    761.0362694300518
                ], 
                [
                    878.5492227979275, 
                    762.9015544041451
                ], 
                [
                    908.3937823834198, 
                    744.2487046632125
                ], 
                [
                    940.1036269430052, 
                    733.0569948186529
                ], 
                [
                    938.238341968912, 
                    718.1347150259068
                ], 
                [
                    940.1036269430052, 
                    703.2124352331606
                ], 
                [
                    956.8911917098446, 
                    688.2901554404145
                ], 
                [
                    956.8911917098446, 
                    673.3678756476684
                ], 
                [
                    1010.9844559585492, 
                    680.8290155440415
                ], 
                [
                    1012.8497409326425, 
                    716.2694300518135
                ], 
                [
                    1018.4455958549223, 
                    727.4611398963731
                ], 
                [
                    1024.041450777202, 
                    753.5751295336788
                ], 
                [
                    1037.0984455958549, 
                    753.5751295336788
                ], 
                [
                    1061.3471502590673, 
                    751.7098445595855
                ], 
                [
                    1111.7098445595855, 
                    768.4974093264249
                ], 
                [
                    1162.0725388601036, 
                    775.958549222798
                ], 
                [
                    1229.2227979274612, 
                    783.419689119171
                ], 
                [
                    1247.8756476683939, 
                    783.419689119171
                ], 
                [
                    1247.8756476683939, 
                    813.2642487046633
                ], 
                [
                    1201.2435233160622, 
                    811.39896373057
                ], 
                [
                    1167.6683937823834, 
                    820.7253886010363
                ], 
                [
                    1132.2279792746115, 
                    828.1865284974093
                ], 
                [
                    1162.0725388601036, 
                    846.839378238342
                ], 
                [
                    1231.0880829015543, 
                    854.300518134715
                ], 
                [
                    1268.3937823834196, 
                    856.1658031088083
                ], 
                [
                    1301.9689119170985, 
                    861.7616580310881
                ], 
                [
                    1361.658031088083, 
                    854.300518134715
                ], 
                [
                    1398.9637305699482, 
                    844.9740932642487
                ], 
                [
                    1402.6943005181347, 
                    872.9533678756477
                ], 
                [
                    1367.2538860103627, 
                    880.4145077720208
                ], 
                [
                    1329.9481865284974, 
                    900.9326424870467
                ], 
                [
                    1292.6424870466321, 
                    927.0466321243524
                ], 
                [
                    1275.8549222797928, 
                    945.699481865285
                ], 
                [
                    1277.720207253886, 
                    977.4093264248705
                ], 
                [
                    1288.9119170984457, 
                    1003.5233160621761
                ], 
                [
                    1316.8911917098446, 
                    1038.9637305699482
                ], 
                [
                    1356.062176165803, 
                    1074.4041450777202
                ], 
                [
                    0.0, 
                    1079.0
                ], 
                [
                    0.0, 
                    802.0725388601037
                ], 
                [
                    0.0, 
                    749.8445595854922
                ], 
                [
                    14.922279792746114, 
                    746.1139896373057
                ], 
                [
                    63.41968911917099, 
                    746.1139896373057
                ], 
                [
                    128.70466321243524, 
                    746.1139896373057
                ], 
                [
                    197.72020725388603, 
                    746.1139896373057
                ], 
                [
                    238.75647668393782, 
                    742.3834196891193
                ], 
                [
                    233.16062176165804, 
                    759.1709844559585
                ], 
                [
                    236.89119170984458, 
                    783.419689119171
                ], 
                [
                    290.98445595854923, 
                    777.8238341968912
                ], 
                [
                    320.82901554404145, 
                    781.5544041450778
                ], 
                [
                    346.9430051813472, 
                    787.1502590673575
                ], 
                [
                    356.26943005181346, 
                    772.2279792746115
                ], 
                [
                    371.1917098445596, 
                    768.4974093264249
                ], 
                [
                    371.1917098445596, 
                    779.6891191709844
                ], 
                [
                    391.7098445595855, 
                    777.8238341968912
                ], 
                [
                    397.3056994818653, 
                    761.0362694300518
                ], 
                [
                    404.76683937823833, 
                    747.979274611399
                ], 
                [
                    436.47668393782385, 
                    747.979274611399
                ], 
                [
                    509.22279792746116, 
                    749.8445595854922
                ], 
                [
                    527.8756476683938, 
                    759.1709844559585
                ], 
                [
                    563.3160621761658, 
                    759.1709844559585
                ], 
                [
                    587.5647668393783, 
                    749.8445595854922
                ], 
                [
                    604.3523316062176, 
                    757.3056994818653
                ], 
                [
                    693.8860103626944, 
                    757.3056994818653
                ], 
                [
                    725.5958549222798, 
                    742.3834196891193
                ], 
                [
                    811.39896373057, 
                    736.7875647668394
                ], 
                [
                    843.1088082901555, 
                    736.7875647668394
                ]
            ], 
            "user": "daid", 
            "verified": 0
        }, 
        {
            "date": "15-Nov-2018 18:07:40", 
            "deleted": 0, 
            "draw": true, 
            "id": 6, 
            "label": "road", 
            "polygon": [
                [
                    1287.0466321243523, 
                    789.0155440414508
                ], 
                [
                    1393.3678756476684, 
                    794.6113989637306
                ], 
                [
                    1398.9637305699482, 
                    830.0518134715027
                ], 
                [
                    1296.3730569948186, 
                    822.5906735751296
                ]
            ], 
            "user": "daid", 
            "verified": 0
        }, 
        {
            "date": "15-Nov-2018 18:08:05", 
            "deleted": 0, 
            "draw": true, 
            "id": 7, 
            "label": "road", 
            "polygon": [
                [
                    1419.4818652849742, 
                    798.3419689119171
                ], 
                [
                    1426.9430051813472, 
                    871.0880829015545
                ], 
                [
                    1451.1917098445597, 
                    863.6269430051814
                ], 
                [
                    1475.4404145077722, 
                    861.7616580310881
                ], 
                [
                    1520.2072538860104, 
                    854.300518134715
                ], 
                [
                    1568.7046632124352, 
                    852.4352331606218
                ], 
                [
                    1624.6632124352332, 
                    848.7046632124352
                ], 
                [
                    1667.5647668393783, 
                    846.839378238342
                ], 
                [
                    1661.9689119170985, 
                    805.8031088082902
                ], 
                [
                    1637.720207253886, 
                    802.0725388601037
                ], 
                [
                    1604.1450777202074, 
                    802.0725388601037
                ], 
                [
                    1540.7253886010362, 
                    803.9378238341969
                ], 
                [
                    1497.8238341968913, 
                    802.0725388601037
                ], 
                [
                    1454.9222797927462, 
                    802.0725388601037
                ]
            ], 
            "user": "daid", 
            "verified": 0
        }, 
        {
            "date": "15-Nov-2018 18:08:19", 
            "deleted": 0, 
            "draw": true, 
            "id": 8, 
            "label": "road", 
            "polygon": [
                [
                    1682.4870466321245, 
                    803.9378238341969
                ], 
                [
                    1919.0, 
                    803.9378238341969
                ], 
                [
                    1919.0, 
                    841.2435233160622
                ], 
                [
                    1686.217616580311, 
                    846.839378238342
                ]
            ], 
            "user": "daid", 
            "verified": 0
        }, 
        {
            "date": "15-Nov-2018 18:09:13", 
            "deleted": 0, 
            "draw": true, 
            "id": 9, 
            "label": "sidewalk", 
            "polygon": [
                [
                    1350.4663212435235, 
                    1074.4041450777202
                ], 
                [
                    1287.0466321243523, 
                    992.3316062176166
                ], 
                [
                    1275.8549222797928, 
                    947.5647668393783
                ], 
                [
                    1313.1606217616581, 
                    912.1243523316062
                ], 
                [
                    1369.119170984456, 
                    882.279792746114
                ], 
                [
                    1397.0984455958549, 
                    874.8186528497409
                ], 
                [
                    1404.559585492228, 
                    904.6632124352332
                ], 
                [
                    1395.2331606217617, 
                    917.7202072538861
                ], 
                [
                    1402.6943005181347, 
                    928.9119170984457
                ], 
                [
                    1426.9430051813472, 
                    930.7772020725389
                ], 
                [
                    1441.8652849740934, 
                    930.7772020725389
                ], 
                [
                    1434.4041450777202, 
                    915.8549222797927
                ], 
                [
                    1430.6735751295337, 
                    908.3937823834198
                ], 
                [
                    1430.6735751295337, 
                    908.3937823834198
                ], 
                [
                    1430.6735751295337, 
                    891.6062176165804
                ], 
                [
                    1430.6735751295337, 
                    872.9533678756477
                ], 
                [
                    1460.518134715026, 
                    865.4922279792746
                ], 
                [
                    1509.0155440414508, 
                    859.8963730569949
                ], 
                [
                    1566.839378238342, 
                    858.0310880829015
                ], 
                [
                    1628.3937823834196, 
                    850.5699481865286
                ], 
                [
                    1671.2953367875648, 
                    846.839378238342
                ], 
                [
                    1673.1606217616581, 
                    856.1658031088083
                ], 
                [
                    1697.4093264248704, 
                    858.0310880829015
                ], 
                [
                    1691.8134715025908, 
                    841.2435233160622
                ], 
                [
                    1773.8860103626944, 
                    843.1088082901555
                ], 
                [
                    1831.7098445595855, 
                    846.839378238342
                ], 
                [
                    1906.321243523316, 
                    846.839378238342
                ], 
                [
                    1919.0, 
                    846.839378238342
                ], 
                [
                    1919.0, 
                    1079.0
                ]
            ], 
            "user": "daid", 
            "verified": 0
        }, 
        {
            "date": "15-Nov-2018 18:09:34", 
            "deleted": 0, 
            "draw": true, 
            "id": 10, 
            "label": "sidewalk", 
            "polygon": [
                [
                    872.9533678756477, 
                    731.1917098445596
                ], 
                [
                    889.7409326424871, 
                    731.1917098445596
                ], 
                [
                    893.4715025906736, 
                    731.1917098445596
                ], 
                [
                    893.4715025906736, 
                    742.3834196891193
                ], 
                [
                    906.5284974093264, 
                    738.6528497409327
                ], 
                [
                    895.3367875647668, 
                    751.7098445595855
                ], 
                [
                    884.1450777202073, 
                    755.4404145077721
                ], 
                [
                    871.0880829015545, 
                    755.4404145077721
                ], 
                [
                    859.8963730569949, 
                    755.4404145077721
                ], 
                [
                    861.7616580310881, 
                    742.3834196891193
                ], 
                [
                    861.7616580310881, 
                    738.6528497409327
                ]
            ], 
            "user": "daid", 
            "verified": 0
        }, 
        {
            "date": "15-Nov-2018 18:10:02", 
            "deleted": 0, 
            "draw": true, 
            "id": 11, 
            "label": "car", 
            "polygon": [
                [
                    455.1295336787565, 
                    738.6528497409327
                ], 
                [
                    481.2435233160622, 
                    738.6528497409327
                ], 
                [
                    499.89637305699483, 
                    746.1139896373057
                ], 
                [
                    520.4145077720208, 
                    738.6528497409327
                ], 
                [
                    531.6062176165804, 
                    738.6528497409327
                ], 
                [
                    533.4715025906736, 
                    718.1347150259068
                ], 
                [
                    522.279792746114, 
                    705.077720207254
                ], 
                [
                    494.30051813471505, 
                    699.4818652849741
                ], 
                [
                    473.78238341968915, 
                    699.4818652849741
                ], 
                [
                    462.59067357512953, 
                    706.9430051813472
                ], 
                [
                    447.6683937823834, 
                    712.5388601036269
                ], 
                [
                    440.2072538860104, 
                    720.0
                ], 
                [
                    447.6683937823834, 
                    727.4611398963731
                ]
            ], 
            "user": "daid", 
            "verified": 0
        }, 
        {
            "date": "15-Nov-2018 18:10:50", 
            "deleted": 0, 
            "draw": true, 
            "id": 12, 
            "label": "person", 
            "polygon": [
                [
                    1494.0932642487046, 
                    802.0725388601037
                ], 
                [
                    1505.2849740932643, 
                    772.2279792746115
                ], 
                [
                    1518.341968911917, 
                    796.4766839378239
                ], 
                [
                    1527.6683937823834, 
                    796.4766839378239
                ], 
                [
                    1516.476683937824, 
                    749.8445595854922
                ], 
                [
                    1527.6683937823834, 
                    747.979274611399
                ], 
                [
                    1527.6683937823834, 
                    731.1917098445596
                ], 
                [
                    1516.476683937824, 
                    712.5388601036269
                ], 
                [
                    1509.0155440414508, 
                    714.4041450777203
                ], 
                [
                    1507.1502590673576, 
                    695.7512953367876
                ], 
                [
                    1490.3626943005181, 
                    686.4248704663213
                ], 
                [
                    1488.497409326425, 
                    697.6165803108809
                ], 
                [
                    1492.2279792746115, 
                    705.077720207254
                ], 
                [
                    1482.9015544041451, 
                    710.6735751295337
                ], 
                [
                    1488.497409326425, 
                    721.8652849740932
                ], 
                [
                    1486.6321243523316, 
                    734.9222797927462
                ], 
                [
                    1488.497409326425, 
                    749.8445595854922
                ], 
                [
                    1471.7098445595855, 
                    764.7668393782384
                ], 
                [
                    1440.0, 
                    774.0932642487047
                ], 
                [
                    1445.5958549222798, 
                    794.6113989637306
                ], 
                [
                    1466.1139896373058, 
                    789.0155440414508
                ], 
                [
                    1479.1709844559587, 
                    779.6891191709844
                ], 
                [
                    1490.3626943005181, 
                    766.6321243523316
                ], 
                [
                    1490.3626943005181, 
                    798.3419689119171
                ]
            ], 
            "user": "daid", 
            "verified": 0
        }, 
        {
            "date": "15-Nov-2018 18:11:32", 
            "deleted": 0, 
            "draw": true, 
            "id": 13, 
            "label": "sidewalk", 
            "polygon": [
                [
                    1044.559585492228, 
                    734.9222797927462
                ], 
                [
                    1109.8445595854923, 
                    729.3264248704663
                ], 
                [
                    1113.5751295336788, 
                    740.5181347150259
                ], 
                [
                    1132.2279792746115, 
                    744.2487046632125
                ], 
                [
                    1160.2072538860104, 
                    744.2487046632125
                ], 
                [
                    1171.39896373057, 
                    762.9015544041451
                ], 
                [
                    1178.860103626943, 
                    751.7098445595855
                ], 
                [
                    1191.917098445596, 
                    749.8445595854922
                ], 
                [
                    1210.5699481865286, 
                    751.7098445595855
                ], 
                [
                    1249.740932642487, 
                    751.7098445595855
                ], 
                [
                    1249.740932642487, 
                    770.3626943005181
                ], 
                [
                    1249.740932642487, 
                    779.6891191709844
                ], 
                [
                    1219.896373056995, 
                    781.5544041450778
                ], 
                [
                    1182.5906735751296, 
                    777.8238341968912
                ], 
                [
                    1154.6113989637306, 
                    775.958549222798
                ], 
                [
                    1122.9015544041451, 
                    768.4974093264249
                ], 
                [
                    1091.1917098445597, 
                    761.0362694300518
                ], 
                [
                    1053.8860103626944, 
                    744.2487046632125
                ]
            ], 
            "user": "daid", 
            "verified": 0
        }, 
        {
            "date": "15-Nov-2018 18:11:45", 
            "deleted": 0, 
            "draw": true, 
            "id": 14, 
            "label": "sidewalk", 
            "polygon": [
                [
                    1287.0466321243523, 
                    762.9015544041451
                ], 
                [
                    1393.3678756476684, 
                    768.4974093264249
                ], 
                [
                    1393.3678756476684, 
                    790.8808290155441
                ], 
                [
                    1281.4507772020727, 
                    789.0155440414508
                ]
            ], 
            "user": "daid", 
            "verified": 0
        }, 
        {
            "date": "15-Nov-2018 18:11:57", 
            "deleted": 0, 
            "draw": true, 
            "id": 15, 
            "label": "sidewalk", 
            "polygon": [
                [
                    1680.6217616580311, 
                    772.2279792746115
                ], 
                [
                    1686.217616580311, 
                    805.8031088082902
                ], 
                [
                    1915.6476683937824, 
                    805.8031088082902
                ], 
                [
                    1919.0, 
                    772.2279792746115
                ]
            ], 
            "user": "daid", 
            "verified": 0
        }, 
        {
            "date": "15-Nov-2018 18:12:11", 
            "deleted": 0, 
            "draw": true, 
            "id": 16, 
            "label": "sidewalk", 
            "polygon": [
                [
                    1525.8031088082903, 
                    768.4974093264249
                ], 
                [
                    1663.8341968911918, 
                    772.2279792746115
                ], 
                [
                    1665.699481865285, 
                    800.2072538860103
                ], 
                [
                    1529.5336787564768, 
                    803.9378238341969
                ], 
                [
                    1523.937823834197, 
                    772.2279792746115
                ]
            ], 
            "user": "daid", 
            "verified": 0
        }, 
        {
            "date": "15-Nov-2018 20:21:39", 
            "deleted": 0, 
            "draw": true, 
            "id": 17, 
            "label": "building", 
            "polygon": [
                [
                    1162.0725388601036, 
                    742.3834196891193
                ], 
                [
                    1156.476683937824, 
                    667.7720207253886
                ], 
                [
                    1147.1502590673576, 
                    667.7720207253886
                ], 
                [
                    1147.1502590673576, 
                    632.3316062176166
                ], 
                [
                    1150.8808290155441, 
                    608.0829015544042
                ], 
                [
                    1173.2642487046633, 
                    608.0829015544042
                ], 
                [
                    1184.455958549223, 
                    738.6528497409327
                ], 
                [
                    1214.300518134715, 
                    736.7875647668394
                ], 
                [
                    1231.0880829015543, 
                    736.7875647668394
                ], 
                [
                    1253.4715025906737, 
                    738.6528497409327
                ], 
                [
                    1246.0103626943005, 
                    548.3937823834198
                ], 
                [
                    1244.1450777202074, 
                    531.6062176165804
                ], 
                [
                    1236.6839378238342, 
                    492.4352331606218
                ], 
                [
                    1277.720207253886, 
                    494.30051813471505
                ], 
                [
                    1268.3937823834196, 
                    514.8186528497409
                ], 
                [
                    1259.0673575129533, 
                    520.4145077720208
                ], 
                [
                    1266.5284974093265, 
                    733.0569948186529
                ], 
                [
                    1303.8341968911918, 
                    734.9222797927462
                ], 
                [
                    1288.9119170984457, 
                    179.06735751295338
                ], 
                [
                    1178.860103626943, 
                    339.4818652849741
                ], 
                [
                    1154.6113989637306, 
                    348.80829015544043
                ], 
                [
                    1134.0932642487046, 
                    356.26943005181346
                ], 
                [
                    1117.3056994818653, 
                    419.6891191709845
                ], 
                [
                    1098.6528497409327, 
                    470.0518134715026
                ], 
                [
                    1102.3834196891191, 
                    617.4093264248705
                ], 
                [
                    1126.6321243523316, 
                    617.4093264248705
                ], 
                [
                    1122.9015544041451, 
                    684.559585492228
                ], 
                [
                    1121.0362694300518, 
                    716.2694300518135
                ], 
                [
                    1119.1709844559587, 
                    727.4611398963731
                ], 
                [
                    1119.1709844559587, 
                    742.3834196891193
                ]
            ], 
            "user": "daid", 
            "verified": 0
        }, 
        {
            "date": "15-Nov-2018 20:22:27", 
            "deleted": 0, 
            "draw": true, 
            "id": 18, 
            "label": "building", 
            "polygon": [
                [
                    1686.217616580311, 
                    766.6321243523316
                ], 
                [
                    1919.0, 
                    774.0932642487047
                ], 
                [
                    1919.0, 
                    0.0
                ], 
                [
                    1454.9222797927462, 
                    0.0
                ], 
                [
                    1509.0155440414508, 
                    692.020725388601
                ], 
                [
                    1509.0155440414508, 
                    712.5388601036269
                ], 
                [
                    1527.6683937823834, 
                    721.8652849740932
                ], 
                [
                    1536.9948186528497, 
                    751.7098445595855
                ], 
                [
                    1527.6683937823834, 
                    751.7098445595855
                ], 
                [
                    1529.5336787564768, 
                    764.7668393782384
                ], 
                [
                    1656.3730569948186, 
                    770.3626943005181
                ], 
                [
                    1643.3160621761658, 
                    598.7564766839379
                ], 
                [
                    1617.2020725388602, 
                    598.7564766839379
                ], 
                [
                    1598.5492227979275, 
                    501.7616580310881
                ], 
                [
                    1626.5284974093265, 
                    499.89637305699483
                ], 
                [
                    1632.1243523316064, 
                    471.91709844559585
                ], 
                [
                    1639.5854922279793, 
                    471.91709844559585
                ], 
                [
                    1645.1813471502592, 
                    484.9740932642487
                ], 
                [
                    1682.4870466321245, 
                    488.70466321243526
                ], 
                [
                    1703.0051813471503, 
                    595.0259067357513
                ], 
                [
                    1663.8341968911918, 
                    600.6217616580311
                ]
            ], 
            "user": "daid", 
            "verified": 0
        }
    ]
}