{
    "imgHeight": 1080, 
    "imgWidth": 1920, 
    "objects": [
        {
            "date": "15-Nov-2018 16:58:50", 
            "deleted": 0, 
            "draw": true, 
            "id": 0, 
            "label": "car", 
            "polygon": [
                [
                    363.73056994818654, 
                    747.979274611399
                ], 
                [
                    378.65284974093265, 
                    734.9222797927462
                ], 
                [
                    417.8238341968912, 
                    736.7875647668394
                ], 
                [
                    434.6113989637306, 
                    746.1139896373057
                ], 
                [
                    460.7253886010363, 
                    742.3834196891193
                ], 
                [
                    481.2435233160622, 
                    740.5181347150259
                ], 
                [
                    477.51295336787564, 
                    714.4041450777203
                ], 
                [
                    477.51295336787564, 
                    701.3471502590673
                ], 
                [
                    451.39896373056996, 
                    680.8290155440415
                ], 
                [
                    421.55440414507774, 
                    675.2331606217617
                ], 
                [
                    395.44041450777206, 
                    677.098445595855
                ], 
                [
                    374.9222797927461, 
                    690.1554404145078
                ], 
                [
                    361.8652849740933, 
                    701.3471502590673
                ], 
                [
                    350.6735751295337, 
                    706.9430051813472
                ], 
                [
                    352.538860103627, 
                    725.5958549222798
                ], 
                [
                    360.0, 
                    731.1917098445596
                ], 
                [
                    360.0, 
                    749.8445595854922
                ], 
                [
                    360.0, 
                    749.8445595854922
                ]
            ], 
            "user": "daid", 
            "verified": 0
        }, 
        {
            "date": "15-Nov-2018 16:59:19", 
            "deleted": 0, 
            "draw": true, 
            "id": 1, 
            "label": "car", 
            "polygon": [
                [
                    477.51295336787564, 
                    733.0569948186529
                ], 
                [
                    505.4922279792746, 
                    733.0569948186529
                ], 
                [
                    527.8756476683938, 
                    720.0
                ], 
                [
                    535.3367875647668, 
                    703.2124352331606
                ], 
                [
                    535.3367875647668, 
                    682.6943005181347
                ], 
                [
                    533.4715025906736, 
                    671.5025906735751
                ], 
                [
                    527.8756476683938, 
                    658.4455958549223
                ], 
                [
                    499.89637305699483, 
                    660.3108808290156
                ], 
                [
                    479.37823834196894, 
                    658.4455958549223
                ], 
                [
                    462.59067357512953, 
                    660.3108808290156
                ], 
                [
                    453.2642487046632, 
                    665.9067357512954
                ], 
                [
                    447.6683937823834, 
                    675.2331606217617
                ], 
                [
                    462.59067357512953, 
                    682.6943005181347
                ], 
                [
                    477.51295336787564, 
                    692.020725388601
                ], 
                [
                    483.1088082901555, 
                    701.3471502590673
                ]
            ], 
            "user": "daid", 
            "verified": 0
        }, 
        {
            "date": "15-Nov-2018 16:59:36", 
            "deleted": 0, 
            "draw": true, 
            "id": 2, 
            "label": "car", 
            "polygon": [
                [
                    706.9430051813472, 
                    725.5958549222798
                ], 
                [
                    740.5181347150259, 
                    727.4611398963731
                ], 
                [
                    766.6321243523316, 
                    727.4611398963731
                ], 
                [
                    762.9015544041451, 
                    699.4818652849741
                ], 
                [
                    761.0362694300518, 
                    678.9637305699482
                ], 
                [
                    755.4404145077721, 
                    671.5025906735751
                ], 
                [
                    733.0569948186529, 
                    667.7720207253886
                ], 
                [
                    714.4041450777203, 
                    667.7720207253886
                ], 
                [
                    699.4818652849741, 
                    675.2331606217617
                ], 
                [
                    693.8860103626944, 
                    686.4248704663213
                ], 
                [
                    692.020725388601, 
                    703.2124352331606
                ], 
                [
                    695.7512953367876, 
                    710.6735751295337
                ]
            ], 
            "user": "daid", 
            "verified": 0
        }, 
        {
            "date": "15-Nov-2018 16:59:54", 
            "deleted": 0, 
            "draw": true, 
            "id": 3, 
            "label": "car", 
            "polygon": [
                [
                    1003.5233160621761, 
                    723.7305699481866
                ], 
                [
                    1037.0984455958549, 
                    725.5958549222798
                ], 
                [
                    1042.6943005181347, 
                    706.9430051813472
                ], 
                [
                    1040.8290155440416, 
                    699.4818652849741
                ], 
                [
                    1035.2331606217617, 
                    692.020725388601
                ], 
                [
                    1010.9844559585492, 
                    692.020725388601
                ], 
                [
                    994.1968911917098, 
                    693.8860103626944
                ], 
                [
                    981.139896373057, 
                    695.7512953367876
                ], 
                [
                    977.4093264248705, 
                    703.2124352331606
                ], 
                [
                    977.4093264248705, 
                    716.2694300518135
                ], 
                [
                    983.0051813471503, 
                    721.8652849740932
                ]
            ], 
            "user": "daid", 
            "verified": 0
        }, 
        {
            "date": "15-Nov-2018 17:00:10", 
            "deleted": 0, 
            "draw": true, 
            "id": 4, 
            "label": "pole", 
            "polygon": [
                [
                    1156.476683937824, 
                    803.9378238341969
                ], 
                [
                    1167.6683937823834, 
                    449.5336787564767
                ], 
                [
                    1171.39896373057, 
                    803.9378238341969
                ]
            ], 
            "user": "daid", 
            "verified": 0
        }, 
        {
            "date": "15-Nov-2018 17:00:24", 
            "deleted": 0, 
            "draw": true, 
            "id": 5, 
            "label": "pole", 
            "polygon": [
                [
                    192.12435233160622, 
                    714.4041450777203
                ], 
                [
                    229.43005181347152, 
                    473.78238341968915
                ], 
                [
                    208.9119170984456, 
                    712.5388601036269
                ], 
                [
                    195.85492227979276, 
                    716.2694300518135
                ]
            ], 
            "user": "daid", 
            "verified": 0
        }, 
        {
            "date": "15-Nov-2018 17:01:46", 
            "deleted": 0, 
            "draw": true, 
            "id": 6, 
            "label": "road", 
            "polygon": [
                [
                    789.0155440414508, 
                    692.020725388601
                ], 
                [
                    852.4352331606218, 
                    723.7305699481866
                ], 
                [
                    941.9689119170985, 
                    755.4404145077721
                ], 
                [
                    1053.8860103626944, 
                    798.3419689119171
                ], 
                [
                    1191.917098445596, 
                    841.2435233160622
                ], 
                [
                    1309.4300518134714, 
                    867.3575129533679
                ], 
                [
                    1423.2124352331607, 
                    893.4715025906736
                ], 
                [
                    1579.896373056995, 
                    895.3367875647668
                ], 
                [
                    1688.082901554404, 
                    893.4715025906736
                ], 
                [
                    1773.8860103626944, 
                    869.2227979274612
                ], 
                [
                    1814.9222797927462, 
                    856.1658031088083
                ], 
                [
                    1919.0, 
                    865.4922279792746
                ], 
                [
                    1919.0, 
                    1079.0
                ], 
                [
                    0.0, 
                    1079.0
                ], 
                [
                    0.0, 
                    755.4404145077721
                ], 
                [
                    80.20725388601036, 
                    749.8445595854922
                ], 
                [
                    205.18134715025909, 
                    731.1917098445596
                ], 
                [
                    305.90673575129534, 
                    720.0
                ], 
                [
                    348.80829015544043, 
                    720.0
                ], 
                [
                    360.0, 
                    729.3264248704663
                ], 
                [
                    360.0, 
                    747.979274611399
                ], 
                [
                    367.4611398963731, 
                    746.1139896373057
                ], 
                [
                    380.5181347150259, 
                    738.6528497409327
                ], 
                [
                    410.36269430051817, 
                    738.6528497409327
                ], 
                [
                    436.47668393782385, 
                    747.979274611399
                ], 
                [
                    473.78238341968915, 
                    744.2487046632125
                ], 
                [
                    481.2435233160622, 
                    734.9222797927462
                ], 
                [
                    514.8186528497409, 
                    734.9222797927462
                ], 
                [
                    537.2020725388601, 
                    712.5388601036269
                ], 
                [
                    540.9326424870467, 
                    693.8860103626944
                ], 
                [
                    567.0466321243523, 
                    690.1554404145078
                ], 
                [
                    602.4870466321244, 
                    678.9637305699482
                ], 
                [
                    639.7927461139897, 
                    680.8290155440415
                ], 
                [
                    662.1761658031088, 
                    692.020725388601
                ], 
                [
                    684.559585492228, 
                    690.1554404145078
                ], 
                [
                    690.1554404145078, 
                    692.020725388601
                ], 
                [
                    692.020725388601, 
                    712.5388601036269
                ], 
                [
                    708.8082901554404, 
                    721.8652849740932
                ], 
                [
                    731.1917098445596, 
                    725.5958549222798
                ], 
                [
                    757.3056994818653, 
                    725.5958549222798
                ], 
                [
                    770.3626943005181, 
                    712.5388601036269
                ], 
                [
                    764.7668393782384, 
                    693.8860103626944
                ]
            ], 
            "user": "daid", 
            "verified": 0
        }, 
        {
            "date": "15-Nov-2018 17:02:10", 
            "deleted": 0, 
            "draw": true, 
            "id": 7, 
            "label": "traffic light", 
            "polygon": [
                [
                    1611.6062176165804, 
                    643.5233160621761
                ], 
                [
                    1641.4507772020727, 
                    643.5233160621761
                ], 
                [
                    1643.3160621761658, 
                    565.1813471502591
                ], 
                [
                    1606.0103626943005, 
                    563.3160621761658
                ], 
                [
                    1606.0103626943005, 
                    643.5233160621761
                ]
            ], 
            "user": "daid", 
            "verified": 0
        }, 
        {
            "date": "15-Nov-2018 19:03:29", 
            "deleted": 0, 
            "draw": true, 
            "id": 8, 
            "label": "sidewalk", 
            "polygon": [
                [
                    852.4352331606218, 
                    716.2694300518135
                ], 
                [
                    889.7409326424871, 
                    721.8652849740932
                ], 
                [
                    906.5284974093264, 
                    734.9222797927462
                ], 
                [
                    928.9119170984457, 
                    727.4611398963731
                ], 
                [
                    975.5440414507773, 
                    736.7875647668394
                ], 
                [
                    1035.2331606217617, 
                    755.4404145077721
                ], 
                [
                    1098.6528497409327, 
                    764.7668393782384
                ], 
                [
                    1152.7461139896373, 
                    772.2279792746115
                ], 
                [
                    1152.7461139896373, 
                    805.8031088082902
                ], 
                [
                    1171.39896373057, 
                    805.8031088082902
                ], 
                [
                    1175.1295336787566, 
                    785.2849740932643
                ], 
                [
                    1212.4352331606217, 
                    785.2849740932643
                ], 
                [
                    1268.3937823834196, 
                    792.7461139896374
                ], 
                [
                    1356.062176165803, 
                    802.0725388601037
                ], 
                [
                    1490.3626943005181, 
                    811.39896373057
                ], 
                [
                    1598.5492227979275, 
                    826.3212435233161
                ], 
                [
                    1669.4300518134717, 
                    833.7823834196892
                ], 
                [
                    1770.155440414508, 
                    848.7046632124352
                ], 
                [
                    1814.9222797927462, 
                    852.4352331606218
                ], 
                [
                    1693.678756476684, 
                    887.8756476683939
                ], 
                [
                    1641.4507772020727, 
                    887.8756476683939
                ], 
                [
                    1540.7253886010362, 
                    884.1450777202073
                ], 
                [
                    1434.4041450777202, 
                    884.1450777202073
                ], 
                [
                    1369.119170984456, 
                    874.8186528497409
                ], 
                [
                    1303.8341968911918, 
                    858.0310880829015
                ], 
                [
                    1186.321243523316, 
                    837.5129533678756
                ], 
                [
                    1117.3056994818653, 
                    813.2642487046633
                ], 
                [
                    1038.9637305699482, 
                    783.419689119171
                ], 
                [
                    951.2953367875648, 
                    761.0362694300518
                ], 
                [
                    889.7409326424871, 
                    736.7875647668394
                ]
            ], 
            "user": "daid", 
            "verified": 0
        }, 
        {
            "date": "15-Nov-2018 19:05:09", 
            "deleted": 0, 
            "draw": true, 
            "id": 9, 
            "label": "building", 
            "polygon": [
                [
                    1423.2124352331607, 
                    766.6321243523316
                ], 
                [
                    1428.8082901554405, 
                    781.5544041450778
                ], 
                [
                    1466.1139896373058, 
                    790.8808290155441
                ], 
                [
                    1518.341968911917, 
                    798.3419689119171
                ], 
                [
                    1570.5699481865286, 
                    803.9378238341969
                ], 
                [
                    1592.9533678756477, 
                    805.8031088082902
                ], 
                [
                    1598.5492227979275, 
                    647.2538860103627
                ], 
                [
                    1592.9533678756477, 
                    561.4507772020726
                ], 
                [
                    1617.2020725388602, 
                    561.4507772020726
                ], 
                [
                    1647.0466321243523, 
                    561.4507772020726
                ], 
                [
                    1652.6424870466321, 
                    647.2538860103627
                ], 
                [
                    1633.9896373056995, 
                    654.7150259067357
                ], 
                [
                    1633.9896373056995, 
                    742.3834196891193
                ], 
                [
                    1635.8549222797928, 
                    805.8031088082902
                ], 
                [
                    1762.6943005181347, 
                    809.5336787564767
                ], 
                [
                    1762.6943005181347, 
                    809.5336787564767
                ], 
                [
                    1829.8445595854923, 
                    807.6683937823834
                ], 
                [
                    1898.860103626943, 
                    807.6683937823834
                ], 
                [
                    1919.0, 
                    805.8031088082902
                ], 
                [
                    1919.0, 
                    0.0
                ], 
                [
                    1497.8238341968913, 
                    0.0
                ], 
                [
                    1466.1139896373058, 
                    55.95854922279793
                ], 
                [
                    1458.6528497409327, 
                    104.4559585492228
                ], 
                [
                    1454.9222797927462, 
                    154.81865284974094
                ], 
                [
                    1436.2694300518135, 
                    261.139896373057
                ], 
                [
                    1428.8082901554405, 
                    419.6891191709845
                ], 
                [
                    1425.0777202072538, 
                    574.5077720207254
                ], 
                [
                    1430.6735751295337, 
                    660.3108808290156
                ]
            ], 
            "user": "daid", 
            "verified": 0
        }
    ]
}