{
    "imgHeight": 1080, 
    "imgWidth": 1920, 
    "objects": [
        {
            "date": "15-Nov-2018 16:20:39", 
            "deleted": 0, 
            "draw": true, 
            "id": 0, 
            "label": "car", 
            "polygon": [
                [
                    1122.9015544041451, 
                    781.5544041450778
                ], 
                [
                    1176.9948186528497, 
                    783.419689119171
                ], 
                [
                    1180.7253886010362, 
                    794.6113989637306
                ], 
                [
                    1197.5129533678758, 
                    796.4766839378239
                ], 
                [
                    1197.5129533678758, 
                    772.2279792746115
                ], 
                [
                    1197.5129533678758, 
                    749.8445595854922
                ], 
                [
                    1193.7823834196893, 
                    740.5181347150259
                ], 
                [
                    1188.1865284974094, 
                    731.1917098445596
                ], 
                [
                    1182.5906735751296, 
                    720.0
                ], 
                [
                    1171.39896373057, 
                    714.4041450777203
                ], 
                [
                    1122.9015544041451, 
                    710.6735751295337
                ], 
                [
                    1111.7098445595855, 
                    714.4041450777203
                ], 
                [
                    1104.2487046632125, 
                    725.5958549222798
                ], 
                [
                    1094.9222797927462, 
                    725.5958549222798
                ], 
                [
                    1087.4611398963732, 
                    733.0569948186529
                ], 
                [
                    1089.3264248704663, 
                    736.7875647668394
                ], 
                [
                    1094.9222797927462, 
                    738.6528497409327
                ], 
                [
                    1085.5958549222798, 
                    747.979274611399
                ], 
                [
                    1087.4611398963732, 
                    777.8238341968912
                ], 
                [
                    1104.2487046632125, 
                    775.958549222798
                ]
            ], 
            "user": "daid", 
            "verified": 0
        }, 
        {
            "date": "15-Nov-2018 16:20:55", 
            "deleted": 0, 
            "draw": true, 
            "id": 1, 
            "label": "car", 
            "polygon": [
                [
                    1038.9637305699482, 
                    746.1139896373057
                ], 
                [
                    1050.155440414508, 
                    747.979274611399
                ], 
                [
                    1074.4041450777202, 
                    746.1139896373057
                ], 
                [
                    1081.8652849740934, 
                    742.3834196891193
                ], 
                [
                    1087.4611398963732, 
                    720.0
                ], 
                [
                    1074.4041450777202, 
                    703.2124352331606
                ], 
                [
                    1052.020725388601, 
                    701.3471502590673
                ], 
                [
                    1046.4248704663212, 
                    718.1347150259068
                ], 
                [
                    1038.9637305699482, 
                    720.0
                ]
            ], 
            "user": "daid", 
            "verified": 0
        }, 
        {
            "date": "15-Nov-2018 16:21:29", 
            "deleted": 0, 
            "draw": true, 
            "id": 2, 
            "label": "car", 
            "polygon": [
                [
                    481.2435233160622, 
                    772.2279792746115
                ], 
                [
                    498.0310880829016, 
                    774.0932642487047
                ], 
                [
                    494.30051813471505, 
                    757.3056994818653
                ], 
                [
                    535.3367875647668, 
                    753.5751295336788
                ], 
                [
                    535.3367875647668, 
                    766.6321243523316
                ], 
                [
                    570.7772020725389, 
                    766.6321243523316
                ], 
                [
                    608.0829015544042, 
                    761.0362694300518
                ], 
                [
                    626.7357512953369, 
                    747.979274611399
                ], 
                [
                    628.6010362694301, 
                    734.9222797927462
                ], 
                [
                    624.8704663212435, 
                    712.5388601036269
                ], 
                [
                    598.7564766839379, 
                    695.7512953367876
                ], 
                [
                    533.4715025906736, 
                    697.6165803108809
                ], 
                [
                    516.6839378238342, 
                    699.4818652849741
                ], 
                [
                    496.1658031088083, 
                    721.8652849740932
                ], 
                [
                    466.32124352331607, 
                    721.8652849740932
                ], 
                [
                    458.86010362694304, 
                    740.5181347150259
                ], 
                [
                    473.78238341968915, 
                    753.5751295336788
                ]
            ], 
            "user": "daid", 
            "verified": 0
        }, 
        {
            "date": "15-Nov-2018 16:22:19", 
            "deleted": 0, 
            "draw": true, 
            "id": 3, 
            "label": "sidewalk", 
            "polygon": [
                [
                    1919.0, 
                    1053.8860103626944
                ], 
                [
                    1201.2435233160622, 
                    777.8238341968912
                ], 
                [
                    1199.3782383419689, 
                    749.8445595854922
                ], 
                [
                    1199.3782383419689, 
                    742.3834196891193
                ], 
                [
                    1231.0880829015543, 
                    749.8445595854922
                ], 
                [
                    1268.3937823834196, 
                    751.7098445595855
                ], 
                [
                    1285.1813471502592, 
                    749.8445595854922
                ], 
                [
                    1305.699481865285, 
                    751.7098445595855
                ], 
                [
                    1307.5647668393783, 
                    766.6321243523316
                ], 
                [
                    1322.4870466321245, 
                    766.6321243523316
                ], 
                [
                    1322.4870466321245, 
                    762.9015544041451
                ], 
                [
                    1356.062176165803, 
                    768.4974093264249
                ], 
                [
                    1387.7720207253888, 
                    768.4974093264249
                ], 
                [
                    1404.559585492228, 
                    766.6321243523316
                ], 
                [
                    1494.0932642487046, 
                    781.5544041450778
                ], 
                [
                    1574.300518134715, 
                    790.8808290155441
                ], 
                [
                    1682.4870466321245, 
                    800.2072538860103
                ], 
                [
                    1738.4455958549224, 
                    807.6683937823834
                ], 
                [
                    1740.3108808290156, 
                    833.7823834196892
                ], 
                [
                    1770.155440414508, 
                    852.4352331606218
                ], 
                [
                    1794.4041450777202, 
                    844.9740932642487
                ], 
                [
                    1809.3264248704663, 
                    831.9170984455959
                ], 
                [
                    1835.4404145077722, 
                    844.9740932642487
                ], 
                [
                    1919.0, 
                    861.7616580310881
                ]
            ], 
            "user": "daid", 
            "verified": 0
        }, 
        {
            "date": "15-Nov-2018 16:24:07", 
            "deleted": 0, 
            "draw": true, 
            "id": 4, 
            "label": "road", 
            "polygon": [
                [
                    981.139896373057, 
                    734.9222797927462
                ], 
                [
                    996.0621761658032, 
                    734.9222797927462
                ], 
                [
                    1005.3886010362695, 
                    738.6528497409327
                ], 
                [
                    1035.2331606217617, 
                    742.3834196891193
                ], 
                [
                    1055.7512953367875, 
                    751.7098445595855
                ], 
                [
                    1087.4611398963732, 
                    746.1139896373057
                ], 
                [
                    1087.4611398963732, 
                    770.3626943005181
                ], 
                [
                    1087.4611398963732, 
                    779.6891191709844
                ], 
                [
                    1119.1709844559587, 
                    783.419689119171
                ], 
                [
                    1169.5336787564768, 
                    783.419689119171
                ], 
                [
                    1175.1295336787566, 
                    800.2072538860103
                ], 
                [
                    1197.5129533678758, 
                    798.3419689119171
                ], 
                [
                    1199.3782383419689, 
                    781.5544041450778
                ], 
                [
                    1919.0, 
                    1055.7512953367875
                ], 
                [
                    1919.0, 
                    1079.0
                ], 
                [
                    574.5077720207254, 
                    1079.0
                ], 
                [
                    962.4870466321244, 
                    740.5181347150259
                ]
            ], 
            "user": "daid", 
            "verified": 0
        }, 
        {
            "date": "15-Nov-2018 16:24:46", 
            "deleted": 0, 
            "draw": true, 
            "id": 5, 
            "label": "road", 
            "polygon": [
                [
                    0.0, 
                    802.0725388601037
                ], 
                [
                    468.18652849740937, 
                    757.3056994818653
                ], 
                [
                    475.6476683937824, 
                    774.0932642487047
                ], 
                [
                    496.1658031088083, 
                    777.8238341968912
                ], 
                [
                    507.3575129533679, 
                    766.6321243523316
                ], 
                [
                    531.6062176165804, 
                    766.6321243523316
                ], 
                [
                    542.7979274611399, 
                    768.4974093264249
                ], 
                [
                    587.5647668393783, 
                    768.4974093264249
                ], 
                [
                    619.2746113989638, 
                    762.9015544041451
                ], 
                [
                    626.7357512953369, 
                    751.7098445595855
                ], 
                [
                    650.9844559585492, 
                    742.3834196891193
                ], 
                [
                    701.3471502590673, 
                    740.5181347150259
                ], 
                [
                    753.5751295336788, 
                    734.9222797927462
                ], 
                [
                    777.8238341968912, 
                    734.9222797927462
                ], 
                [
                    809.5336787564767, 
                    740.5181347150259
                ], 
                [
                    0.0, 
                    880.4145077720208
                ]
            ], 
            "user": "daid", 
            "verified": 0
        }, 
        {
            "date": "15-Nov-2018 16:25:12", 
            "deleted": 0, 
            "draw": true, 
            "id": 6, 
            "label": "car", 
            "polygon": [
                [
                    809.5336787564767, 
                    740.5181347150259
                ], 
                [
                    843.1088082901555, 
                    738.6528497409327
                ], 
                [
                    863.6269430051814, 
                    733.0569948186529
                ], 
                [
                    863.6269430051814, 
                    714.4041450777203
                ], 
                [
                    856.1658031088083, 
                    703.2124352331606
                ], 
                [
                    830.0518134715027, 
                    701.3471502590673
                ], 
                [
                    815.1295336787565, 
                    703.2124352331606
                ], 
                [
                    809.5336787564767, 
                    710.6735751295337
                ], 
                [
                    800.2072538860103, 
                    714.4041450777203
                ], 
                [
                    800.2072538860103, 
                    723.7305699481866
                ], 
                [
                    800.2072538860103, 
                    734.9222797927462
                ], 
                [
                    807.6683937823834, 
                    736.7875647668394
                ]
            ], 
            "user": "daid", 
            "verified": 0
        }, 
        {
            "date": "15-Nov-2018 16:25:29", 
            "deleted": 0, 
            "draw": true, 
            "id": 7, 
            "label": "train", 
            "polygon": [
                [
                    902.7979274611399, 
                    725.5958549222798
                ], 
                [
                    917.7202072538861, 
                    725.5958549222798
                ], 
                [
                    919.5854922279793, 
                    701.3471502590673
                ], 
                [
                    902.7979274611399, 
                    699.4818652849741
                ]
            ], 
            "user": "daid", 
            "verified": 0
        }, 
        {
            "date": "15-Nov-2018 19:20:40", 
            "deleted": 0, 
            "draw": true, 
            "id": 8, 
            "label": "rail track", 
            "polygon": [
                [
                    5.595854922279793, 
                    884.1450777202073
                ], 
                [
                    835.6476683937824, 
                    736.7875647668394
                ], 
                [
                    869.2227979274612, 
                    736.7875647668394
                ], 
                [
                    921.4507772020726, 
                    731.1917098445596
                ], 
                [
                    962.4870466321244, 
                    734.9222797927462
                ], 
                [
                    969.9481865284974, 
                    736.7875647668394
                ], 
                [
                    928.9119170984457, 
                    768.4974093264249
                ], 
                [
                    908.3937823834198, 
                    789.0155440414508
                ], 
                [
                    874.8186528497409, 
                    816.9948186528497
                ], 
                [
                    841.2435233160622, 
                    844.9740932642487
                ], 
                [
                    803.9378238341969, 
                    878.5492227979275
                ], 
                [
                    768.4974093264249, 
                    913.9896373056995
                ], 
                [
                    731.1917098445596, 
                    947.5647668393783
                ], 
                [
                    686.4248704663213, 
                    984.8704663212436
                ], 
                [
                    634.1968911917098, 
                    1029.6373056994819
                ], 
                [
                    595.0259067357513, 
                    1065.0777202072538
                ], 
                [
                    580.1036269430052, 
                    1078.1347150259069
                ], 
                [
                    0.0, 
                    1079.0
                ]
            ], 
            "user": "daid", 
            "verified": 0
        }
    ]
}