{
    "imgHeight": 480, 
    "imgWidth": 854, 
    "objects": [
        {
            "date": "09-Apr-2018 21:58:50", 
            "deleted": 0, 
            "draw": true, 
            "id": 0, 
            "label": "road", 
            "polygon": [
                [
                    1.646655231560892, 
                    383.6706689536878
                ], 
                [
                    37.04974271012007, 
                    363.9108061749571
                ], 
                [
                    46.106346483704975, 
                    367.2041166380789
                ], 
                [
                    49.39965694682676, 
                    385.3173241852487
                ], 
                [
                    64.21955403087479, 
                    382.8473413379074
                ], 
                [
                    71.6295025728988, 
                    375.43739279588334
                ], 
                [
                    164.6655231560892, 
                    378.73070325900517
                ], 
                [
                    177.0154373927959, 
                    385.3173241852487
                ], 
                [
                    194.30531732418524, 
                    394.37392795883363
                ], 
                [
                    220.65180102915951, 
                    394.37392795883363
                ], 
                [
                    235.47169811320754, 
                    386.9639794168096
                ], 
                [
                    239.58833619210978, 
                    370.4974271012007
                ], 
                [
                    242.88164665523155, 
                    359.7941680960549
                ], 
                [
                    244.52830188679246, 
                    354.0308747855918
                ], 
                [
                    277.4614065180103, 
                    343.32761578044597
                ], 
                [
                    283.22469982847343, 
                    347.4442538593482
                ], 
                [
                    292.2813036020583, 
                    348.2675814751286
                ], 
                [
                    304.631217838765, 
                    337.56432246998287
                ], 
                [
                    306.2778730703259, 
                    321.0977701543739
                ], 
                [
                    305.45454545454544, 
                    306.2778730703259
                ], 
                [
                    298.8679245283019, 
                    293.10463121783874
                ], 
                [
                    339.21097770154375, 
                    275.8147512864494
                ], 
                [
                    344.97427101200685, 
                    267.5814751286449
                ], 
                [
                    340.0343053173242, 
                    265.1114922813036
                ], 
                [
                    325.2144082332762, 
                    263.4648370497427
                ], 
                [
                    313.6878216123499, 
                    261.8181818181818
                ], 
                [
                    307.1012006861063, 
                    261.8181818181818
                ], 
                [
                    307.1012006861063, 
                    251.93825042881647
                ], 
                [
                    317.80445969125213, 
                    252.76157804459692
                ], 
                [
                    333.4476843910806, 
                    253.58490566037736
                ], 
                [
                    355.67753001715266, 
                    256.0548885077187
                ], 
                [
                    372.14408233276157, 
                    255.23156089193824
                ], 
                [
                    386.14065180102915, 
                    253.58490566037736
                ], 
                [
                    398.49056603773585, 
                    251.11492281303603
                ], 
                [
                    403.4305317324185, 
                    250.29159519725556
                ], 
                [
                    410.0171526586621, 
                    250.29159519725556
                ], 
                [
                    418.2504288164665, 
                    250.29159519725556
                ], 
                [
                    425.66037735849056, 
                    251.93825042881647
                ], 
                [
                    429.7770154373928, 
                    248.64493996569468
                ], 
                [
                    437.1869639794168, 
                    248.64493996569468
                ], 
                [
                    441.30360205831903, 
                    248.64493996569468
                ], 
                [
                    446.2435677530017, 
                    246.9982847341338
                ], 
                [
                    451.1835334476844, 
                    246.9982847341338
                ], 
                [
                    456.9468267581475, 
                    246.9982847341338
                ], 
                [
                    461.06346483704976, 
                    248.64493996569468
                ], 
                [
                    466.82675814751286, 
                    253.58490566037736
                ], 
                [
                    474.23670668953685, 
                    258.52487135506004
                ], 
                [
                    480.82332761578044, 
                    261.8181818181818
                ], 
                [
                    489.87993138936537, 
                    262.64150943396226
                ], 
                [
                    500.5831903945111, 
                    262.64150943396226
                ], 
                [
                    517.8730703259005, 
                    262.64150943396226
                ], 
                [
                    535.9862778730703, 
                    260.1715265866209
                ], 
                [
                    544.2195540308747, 
                    260.99485420240137
                ], 
                [
                    544.2195540308747, 
                    264.28816466552314
                ], 
                [
                    533.5162950257289, 
                    268.4048027444254
                ], 
                [
                    520.3430531732419, 
                    270.87478559176674
                ], 
                [
                    514.5797598627787, 
                    274.1680960548885
                ], 
                [
                    518.696397941681, 
                    281.5780445969125
                ], 
                [
                    523.6363636363636, 
                    288.1646655231561
                ], 
                [
                    548.336192109777, 
                    312.8644939965695
                ], 
                [
                    678.4219554030875, 
                    452.00686106346484
                ], 
                [
                    669.3653516295026, 
                    452.8301886792453
                ], 
                [
                    653.7221269296741, 
                    448.71355060034307
                ], 
                [
                    623.2590051457976, 
                    443.77358490566036
                ], 
                [
                    594.442538593482, 
                    441.30360205831903
                ], 
                [
                    544.2195540308747, 
                    437.1869639794168
                ], 
                [
                    475.8833619210978, 
                    435.54030874785593
                ], 
                [
                    404.25385934819894, 
                    437.1869639794168
                ], 
                [
                    348.2675814751286, 
                    439.65694682675814
                ], 
                [
                    292.2813036020583, 
                    441.30360205831903
                ], 
                [
                    251.93825042881647, 
                    452.00686106346484
                ], 
                [
                    196.7753001715266, 
                    472.59005145797596
                ], 
                [
                    191.01200686106347, 
                    479.0
                ], 
                [
                    0.0, 
                    479.0
                ]
            ], 
            "user": "daid", 
            "verified": 0
        }, 
        {
            "date": "09-Apr-2018 21:59:35", 
            "deleted": 0, 
            "draw": true, 
            "id": 1, 
            "label": "sidewalk", 
            "polygon": [
                [
                    520.3430531732419, 
                    282.401372212693
                ], 
                [
                    561.5094339622641, 
                    323.5677530017153
                ], 
                [
                    643.0188679245283, 
                    409.19382504288166
                ], 
                [
                    682.5385934819897, 
                    454.47684391080617
                ], 
                [
                    708.0617495711836, 
                    463.5334476843911
                ], 
                [
                    736.8782161234991, 
                    474.23670668953685
                ], 
                [
                    754.991423670669, 
                    479.0
                ], 
                [
                    853.0, 
                    479.0
                ], 
                [
                    853.0, 
                    337.56432246998287
                ], 
                [
                    766.5180102915951, 
                    322.7444253859348
                ], 
                [
                    705.5917667238422, 
                    306.2778730703259
                ], 
                [
                    654.5454545454545, 
                    292.2813036020583
                ], 
                [
                    614.2024013722126, 
                    279.10806174957116
                ], 
                [
                    601.852487135506, 
                    274.99142367066895
                ], 
                [
                    587.8559176672384, 
                    271.6981132075472
                ], 
                [
                    580.4459691252144, 
                    270.87478559176674
                ], 
                [
                    568.0960548885078, 
                    271.6981132075472
                ], 
                [
                    565.6260720411664, 
                    271.6981132075472
                ], 
                [
                    567.2727272727273, 
                    284.8713550600343
                ], 
                [
                    565.6260720411664, 
                    292.2813036020583
                ], 
                [
                    554.0994854202402, 
                    292.2813036020583
                ], 
                [
                    544.2195540308747, 
                    289.811320754717
                ], 
                [
                    543.3962264150944, 
                    279.10806174957116
                ], 
                [
                    536.8096054888508, 
                    272.5214408233276
                ], 
                [
                    526.9296740994854, 
                    276.63807890222984
                ]
            ], 
            "user": "daid", 
            "verified": 0
        }, 
        {
            "date": "09-Apr-2018 22:00:59", 
            "deleted": 0, 
            "draw": true, 
            "id": 2, 
            "label": "car", 
            "polygon": [
                [
                    50.2229845626072, 
                    391.90394511149225
                ], 
                [
                    73.27615780445969, 
                    393.5506003430532
                ], 
                [
                    77.39279588336193, 
                    385.3173241852487
                ], 
                [
                    77.39279588336193, 
                    374.6140651801029
                ], 
                [
                    79.86277873070325, 
                    370.4974271012007
                ], 
                [
                    103.73927958833619, 
                    372.14408233276157
                ], 
                [
                    144.08233276157804, 
                    372.14408233276157
                ], 
                [
                    171.25214408233276, 
                    372.14408233276157
                ], 
                [
                    181.95540308747854, 
                    372.14408233276157
                ], 
                [
                    186.07204116638079, 
                    372.14408233276157
                ], 
                [
                    191.8353344768439, 
                    372.967409948542
                ], 
                [
                    200.8919382504288, 
                    384.49399656946827
                ], 
                [
                    210.77186963979418, 
                    393.5506003430532
                ], 
                [
                    226.41509433962264, 
                    394.37392795883363
                ], 
                [
                    238.76500857632934, 
                    384.49399656946827
                ], 
                [
                    246.9982847341338, 
                    364.7341337907376
                ], 
                [
                    245.3516295025729, 
                    351.56089193825045
                ], 
                [
                    274.1680960548885, 
                    344.97427101200685
                ], 
                [
                    277.4614065180103, 
                    344.1509433962264
                ], 
                [
                    284.0480274442539, 
                    347.4442538593482
                ], 
                [
                    293.10463121783874, 
                    348.2675814751286
                ], 
                [
                    301.3379073756432, 
                    344.97427101200685
                ], 
                [
                    306.2778730703259, 
                    335.0943396226415
                ], 
                [
                    307.1012006861063, 
                    318.6277873070326
                ], 
                [
                    303.80789022298455, 
                    304.631217838765
                ], 
                [
                    300.5145797598628, 
                    299.69125214408234
                ], 
                [
                    296.39794168096057, 
                    283.22469982847343
                ], 
                [
                    291.45797598627786, 
                    278.2847341337907
                ], 
                [
                    295.57461406518007, 
                    272.5214408233276
                ], 
                [
                    287.34133790737565, 
                    263.4648370497427
                ], 
                [
                    274.1680960548885, 
                    260.1715265866209
                ], 
                [
                    259.3481989708405, 
                    241.23499142367066
                ], 
                [
                    242.88164665523155, 
                    233.0017152658662
                ], 
                [
                    228.06174957118353, 
                    230.53173241852488
                ], 
                [
                    199.24528301886792, 
                    228.06174957118353
                ], 
                [
                    168.78216123499143, 
                    225.5917667238422
                ], 
                [
                    129.26243567753002, 
                    226.41509433962264
                ], 
                [
                    109.50257289879931, 
                    229.7084048027444
                ], 
                [
                    91.38936535162951, 
                    239.58833619210978
                ], 
                [
                    91.38936535162951, 
                    245.3516295025729
                ], 
                [
                    91.38936535162951, 
                    252.76157804459692
                ], 
                [
                    83.15608919382504, 
                    258.52487135506004
                ], 
                [
                    79.03945111492281, 
                    267.5814751286449
                ], 
                [
                    59.279588336192106, 
                    283.22469982847343
                ], 
                [
                    55.16295025728988, 
                    286.5180102915952
                ], 
                [
                    56.80960548885077, 
                    293.10463121783874
                ], 
                [
                    60.102915951972555, 
                    299.69125214408234
                ], 
                [
                    61.74957118353345, 
                    306.2778730703259
                ], 
                [
                    61.74957118353345, 
                    311.2178387650086
                ], 
                [
                    55.98627787307033, 
                    318.6277873070326
                ], 
                [
                    46.106346483704975, 
                    326.86106346483706
                ], 
                [
                    40.34305317324185, 
                    329.3310463121784
                ], 
                [
                    40.34305317324185, 
                    337.56432246998287
                ], 
                [
                    43.63636363636363, 
                    348.2675814751286
                ], 
                [
                    46.92967409948542, 
                    361.44082332761576
                ], 
                [
                    48.57632933104631, 
                    372.14408233276157
                ]
            ], 
            "user": "daid", 
            "verified": 0
        }, 
        {
            "date": "09-Apr-2018 22:01:43", 
            "deleted": 0, 
            "draw": true, 
            "id": 3, 
            "label": "person", 
            "polygon": [
                [
                    545.8662092624356, 
                    288.98799313893653
                ], 
                [
                    557.3927958833619, 
                    292.2813036020583
                ], 
                [
                    560.6861063464837, 
                    292.2813036020583
                ], 
                [
                    562.3327615780446, 
                    284.0480274442539
                ], 
                [
                    566.4493996569469, 
                    270.87478559176674
                ], 
                [
                    563.9794168096055, 
                    255.23156089193824
                ], 
                [
                    569.7427101200686, 
                    250.29159519725556
                ], 
                [
                    568.0960548885078, 
                    240.41166380789022
                ], 
                [
                    563.156089193825, 
                    234.6483704974271
                ], 
                [
                    560.6861063464837, 
                    227.23842195540308
                ], 
                [
                    554.9228130360206, 
                    226.41509433962264
                ], 
                [
                    549.9828473413379, 
                    228.88507718696397
                ], 
                [
                    549.9828473413379, 
                    231.35506003430532
                ], 
                [
                    549.9828473413379, 
                    236.29502572898798
                ], 
                [
                    547.5128644939965, 
                    242.88164665523155
                ], 
                [
                    545.8662092624356, 
                    249.46826758147512
                ], 
                [
                    544.2195540308747, 
                    260.1715265866209
                ], 
                [
                    545.0428816466552, 
                    270.0514579759863
                ], 
                [
                    545.8662092624356, 
                    278.2847341337907
                ]
            ], 
            "user": "daid", 
            "verified": 0
        }, 
        {
            "date": "09-Apr-2018 22:02:14", 
            "deleted": 0, 
            "draw": true, 
            "id": 4, 
            "label": "traffic light", 
            "polygon": [
                [
                    548.336192109777, 
                    204.1852487135506
                ], 
                [
                    563.9794168096055, 
                    204.1852487135506
                ], 
                [
                    563.9794168096055, 
                    170.42881646655232
                ], 
                [
                    544.2195540308747, 
                    169.60548885077188
                ], 
                [
                    543.3962264150944, 
                    201.71526586620925
                ]
            ], 
            "user": "daid", 
            "verified": 0
        }, 
        {
            "date": "09-Apr-2018 22:02:27", 
            "deleted": 0, 
            "draw": true, 
            "id": 5, 
            "label": "traffic light", 
            "polygon": [
                [
                    579.622641509434, 
                    211.59519725557462
                ], 
                [
                    591.9725557461406, 
                    210.77186963979418
                ], 
                [
                    591.9725557461406, 
                    221.47512864493996
                ], 
                [
                    578.7993138936536, 
                    223.12178387650084
                ]
            ], 
            "user": "daid", 
            "verified": 0
        }, 
        {
            "date": "09-Apr-2018 22:02:41", 
            "deleted": 0, 
            "draw": true, 
            "id": 6, 
            "label": "traffic light", 
            "polygon": [
                [
                    472.59005145797596, 
                    116.08919382504288
                ], 
                [
                    494.819897084048, 
                    116.08919382504288
                ], 
                [
                    494.819897084048, 
                    69.9828473413379
                ], 
                [
                    468.47341337907375, 
                    69.9828473413379
                ]
            ], 
            "user": "daid", 
            "verified": 0
        }, 
        {
            "date": "09-Apr-2018 22:02:53", 
            "deleted": 0, 
            "draw": true, 
            "id": 7, 
            "label": "traffic light", 
            "polygon": [
                [
                    372.967409948542, 
                    113.61921097770154
                ], 
                [
                    395.1972555746141, 
                    114.44253859348198
                ], 
                [
                    394.37392795883363, 
                    69.9828473413379
                ], 
                [
                    371.3207547169811, 
                    68.33619210977702
                ]
            ], 
            "user": "daid", 
            "verified": 0
        }, 
        {
            "date": "09-Apr-2018 22:03:09", 
            "deleted": 0, 
            "draw": true, 
            "id": 8, 
            "label": "traffic light", 
            "polygon": [
                [
                    290.6346483704974, 
                    172.89879931389365
                ], 
                [
                    310.39451114922815, 
                    173.7221269296741
                ], 
                [
                    309.5711835334477, 
                    208.30188679245282
                ], 
                [
                    289.811320754717, 
                    209.12521440823326
                ]
            ], 
            "user": "daid", 
            "verified": 0
        }, 
        {
            "date": "09-Apr-2018 22:03:35", 
            "deleted": 0, 
            "draw": true, 
            "id": 9, 
            "label": "pole", 
            "polygon": [
                [
                    298.8679245283019, 
                    212.41852487135506
                ], 
                [
                    297.221269296741, 
                    281.5780445969125
                ], 
                [
                    303.80789022298455, 
                    281.5780445969125
                ], 
                [
                    304.631217838765, 
                    212.41852487135506
                ]
            ], 
            "user": "daid", 
            "verified": 0
        }, 
        {
            "date": "09-Apr-2018 22:04:27", 
            "deleted": 0, 
            "draw": true, 
            "id": 10, 
            "label": "traffic sign", 
            "polygon": [
                [
                    417.4271012006861, 
                    110.32590051457976
                ], 
                [
                    424.0137221269297, 
                    103.73927958833619
                ], 
                [
                    427.30703259005145, 
                    94.68267581475129
                ], 
                [
                    423.19039451114924, 
                    84.80274442538594
                ], 
                [
                    416.60377358490564, 
                    82.3327615780446
                ], 
                [
                    409.19382504288166, 
                    82.3327615780446
                ], 
                [
                    404.25385934819894, 
                    83.97941680960548
                ], 
                [
                    400.9605488850772, 
                    89.74271012006861
                ], 
                [
                    399.3138936535163, 
                    95.50600343053173
                ], 
                [
                    401.7838765008576, 
                    102.91595197255575
                ], 
                [
                    409.19382504288166, 
                    106.20926243567753
                ]
            ], 
            "user": "daid", 
            "verified": 0
        }, 
        {
            "date": "09-Apr-2018 22:04:43", 
            "deleted": 0, 
            "draw": true, 
            "id": 11, 
            "label": "traffic sign", 
            "polygon": [
                [
                    596.0891938250429, 
                    149.02229845626073
                ], 
                [
                    596.9125214408233, 
                    161.3722126929674
                ], 
                [
                    633.138936535163, 
                    162.19554030874787
                ], 
                [
                    638.902229845626, 
                    154.78559176672385
                ], 
                [
                    633.138936535163, 
                    149.02229845626073
                ]
            ], 
            "user": "daid", 
            "verified": 0
        }, 
        {
            "date": "09-Apr-2018 22:04:57", 
            "deleted": 0, 
            "draw": true, 
            "id": 12, 
            "label": "traffic sign", 
            "polygon": [
                [
                    600.2058319039451, 
                    180.30874785591766
                ], 
                [
                    635.6089193825043, 
                    179.48542024013722
                ], 
                [
                    640.5488850771869, 
                    170.42881646655232
                ], 
                [
                    633.9622641509434, 
                    163.84219554030875
                ], 
                [
                    598.5591766723842, 
                    163.84219554030875
                ]
            ], 
            "user": "daid", 
            "verified": 0
        }, 
        {
            "date": "09-Apr-2018 22:05:34", 
            "deleted": 0, 
            "draw": true, 
            "id": 13, 
            "label": "car", 
            "polygon": [
                [
                    65.04288164665523, 
                    267.5814751286449
                ], 
                [
                    76.56946826758147, 
                    266.75814751286447
                ], 
                [
                    82.3327615780446, 
                    256.87821612349916
                ], 
                [
                    88.91938250428817, 
                    254.4082332761578
                ], 
                [
                    88.91938250428817, 
                    243.704974271012
                ], 
                [
                    77.39279588336193, 
                    245.3516295025729
                ], 
                [
                    68.33619210977702, 
                    247.82161234991423
                ], 
                [
                    66.68953687821612, 
                    253.58490566037736
                ], 
                [
                    64.21955403087479, 
                    259.3481989708405
                ]
            ], 
            "user": "daid", 
            "verified": 0
        }, 
        {
            "date": "09-Apr-2018 22:06:21", 
            "deleted": 0, 
            "draw": true, 
            "id": 14, 
            "label": "road", 
            "polygon": [
                [
                    1.646655231560892, 
                    372.967409948542
                ], 
                [
                    0.0, 
                    385.3173241852487
                ], 
                [
                    41.98970840480274, 
                    372.967409948542
                ], 
                [
                    39.519725557461406, 
                    335.0943396226415
                ], 
                [
                    60.102915951972555, 
                    311.2178387650086
                ], 
                [
                    53.516295025728986, 
                    309.5711835334477
                ], 
                [
                    54.339622641509436, 
                    290.6346483704974
                ], 
                [
                    60.102915951972555, 
                    282.401372212693
                ], 
                [
                    43.63636363636363, 
                    279.9313893653516
                ], 
                [
                    40.34305317324185, 
                    273.34476843910807
                ], 
                [
                    42.81303602058319, 
                    269.22813036020585
                ], 
                [
                    63.39622641509434, 
                    266.75814751286447
                ], 
                [
                    60.926243567753, 
                    259.3481989708405
                ], 
                [
                    21.406518010291595, 
                    260.1715265866209
                ], 
                [
                    0.0, 
                    262.64150943396226
                ]
            ], 
            "user": "daid", 
            "verified": 0
        }, 
        {
            "date": "09-Apr-2018 22:06:46", 
            "deleted": 0, 
            "draw": true, 
            "id": 15, 
            "label": "car", 
            "polygon": [
                [
                    264.28816466552314, 
                    251.11492281303603
                ], 
                [
                    274.99142367066895, 
                    250.29159519725556
                ], 
                [
                    290.6346483704974, 
                    250.29159519725556
                ], 
                [
                    293.9279588336192, 
                    243.704974271012
                ], 
                [
                    293.9279588336192, 
                    240.41166380789022
                ], 
                [
                    288.98799313893653, 
                    234.6483704974271
                ], 
                [
                    270.87478559176674, 
                    235.47169811320754
                ], 
                [
                    265.934819897084, 
                    237.11835334476842
                ], 
                [
                    257.7015437392796, 
                    237.11835334476842
                ], 
                [
                    251.93825042881647, 
                    237.11835334476842
                ]
            ], 
            "user": "daid", 
            "verified": 0
        }, 
        {
            "date": "09-Apr-2018 22:07:02", 
            "deleted": 0, 
            "draw": true, 
            "id": 16, 
            "label": "car", 
            "polygon": [
                [
                    411.663807890223, 
                    252.76157804459692
                ], 
                [
                    428.1303602058319, 
                    252.76157804459692
                ], 
                [
                    428.1303602058319, 
                    242.88164665523155
                ], 
                [
                    424.0137221269297, 
                    238.76500857632934
                ], 
                [
                    415.7804459691252, 
                    235.47169811320754
                ], 
                [
                    410.0171526586621, 
                    238.76500857632934
                ], 
                [
                    410.0171526586621, 
                    244.52830188679246
                ]
            ], 
            "user": "daid", 
            "verified": 0
        }, 
        {
            "date": "09-Apr-2018 22:07:14", 
            "deleted": 0, 
            "draw": true, 
            "id": 17, 
            "label": "car", 
            "polygon": [
                [
                    431.42367066895366, 
                    249.46826758147512
                ], 
                [
                    442.9502572898799, 
                    249.46826758147512
                ], 
                [
                    442.9502572898799, 
                    242.0583190394511
                ], 
                [
                    440.4802744425386, 
                    238.76500857632934
                ], 
                [
                    432.2469982847341, 
                    237.9416809605489
                ], 
                [
                    428.1303602058319, 
                    242.0583190394511
                ]
            ], 
            "user": "daid", 
            "verified": 0
        }, 
        {
            "date": "09-Apr-2018 22:07:29", 
            "deleted": 0, 
            "draw": true, 
            "id": 18, 
            "label": "car", 
            "polygon": [
                [
                    445.42024013722124, 
                    246.17495711835335
                ], 
                [
                    452.8301886792453, 
                    246.9982847341338
                ], 
                [
                    454.47684391080617, 
                    246.9982847341338
                ], 
                [
                    453.6535162950257, 
                    242.0583190394511
                ], 
                [
                    448.71355060034307, 
                    238.76500857632934
                ], 
                [
                    445.42024013722124, 
                    239.58833619210978
                ], 
                [
                    444.5969125214408, 
                    242.88164665523155
                ]
            ], 
            "user": "daid", 
            "verified": 0
        }, 
        {
            "date": "09-Apr-2018 22:07:41", 
            "deleted": 0, 
            "draw": true, 
            "id": 19, 
            "label": "car", 
            "polygon": [
                [
                    461.8867924528302, 
                    249.46826758147512
                ], 
                [
                    473.4133790737564, 
                    249.46826758147512
                ], 
                [
                    471.7667238421955, 
                    245.3516295025729
                ], 
                [
                    470.12006861063463, 
                    240.41166380789022
                ], 
                [
                    462.71012006861065, 
                    240.41166380789022
                ], 
                [
                    459.4168096054888, 
                    240.41166380789022
                ]
            ], 
            "user": "daid", 
            "verified": 0
        }, 
        {
            "date": "09-Apr-2018 22:08:02", 
            "deleted": 0, 
            "draw": true, 
            "id": 20, 
            "label": "car", 
            "polygon": [
                [
                    355.67753001715266, 
                    238.76500857632934
                ], 
                [
                    355.67753001715266, 
                    243.704974271012
                ], 
                [
                    358.147512864494, 
                    245.3516295025729
                ], 
                [
                    368.8507718696398, 
                    245.3516295025729
                ], 
                [
                    382.8473413379074, 
                    246.17495711835335
                ], 
                [
                    385.3173241852487, 
                    244.52830188679246
                ], 
                [
                    382.8473413379074, 
                    237.11835334476842
                ]
            ], 
            "user": "daid", 
            "verified": 0
        }, 
        {
            "date": "09-Apr-2018 22:08:11", 
            "deleted": 0, 
            "draw": true, 
            "id": 21, 
            "label": "car", 
            "polygon": [
                [
                    390.25728987993136, 
                    246.17495711835335
                ], 
                [
                    397.6672384219554, 
                    242.88164665523155
                ], 
                [
                    397.6672384219554, 
                    235.47169811320754
                ], 
                [
                    388.6106346483705, 
                    236.29502572898798
                ]
            ], 
            "user": "daid", 
            "verified": 0
        }, 
        {
            "date": "09-Apr-2018 22:08:36", 
            "deleted": 0, 
            "draw": true, 
            "id": 22, 
            "label": "pole", 
            "polygon": [
                [
                    612.5557461406518, 
                    279.9313893653516
                ], 
                [
                    623.2590051457976, 
                    280.75471698113205
                ], 
                [
                    624.9056603773585, 
                    223.12178387650084
                ], 
                [
                    623.2590051457976, 
                    178.66209262435677
                ], 
                [
                    609.26243567753, 
                    178.66209262435677
                ], 
                [
                    608.4391080617496, 
                    279.10806174957116
                ]
            ], 
            "user": "daid", 
            "verified": 0
        }, 
        {
            "date": "09-Apr-2018 22:09:03", 
            "deleted": 0, 
            "draw": true, 
            "id": 23, 
            "label": "sidewalk", 
            "polygon": [
                [
                    475.8833619210978, 
                    260.1715265866209
                ], 
                [
                    461.8867924528302, 
                    250.29159519725556
                ], 
                [
                    481.6466552315609, 
                    252.76157804459692
                ], 
                [
                    498.1132075471698, 
                    255.23156089193824
                ], 
                [
                    526.9296740994854, 
                    255.23156089193824
                ], 
                [
                    528.5763293310463, 
                    260.99485420240137
                ], 
                [
                    506.3464837049743, 
                    261.8181818181818
                ], 
                [
                    485.7632933104631, 
                    261.8181818181818
                ]
            ], 
            "user": "daid", 
            "verified": 0
        }, 
        {
            "date": "09-Apr-2018 22:09:36", 
            "deleted": 0, 
            "draw": true, 
            "id": 24, 
            "label": "building", 
            "polygon": [
                [
                    503.0531732418525, 
                    122.67581475128645
                ], 
                [
                    505.52315608919383, 
                    219.82847341337907
                ], 
                [
                    524.4596912521441, 
                    219.82847341337907
                ], 
                [
                    530.2229845626072, 
                    212.41852487135506
                ], 
                [
                    545.0428816466552, 
                    212.41852487135506
                ], 
                [
                    541.7495711835335, 
                    196.7753001715266
                ], 
                [
                    545.0428816466552, 
                    167.95883361921096
                ], 
                [
                    559.0394511149228, 
                    165.48885077186964
                ], 
                [
                    573.8593481989708, 
                    163.84219554030875
                ], 
                [
                    581.2692967409948, 
                    168.78216123499143
                ], 
                [
                    590.3259005145798, 
                    171.25214408233276
                ], 
                [
                    596.0891938250429, 
                    173.7221269296741
                ], 
                [
                    595.2658662092624, 
                    150.6689536878216
                ], 
                [
                    598.5591766723842, 
                    146.55231560891937
                ], 
                [
                    612.5557461406518, 
                    147.37564322469981
                ], 
                [
                    611.7324185248714, 
                    144.08233276157804
                ], 
                [
                    608.4391080617496, 
                    107.85591766723842
                ], 
                [
                    513.7564322469983, 
                    116.08919382504288
                ]
            ], 
            "user": "daid", 
            "verified": 0
        }, 
        {
            "date": "09-Apr-2018 22:10:09", 
            "deleted": 0, 
            "draw": true, 
            "id": 25, 
            "label": "traffic sign", 
            "polygon": [
                [
                    582.9159519725557, 
                    173.7221269296741
                ], 
                [
                    570.566037735849, 
                    181.95540308747854
                ], 
                [
                    582.0926243567753, 
                    193.4819897084048
                ], 
                [
                    595.2658662092624, 
                    181.95540308747854
                ]
            ], 
            "user": "daid", 
            "verified": 0
        }
    ]
}