{
    "imgHeight": 1080, 
    "imgWidth": 1920, 
    "objects": [
        {
            "date": "15-Nov-2018 17:08:19", 
            "deleted": 0, 
            "draw": true, 
            "id": 0, 
            "label": "person", 
            "polygon": [
                [
                    815.1295336787565, 
                    833.7823834196892
                ], 
                [
                    841.2435233160622, 
                    835.6476683937824
                ], 
                [
                    837.5129533678756, 
                    815.1295336787565
                ], 
                [
                    848.7046632124352, 
                    785.2849740932643
                ], 
                [
                    865.4922279792746, 
                    815.1295336787565
                ], 
                [
                    878.5492227979275, 
                    831.9170984455959
                ], 
                [
                    899.0673575129534, 
                    830.0518134715027
                ], 
                [
                    876.6839378238342, 
                    785.2849740932643
                ], 
                [
                    869.2227979274612, 
                    761.0362694300518
                ], 
                [
                    869.2227979274612, 
                    731.1917098445596
                ], 
                [
                    876.6839378238342, 
                    731.1917098445596
                ], 
                [
                    876.6839378238342, 
                    712.5388601036269
                ], 
                [
                    867.3575129533679, 
                    686.4248704663213
                ], 
                [
                    867.3575129533679, 
                    669.6373056994819
                ], 
                [
                    835.6476683937824, 
                    669.6373056994819
                ], 
                [
                    843.1088082901555, 
                    688.2901554404145
                ], 
                [
                    831.9170984455959, 
                    733.0569948186529
                ], 
                [
                    818.860103626943, 
                    747.979274611399
                ], 
                [
                    815.1295336787565, 
                    764.7668393782384
                ], 
                [
                    830.0518134715027, 
                    774.0932642487047
                ]
            ], 
            "user": "daid", 
            "verified": 0
        }, 
        {
            "date": "15-Nov-2018 17:08:50", 
            "deleted": 0, 
            "draw": true, 
            "id": 1, 
            "label": "person", 
            "polygon": [
                [
                    1270.259067357513, 
                    876.6839378238342
                ], 
                [
                    1303.8341968911918, 
                    882.279792746114
                ], 
                [
                    1298.238341968912, 
                    858.0310880829015
                ], 
                [
                    1305.699481865285, 
                    816.9948186528497
                ], 
                [
                    1337.4093264248704, 
                    869.2227979274612
                ], 
                [
                    1359.7927461139898, 
                    867.3575129533679
                ], 
                [
                    1367.2538860103627, 
                    852.4352331606218
                ], 
                [
                    1339.2746113989638, 
                    828.1865284974093
                ], 
                [
                    1326.217616580311, 
                    792.7461139896374
                ], 
                [
                    1335.5440414507773, 
                    772.2279792746115
                ], 
                [
                    1324.3523316062176, 
                    738.6528497409327
                ], 
                [
                    1316.8911917098446, 
                    692.020725388601
                ], 
                [
                    1307.5647668393783, 
                    654.7150259067357
                ], 
                [
                    1290.777202072539, 
                    656.5803108808291
                ], 
                [
                    1279.5854922279793, 
                    690.1554404145078
                ], 
                [
                    1270.259067357513, 
                    720.0
                ], 
                [
                    1279.5854922279793, 
                    768.4974093264249
                ], 
                [
                    1287.0466321243523, 
                    798.3419689119171
                ], 
                [
                    1277.720207253886, 
                    822.5906735751296
                ], 
                [
                    1266.5284974093265, 
                    859.8963730569949
                ]
            ], 
            "user": "daid", 
            "verified": 0
        }, 
        {
            "date": "15-Nov-2018 17:09:15", 
            "deleted": 0, 
            "draw": true, 
            "id": 2, 
            "label": "rider", 
            "polygon": [
                [
                    779.6891191709844, 
                    790.8808290155441
                ], 
                [
                    800.2072538860103, 
                    783.419689119171
                ], 
                [
                    811.39896373057, 
                    761.0362694300518
                ], 
                [
                    816.9948186528497, 
                    740.5181347150259
                ], 
                [
                    815.1295336787565, 
                    716.2694300518135
                ], 
                [
                    822.5906735751296, 
                    706.9430051813472
                ], 
                [
                    816.9948186528497, 
                    686.4248704663213
                ], 
                [
                    802.0725388601037, 
                    664.041450777202
                ], 
                [
                    785.2849740932643, 
                    673.3678756476684
                ], 
                [
                    792.7461139896374, 
                    684.559585492228
                ], 
                [
                    783.419689119171, 
                    690.1554404145078
                ], 
                [
                    775.958549222798, 
                    710.6735751295337
                ], 
                [
                    770.3626943005181, 
                    723.7305699481866
                ], 
                [
                    775.958549222798, 
                    742.3834196891193
                ], 
                [
                    775.958549222798, 
                    775.958549222798
                ]
            ], 
            "user": "daid", 
            "verified": 0
        }, 
        {
            "date": "15-Nov-2018 17:09:33", 
            "deleted": 0, 
            "draw": true, 
            "id": 3, 
            "label": "person", 
            "polygon": [
                [
                    1009.119170984456, 
                    712.5388601036269
                ], 
                [
                    1018.4455958549223, 
                    721.8652849740932
                ], 
                [
                    1018.4455958549223, 
                    708.8082901554404
                ], 
                [
                    1022.1761658031088, 
                    686.4248704663213
                ], 
                [
                    1010.9844559585492, 
                    677.098445595855
                ], 
                [
                    1009.119170984456, 
                    703.2124352331606
                ]
            ], 
            "user": "daid", 
            "verified": 0
        }, 
        {
            "date": "15-Nov-2018 17:10:03", 
            "deleted": 0, 
            "draw": true, 
            "id": 4, 
            "label": "person", 
            "polygon": [
                [
                    1609.740932642487, 
                    891.6062176165804
                ], 
                [
                    1633.9896373056995, 
                    893.4715025906736
                ], 
                [
                    1652.6424870466321, 
                    900.9326424870467
                ], 
                [
                    1645.1813471502592, 
                    865.4922279792746
                ], 
                [
                    1641.4507772020727, 
                    822.5906735751296
                ], 
                [
                    1654.5077720207255, 
                    820.7253886010363
                ], 
                [
                    1665.699481865285, 
                    789.0155440414508
                ], 
                [
                    1652.6424870466321, 
                    755.4404145077721
                ], 
                [
                    1645.1813471502592, 
                    740.5181347150259
                ], 
                [
                    1632.1243523316064, 
                    720.0
                ], 
                [
                    1628.3937823834196, 
                    697.6165803108809
                ], 
                [
                    1609.740932642487, 
                    682.6943005181347
                ], 
                [
                    1596.6839378238342, 
                    695.7512953367876
                ], 
                [
                    1606.0103626943005, 
                    710.6735751295337
                ], 
                [
                    1604.1450777202074, 
                    721.8652849740932
                ], 
                [
                    1585.4922279792747, 
                    738.6528497409327
                ], 
                [
                    1570.5699481865286, 
                    744.2487046632125
                ], 
                [
                    1570.5699481865286, 
                    762.9015544041451
                ], 
                [
                    1585.4922279792747, 
                    770.3626943005181
                ], 
                [
                    1602.279792746114, 
                    787.1502590673575
                ], 
                [
                    1594.818652849741, 
                    824.4559585492228
                ], 
                [
                    1609.740932642487, 
                    858.0310880829015
                ]
            ], 
            "user": "daid", 
            "verified": 0
        }, 
        {
            "date": "15-Nov-2018 17:11:27", 
            "deleted": 0, 
            "draw": true, 
            "id": 5, 
            "label": "road", 
            "polygon": [
                [
                    1.8652849740932642, 
                    971.8134715025907
                ], 
                [
                    1.8652849740932642, 
                    1079.0
                ], 
                [
                    1581.7616580310882, 
                    1079.0
                ], 
                [
                    1343.0051813471503, 
                    928.9119170984457
                ], 
                [
                    1298.238341968912, 
                    900.9326424870467
                ], 
                [
                    1262.79792746114, 
                    874.8186528497409
                ], 
                [
                    1238.5492227979275, 
                    846.839378238342
                ], 
                [
                    1201.2435233160622, 
                    818.860103626943
                ], 
                [
                    1163.937823834197, 
                    792.7461139896374
                ], 
                [
                    1137.8238341968913, 
                    764.7668393782384
                ], 
                [
                    1104.2487046632125, 
                    742.3834196891193
                ], 
                [
                    1078.1347150259069, 
                    718.1347150259068
                ], 
                [
                    1059.4818652849742, 
                    706.9430051813472
                ], 
                [
                    1038.9637305699482, 
                    686.4248704663213
                ], 
                [
                    1027.7720207253885, 
                    686.4248704663213
                ], 
                [
                    1025.9067357512954, 
                    703.2124352331606
                ], 
                [
                    1024.041450777202, 
                    720.0
                ], 
                [
                    1009.119170984456, 
                    720.0
                ], 
                [
                    1005.3886010362695, 
                    678.9637305699482
                ], 
                [
                    990.4663212435233, 
                    680.8290155440415
                ], 
                [
                    971.8134715025907, 
                    699.4818652849741
                ], 
                [
                    956.8911917098446, 
                    708.8082901554404
                ], 
                [
                    934.5077720207254, 
                    708.8082901554404
                ], 
                [
                    900.9326424870467, 
                    712.5388601036269
                ], 
                [
                    874.8186528497409, 
                    725.5958549222798
                ], 
                [
                    876.6839378238342, 
                    768.4974093264249
                ], 
                [
                    900.9326424870467, 
                    826.3212435233161
                ], 
                [
                    882.279792746114, 
                    837.5129533678756
                ], 
                [
                    858.0310880829015, 
                    809.5336787564767
                ], 
                [
                    850.5699481865286, 
                    796.4766839378239
                ], 
                [
                    843.1088082901555, 
                    831.9170984455959
                ], 
                [
                    813.2642487046633, 
                    833.7823834196892
                ], 
                [
                    820.7253886010363, 
                    783.419689119171
                ], 
                [
                    818.860103626943, 
                    772.2279792746115
                ], 
                [
                    811.39896373057, 
                    770.3626943005181
                ], 
                [
                    794.6113989637306, 
                    792.7461139896374
                ], 
                [
                    768.4974093264249, 
                    794.6113989637306
                ], 
                [
                    775.958549222798, 
                    774.0932642487047
                ], 
                [
                    774.0932642487047, 
                    749.8445595854922
                ], 
                [
                    0.0, 
                    968.0829015544042
                ]
            ], 
            "user": "daid", 
            "verified": 0
        }, 
        {
            "date": "15-Nov-2018 18:52:36", 
            "deleted": 0, 
            "draw": true, 
            "id": 6, 
            "label": "sidewalk", 
            "polygon": [
                [
                    3.7305699481865284, 
                    699.4818652849741
                ], 
                [
                    0.0, 
                    964.3523316062176
                ], 
                [
                    309.6373056994819, 
                    884.1450777202073
                ], 
                [
                    509.22279792746116, 
                    831.9170984455959
                ], 
                [
                    617.4093264248705, 
                    785.2849740932643
                ], 
                [
                    684.559585492228, 
                    764.7668393782384
                ], 
                [
                    759.1709844559585, 
                    747.979274611399
                ], 
                [
                    774.0932642487047, 
                    725.5958549222798
                ], 
                [
                    772.2279792746115, 
                    714.4041450777203
                ], 
                [
                    736.7875647668394, 
                    721.8652849740932
                ], 
                [
                    716.2694300518135, 
                    734.9222797927462
                ], 
                [
                    678.9637305699482, 
                    742.3834196891193
                ], 
                [
                    639.7927461139897, 
                    747.979274611399
                ], 
                [
                    602.4870466321244, 
                    755.4404145077721
                ], 
                [
                    572.6424870466321, 
                    759.1709844559585
                ], 
                [
                    559.5854922279793, 
                    747.979274611399
                ], 
                [
                    561.4507772020726, 
                    734.9222797927462
                ], 
                [
                    533.4715025906736, 
                    736.7875647668394
                ], 
                [
                    488.70466321243526, 
                    740.5181347150259
                ], 
                [
                    443.93782383419693, 
                    746.1139896373057
                ], 
                [
                    406.63212435233163, 
                    744.2487046632125
                ], 
                [
                    332.020725388601, 
                    733.0569948186529
                ], 
                [
                    248.08290155440415, 
                    725.5958549222798
                ], 
                [
                    208.9119170984456, 
                    731.1917098445596
                ], 
                [
                    145.49222797927462, 
                    733.0569948186529
                ], 
                [
                    104.4559585492228, 
                    718.1347150259068
                ], 
                [
                    69.01554404145078, 
                    723.7305699481866
                ], 
                [
                    41.03626943005182, 
                    706.9430051813472
                ]
            ], 
            "user": "daid", 
            "verified": 0
        }, 
        {
            "date": "15-Nov-2018 18:53:13", 
            "deleted": 0, 
            "draw": true, 
            "id": 7, 
            "label": "sidewalk", 
            "polygon": [
                [
                    1076.2694300518135, 
                    716.2694300518135
                ], 
                [
                    1098.6528497409327, 
                    718.1347150259068
                ], 
                [
                    1109.8445595854923, 
                    718.1347150259068
                ], 
                [
                    1126.6321243523316, 
                    718.1347150259068
                ], 
                [
                    1141.5544041450778, 
                    723.7305699481866
                ], 
                [
                    1165.8031088082903, 
                    731.1917098445596
                ], 
                [
                    1182.5906735751296, 
                    736.7875647668394
                ], 
                [
                    1193.7823834196893, 
                    744.2487046632125
                ], 
                [
                    1204.9740932642487, 
                    740.5181347150259
                ], 
                [
                    1214.300518134715, 
                    762.9015544041451
                ], 
                [
                    1225.4922279792747, 
                    766.6321243523316
                ], 
                [
                    1247.8756476683939, 
                    768.4974093264249
                ], 
                [
                    1273.9896373056995, 
                    770.3626943005181
                ], 
                [
                    1287.0466321243523, 
                    794.6113989637306
                ], 
                [
                    1279.5854922279793, 
                    820.7253886010363
                ], 
                [
                    1264.6632124352332, 
                    861.7616580310881
                ], 
                [
                    1264.6632124352332, 
                    871.0880829015545
                ], 
                [
                    1197.5129533678758, 
                    809.5336787564767
                ], 
                [
                    1141.5544041450778, 
                    766.6321243523316
                ], 
                [
                    1106.1139896373056, 
                    740.5181347150259
                ]
            ], 
            "user": "daid", 
            "verified": 0
        }, 
        {
            "date": "15-Nov-2018 18:54:14", 
            "deleted": 0, 
            "draw": true, 
            "id": 8, 
            "label": "sidewalk", 
            "polygon": [
                [
                    1309.4300518134714, 
                    837.5129533678756
                ], 
                [
                    1301.9689119170985, 
                    848.7046632124352
                ], 
                [
                    1303.8341968911918, 
                    871.0880829015545
                ], 
                [
                    1309.4300518134714, 
                    882.279792746114
                ], 
                [
                    1270.259067357513, 
                    880.4145077720208
                ], 
                [
                    1324.3523316062176, 
                    913.9896373056995
                ], 
                [
                    1389.6373056994819, 
                    955.0259067357513
                ], 
                [
                    1445.5958549222798, 
                    994.1968911917098
                ], 
                [
                    1512.7461139896373, 
                    1035.2331606217617
                ], 
                [
                    1566.839378238342, 
                    1066.9430051813472
                ], 
                [
                    1583.6269430051814, 
                    1079.0
                ], 
                [
                    1919.0, 
                    1079.0
                ], 
                [
                    1919.0, 
                    872.9533678756477
                ], 
                [
                    1874.6113989637306, 
                    863.6269430051814
                ], 
                [
                    1822.3834196891191, 
                    854.300518134715
                ], 
                [
                    1768.2901554404145, 
                    846.839378238342
                ], 
                [
                    1699.2746113989638, 
                    833.7823834196892
                ], 
                [
                    1658.238341968912, 
                    820.7253886010363
                ], 
                [
                    1647.0466321243523, 
                    820.7253886010363
                ], 
                [
                    1645.1813471502592, 
                    835.6476683937824
                ], 
                [
                    1647.0466321243523, 
                    856.1658031088083
                ], 
                [
                    1652.6424870466321, 
                    878.5492227979275
                ], 
                [
                    1656.3730569948186, 
                    900.9326424870467
                ], 
                [
                    1626.5284974093265, 
                    893.4715025906736
                ], 
                [
                    1602.279792746114, 
                    891.6062176165804
                ], 
                [
                    1600.4145077720207, 
                    856.1658031088083
                ], 
                [
                    1587.3575129533679, 
                    818.860103626943
                ], 
                [
                    1557.5129533678758, 
                    822.5906735751296
                ], 
                [
                    1518.341968911917, 
                    816.9948186528497
                ], 
                [
                    1466.1139896373058, 
                    811.39896373057
                ], 
                [
                    1436.2694300518135, 
                    790.8808290155441
                ], 
                [
                    1393.3678756476684, 
                    783.419689119171
                ], 
                [
                    1391.5025906735752, 
                    790.8808290155441
                ], 
                [
                    1398.9637305699482, 
                    809.5336787564767
                ], 
                [
                    1372.8497409326426, 
                    815.1295336787565
                ], 
                [
                    1348.60103626943, 
                    805.8031088082902
                ], 
                [
                    1339.2746113989638, 
                    800.2072538860103
                ], 
                [
                    1348.60103626943, 
                    826.3212435233161
                ], 
                [
                    1367.2538860103627, 
                    839.378238341969
                ], 
                [
                    1370.9844559585492, 
                    861.7616580310881
                ], 
                [
                    1367.2538860103627, 
                    872.9533678756477
                ], 
                [
                    1335.5440414507773, 
                    872.9533678756477
                ], 
                [
                    1328.082901554404, 
                    863.6269430051814
                ], 
                [
                    1313.1606217616581, 
                    844.9740932642487
                ]
            ], 
            "user": "daid", 
            "verified": 0
        }, 
        {
            "date": "15-Nov-2018 18:55:45", 
            "deleted": 0, 
            "draw": true, 
            "id": 9, 
            "label": "building", 
            "polygon": [
                [
                    565.1813471502591, 
                    729.3264248704663
                ], 
                [
                    561.4507772020726, 
                    703.2124352331606
                ], 
                [
                    561.4507772020726, 
                    677.098445595855
                ], 
                [
                    576.3730569948186, 
                    677.098445595855
                ], 
                [
                    576.3730569948186, 
                    637.9274611398964
                ], 
                [
                    580.1036269430052, 
                    604.3523316062176
                ], 
                [
                    587.5647668393783, 
                    595.0259067357513
                ], 
                [
                    617.4093264248705, 
                    598.7564766839379
                ], 
                [
                    624.8704663212435, 
                    585.699481865285
                ], 
                [
                    664.041450777202, 
                    589.4300518134716
                ], 
                [
                    664.041450777202, 
                    589.4300518134716
                ], 
                [
                    664.041450777202, 
                    619.2746113989638
                ], 
                [
                    697.6165803108809, 
                    619.2746113989638
                ], 
                [
                    746.1139896373057, 
                    619.2746113989638
                ], 
                [
                    764.7668393782384, 
                    621.139896373057
                ], 
                [
                    762.9015544041451, 
                    639.7927461139897
                ], 
                [
                    762.9015544041451, 
                    686.4248704663213
                ], 
                [
                    759.1709844559585, 
                    718.1347150259068
                ], 
                [
                    775.958549222798, 
                    716.2694300518135
                ], 
                [
                    779.6891191709844, 
                    692.020725388601
                ], 
                [
                    792.7461139896374, 
                    684.559585492228
                ], 
                [
                    789.0155440414508, 
                    669.6373056994819
                ], 
                [
                    803.9378238341969, 
                    660.3108808290156
                ], 
                [
                    820.7253886010363, 
                    678.9637305699482
                ], 
                [
                    822.5906735751296, 
                    626.7357512953369
                ], 
                [
                    802.0725388601037, 
                    615.5440414507772
                ], 
                [
                    794.6113989637306, 
                    615.5440414507772
                ], 
                [
                    794.6113989637306, 
                    578.238341968912
                ], 
                [
                    794.6113989637306, 
                    540.9326424870467
                ], 
                [
                    794.6113989637306, 
                    540.9326424870467
                ], 
                [
                    800.2072538860103, 
                    427.1502590673575
                ], 
                [
                    802.0725388601037, 
                    397.3056994818653
                ], 
                [
                    830.0518134715027, 
                    430.88082901554407
                ], 
                [
                    846.839378238342, 
                    430.88082901554407
                ], 
                [
                    831.9170984455959, 
                    387.979274611399
                ], 
                [
                    818.860103626943, 
                    346.9430051813472
                ], 
                [
                    798.3419689119171, 
                    298.4455958549223
                ], 
                [
                    736.7875647668394, 
                    223.8341968911917
                ], 
                [
                    736.7875647668394, 
                    223.8341968911917
                ], 
                [
                    675.2331606217617, 
                    139.89637305699483
                ], 
                [
                    675.2331606217617, 
                    139.89637305699483
                ], 
                [
                    632.3316062176166, 
                    65.28497409326425
                ], 
                [
                    585.699481865285, 
                    1.8652849740932642
                ], 
                [
                    0.0, 
                    0.0
                ], 
                [
                    0.0, 
                    692.020725388601
                ], 
                [
                    78.3419689119171, 
                    692.020725388601
                ], 
                [
                    134.30051813471502, 
                    701.3471502590673
                ], 
                [
                    177.2020725388601, 
                    706.9430051813472
                ], 
                [
                    227.56476683937825, 
                    712.5388601036269
                ], 
                [
                    281.6580310880829, 
                    725.5958549222798
                ], 
                [
                    341.34715025906735, 
                    736.7875647668394
                ], 
                [
                    387.979274611399, 
                    740.5181347150259
                ], 
                [
                    423.419689119171, 
                    746.1139896373057
                ], 
                [
                    460.7253886010363, 
                    746.1139896373057
                ], 
                [
                    509.22279792746116, 
                    736.7875647668394
                ], 
                [
                    548.3937823834198, 
                    736.7875647668394
                ], 
                [
                    568.9119170984457, 
                    727.4611398963731
                ]
            ], 
            "user": "daid", 
            "verified": 0
        }, 
        {
            "date": "15-Nov-2018 18:56:12", 
            "deleted": 0, 
            "draw": true, 
            "id": 10, 
            "label": "vegetation", 
            "polygon": [
                [
                    1182.5906735751296, 
                    570.7772020725389
                ], 
                [
                    1203.1088082901554, 
                    581.9689119170985
                ], 
                [
                    1223.6269430051814, 
                    593.160621761658
                ], 
                [
                    1238.5492227979275, 
                    624.8704663212435
                ], 
                [
                    1212.4352331606217, 
                    611.8134715025907
                ], 
                [
                    1195.6476683937824, 
                    611.8134715025907
                ], 
                [
                    1199.3782383419689, 
                    643.5233160621761
                ], 
                [
                    1199.3782383419689, 
                    654.7150259067357
                ], 
                [
                    1184.455958549223, 
                    654.7150259067357
                ], 
                [
                    1184.455958549223, 
                    630.4663212435233
                ], 
                [
                    1175.1295336787566, 
                    611.8134715025907
                ], 
                [
                    1175.1295336787566, 
                    581.9689119170985
                ]
            ], 
            "user": "daid", 
            "verified": 0
        }, 
        {
            "date": "15-Nov-2018 18:56:42", 
            "deleted": 0, 
            "draw": true, 
            "id": 11, 
            "label": "vegetation", 
            "polygon": [
                [
                    1335.5440414507773, 
                    647.2538860103627
                ], 
                [
                    1352.3316062176166, 
                    632.3316062176166
                ], 
                [
                    1378.4455958549224, 
                    650.9844559585492
                ], 
                [
                    1398.9637305699482, 
                    626.7357512953369
                ], 
                [
                    1391.5025906735752, 
                    574.5077720207254
                ], 
                [
                    1408.2901554404145, 
                    544.6632124352332
                ], 
                [
                    1384.041450777202, 
                    505.4922279792746
                ], 
                [
                    1376.580310880829, 
                    470.0518134715026
                ], 
                [
                    1354.19689119171, 
                    442.07253886010363
                ], 
                [
                    1343.0051813471503, 
                    417.8238341968912
                ], 
                [
                    1352.3316062176166, 
                    386.11398963730574
                ], 
                [
                    1357.9274611398964, 
                    343.21243523316065
                ], 
                [
                    1333.678756476684, 
                    343.21243523316065
                ], 
                [
                    1324.3523316062176, 
                    401.03626943005185
                ], 
                [
                    1311.2953367875648, 
                    421.55440414507774
                ], 
                [
                    1300.103626943005, 
                    447.6683937823834
                ], 
                [
                    1315.0259067357513, 
                    468.18652849740937
                ], 
                [
                    1298.238341968912, 
                    484.9740932642487
                ], 
                [
                    1313.1606217616581, 
                    499.89637305699483
                ], 
                [
                    1292.6424870466321, 
                    531.6062176165804
                ], 
                [
                    1313.1606217616581, 
                    531.6062176165804
                ], 
                [
                    1309.4300518134714, 
                    574.5077720207254
                ], 
                [
                    1329.9481865284974, 
                    570.7772020725389
                ], 
                [
                    1320.6217616580311, 
                    621.139896373057
                ], 
                [
                    1341.1398963730571, 
                    617.4093264248705
                ]
            ], 
            "user": "daid", 
            "verified": 0
        }, 
        {
            "date": "15-Nov-2018 18:57:33", 
            "deleted": 0, 
            "draw": true, 
            "id": 12, 
            "label": "building", 
            "polygon": [
                [
                    1520.2072538860104, 
                    598.7564766839379
                ], 
                [
                    1639.5854922279793, 
                    583.8341968911917
                ], 
                [
                    1717.9274611398964, 
                    572.6424870466321
                ], 
                [
                    1814.9222797927462, 
                    559.5854922279793
                ], 
                [
                    1910.0518134715026, 
                    544.6632124352332
                ], 
                [
                    1919.0, 
                    540.9326424870467
                ], 
                [
                    1919.0, 
                    772.2279792746115
                ], 
                [
                    1732.8497409326426, 
                    751.7098445595855
                ], 
                [
                    1656.3730569948186, 
                    746.1139896373057
                ], 
                [
                    1635.8549222797928, 
                    723.7305699481866
                ], 
                [
                    1632.1243523316064, 
                    699.4818652849741
                ], 
                [
                    1622.79792746114, 
                    682.6943005181347
                ], 
                [
                    1602.279792746114, 
                    684.559585492228
                ], 
                [
                    1598.5492227979275, 
                    695.7512953367876
                ], 
                [
                    1604.1450777202074, 
                    721.8652849740932
                ], 
                [
                    1591.0880829015543, 
                    734.9222797927462
                ], 
                [
                    1570.5699481865286, 
                    744.2487046632125
                ], 
                [
                    1535.1295336787566, 
                    740.5181347150259
                ], 
                [
                    1525.8031088082903, 
                    751.7098445595855
                ], 
                [
                    1501.5544041450778, 
                    733.0569948186529
                ], 
                [
                    1497.8238341968913, 
                    721.8652849740932
                ], 
                [
                    1456.7875647668395, 
                    725.5958549222798
                ], 
                [
                    1417.6165803108809, 
                    723.7305699481866
                ], 
                [
                    1400.8290155440416, 
                    740.5181347150259
                ], 
                [
                    1376.580310880829, 
                    720.0
                ], 
                [
                    1380.3108808290156, 
                    688.2901554404145
                ], 
                [
                    1376.580310880829, 
                    654.7150259067357
                ], 
                [
                    1398.9637305699482, 
                    652.8497409326425
                ], 
                [
                    1425.0777202072538, 
                    632.3316062176166
                ], 
                [
                    1430.6735751295337, 
                    617.4093264248705
                ], 
                [
                    1430.6735751295337, 
                    617.4093264248705
                ], 
                [
                    1481.0362694300518, 
                    613.6787564766839
                ]
            ], 
            "user": "daid", 
            "verified": 0
        }, 
        {
            "date": "15-Nov-2018 20:35:31", 
            "deleted": 0, 
            "draw": true, 
            "id": 13, 
            "label": "building", 
            "polygon": [
                [
                    1160.2072538860104, 
                    484.9740932642487
                ], 
                [
                    1216.1658031088084, 
                    404.76683937823833
                ], 
                [
                    1320.6217616580311, 
                    404.76683937823833
                ], 
                [
                    1300.103626943005, 
                    440.2072538860104
                ], 
                [
                    1307.5647668393783, 
                    458.86010362694304
                ], 
                [
                    1309.4300518134714, 
                    471.91709844559585
                ], 
                [
                    1298.238341968912, 
                    494.30051813471505
                ], 
                [
                    1315.0259067357513, 
                    505.4922279792746
                ], 
                [
                    1292.6424870466321, 
                    535.3367875647668
                ], 
                [
                    1307.5647668393783, 
                    535.3367875647668
                ], 
                [
                    1307.5647668393783, 
                    572.6424870466321
                ], 
                [
                    1326.217616580311, 
                    574.5077720207254
                ], 
                [
                    1322.4870466321245, 
                    623.0051813471503
                ], 
                [
                    1333.678756476684, 
                    623.0051813471503
                ], 
                [
                    1333.678756476684, 
                    649.119170984456
                ], 
                [
                    1242.279792746114, 
                    652.8497409326425
                ], 
                [
                    1236.6839378238342, 
                    595.0259067357513
                ], 
                [
                    1188.1865284974094, 
                    570.7772020725389
                ], 
                [
                    1171.39896373057, 
                    585.699481865285
                ], 
                [
                    1173.2642487046633, 
                    658.4455958549223
                ], 
                [
                    1160.2072538860104, 
                    654.7150259067357
                ]
            ], 
            "user": "daid", 
            "verified": 0
        }
    ]
}