{
    "imgHeight": 480, 
    "imgWidth": 854, 
    "objects": [
        {
            "date": "09-Apr-2018 23:58:37", 
            "deleted": 0, 
            "draw": true, 
            "id": 0, 
            "label": "road", 
            "polygon": [
                [
                    186.07204116638079, 
                    476.70668953687823
                ], 
                [
                    222.2984562607204, 
                    461.8867924528302
                ], 
                [
                    301.3379073756432, 
                    437.1869639794168
                ], 
                [
                    349.09090909090907, 
                    431.42367066895366
                ], 
                [
                    452.8301886792453, 
                    429.7770154373928
                ], 
                [
                    568.9193825042881, 
                    434.7169811320755
                ], 
                [
                    665.2487135506003, 
                    447.0668953687822
                ], 
                [
                    750.8747855917667, 
                    475.8833619210978
                ], 
                [
                    807.6843910806175, 
                    478.3533447684391
                ], 
                [
                    690.7718696397942, 
                    405.0771869639794
                ], 
                [
                    558.2161234991423, 
                    307.92452830188677
                ], 
                [
                    490.7032590051458, 
                    260.1715265866209
                ], 
                [
                    475.8833619210978, 
                    246.9982847341338
                ], 
                [
                    464.35677530017153, 
                    245.3516295025729
                ], 
                [
                    456.12349914236705, 
                    245.3516295025729
                ], 
                [
                    449.5368782161235, 
                    252.76157804459692
                ], 
                [
                    444.5969125214408, 
                    256.87821612349916
                ], 
                [
                    428.95368782161233, 
                    270.87478559176674
                ], 
                [
                    412.4871355060034, 
                    284.8713550600343
                ], 
                [
                    403.4305317324185, 
                    292.2813036020583
                ], 
                [
                    402.60720411663806, 
                    294.75128644939963
                ], 
                [
                    416.60377358490564, 
                    300.5145797598628
                ], 
                [
                    416.60377358490564, 
                    306.2778730703259
                ], 
                [
                    414.1337907375643, 
                    315.3344768439108
                ], 
                [
                    408.3704974271012, 
                    317.80445969125213
                ], 
                [
                    404.25385934819894, 
                    316.15780445969125
                ], 
                [
                    401.7838765008576, 
                    307.92452830188677
                ], 
                [
                    386.14065180102915, 
                    302.16123499142367
                ], 
                [
                    382.8473413379074, 
                    301.3379073756432
                ], 
                [
                    381.2006861063465, 
                    307.1012006861063
                ], 
                [
                    382.8473413379074, 
                    318.6277873070326
                ], 
                [
                    364.7341337907376, 
                    321.92109777015435
                ], 
                [
                    362.2641509433962, 
                    318.6277873070326
                ], 
                [
                    368.8507718696398, 
                    309.5711835334477
                ], 
                [
                    368.02744425385936, 
                    287.34133790737565
                ], 
                [
                    372.967409948542, 
                    259.3481989708405
                ], 
                [
                    372.14408233276157, 
                    254.4082332761578
                ], 
                [
                    370.4974271012007, 
                    248.64493996569468
                ], 
                [
                    370.4974271012007, 
                    262.64150943396226
                ], 
                [
                    368.8507718696398, 
                    284.8713550600343
                ], 
                [
                    368.8507718696398, 
                    307.1012006861063
                ], 
                [
                    358.97084048027443, 
                    326.0377358490566
                ], 
                [
                    279.9313893653516, 
                    395.1972555746141
                ], 
                [
                    268.4048027444254, 
                    406.7238421955403
                ]
            ], 
            "user": "daid", 
            "verified": 0
        }, 
        {
            "date": "09-Apr-2018 23:59:20", 
            "deleted": 0, 
            "draw": true, 
            "id": 1, 
            "label": "sidewalk", 
            "polygon": [
                [
                    493.9965694682676, 
                    257.7015437392796
                ], 
                [
                    531.0463121783877, 
                    251.11492281303603
                ], 
                [
                    657.0154373927959, 
                    282.401372212693
                ], 
                [
                    727.8216123499142, 
                    300.5145797598628
                ], 
                [
                    810.1543739279588, 
                    317.80445969125213
                ], 
                [
                    813.4476843910807, 
                    331.8010291595197
                ], 
                [
                    814.271012006861, 
                    348.2675814751286
                ], 
                [
                    817.5643224699828, 
                    364.7341337907376
                ], 
                [
                    809.3310463121784, 
                    370.4974271012007
                ], 
                [
                    809.3310463121784, 
                    375.43739279588334
                ], 
                [
                    821.6809605488851, 
                    382.02401372212694
                ], 
                [
                    835.6775300171527, 
                    382.8473413379074
                ], 
                [
                    843.9108061749571, 
                    377.90737564322467
                ], 
                [
                    853.0, 
                    377.90737564322467
                ], 
                [
                    853.0, 
                    479.0
                ], 
                [
                    809.3310463121784, 
                    479.0
                ], 
                [
                    691.5951972555746, 
                    402.60720411663806
                ], 
                [
                    639.7255574614065, 
                    367.2041166380789
                ], 
                [
                    557.3927958833619, 
                    304.631217838765
                ]
            ], 
            "user": "daid", 
            "verified": 0
        }, 
        {
            "date": "09-Apr-2018 23:59:59", 
            "deleted": 0, 
            "draw": true, 
            "id": 2, 
            "label": "person", 
            "polygon": [
                [
                    812.6243567753002, 
                    379.5540308747856
                ], 
                [
                    829.0909090909091, 
                    383.6706689536878
                ], 
                [
                    838.9708404802744, 
                    382.02401372212694
                ], 
                [
                    840.6174957118353, 
                    376.2607204116638
                ], 
                [
                    853.0, 
                    378.73070325900517
                ], 
                [
                    853.0, 
                    306.2778730703259
                ], 
                [
                    853.0, 
                    197.59862778730704
                ], 
                [
                    843.9108061749571, 
                    194.30531732418524
                ], 
                [
                    832.3842195540309, 
                    188.5420240137221
                ], 
                [
                    821.6809605488851, 
                    188.5420240137221
                ], 
                [
                    815.0943396226415, 
                    192.65866209262435
                ], 
                [
                    815.0943396226415, 
                    201.71526586620925
                ], 
                [
                    812.6243567753002, 
                    209.94854202401373
                ], 
                [
                    808.5077186963979, 
                    226.41509433962264
                ], 
                [
                    803.5677530017152, 
                    246.9982847341338
                ], 
                [
                    795.3344768439108, 
                    260.1715265866209
                ], 
                [
                    789.5711835334477, 
                    269.22813036020585
                ], 
                [
                    793.6878216123499, 
                    271.6981132075472
                ], 
                [
                    797.8044596912522, 
                    283.22469982847343
                ], 
                [
                    808.5077186963979, 
                    287.34133790737565
                ], 
                [
                    811.8010291595198, 
                    298.04459691252146
                ], 
                [
                    811.8010291595198, 
                    314.51114922813036
                ], 
                [
                    815.0943396226415, 
                    325.2144082332762
                ], 
                [
                    815.9176672384219, 
                    345.7975986277873
                ], 
                [
                    819.2109777015437, 
                    359.7941680960549
                ], 
                [
                    819.2109777015437, 
                    364.7341337907376
                ], 
                [
                    813.4476843910807, 
                    370.4974271012007
                ]
            ], 
            "user": "daid", 
            "verified": 0
        }, 
        {
            "date": "10-Apr-2018 00:00:54", 
            "deleted": 0, 
            "draw": true, 
            "id": 3, 
            "label": "person", 
            "polygon": [
                [
                    365.55746140651803, 
                    318.6277873070326
                ], 
                [
                    377.0840480274442, 
                    318.6277873070326
                ], 
                [
                    380.37735849056605, 
                    318.6277873070326
                ], 
                [
                    379.5540308747856, 
                    307.1012006861063
                ], 
                [
                    379.5540308747856, 
                    296.39794168096057
                ], 
                [
                    386.9639794168096, 
                    298.8679245283019
                ], 
                [
                    396.0205831903945, 
                    302.16123499142367
                ], 
                [
                    398.49056603773585, 
                    304.631217838765
                ], 
                [
                    399.3138936535163, 
                    307.1012006861063
                ], 
                [
                    400.9605488850772, 
                    309.5711835334477
                ], 
                [
                    400.9605488850772, 
                    313.6878216123499
                ], 
                [
                    407.54716981132077, 
                    316.15780445969125
                ], 
                [
                    412.4871355060034, 
                    315.3344768439108
                ], 
                [
                    415.7804459691252, 
                    306.2778730703259
                ], 
                [
                    415.7804459691252, 
                    298.8679245283019
                ], 
                [
                    407.54716981132077, 
                    298.8679245283019
                ], 
                [
                    397.6672384219554, 
                    293.10463121783874
                ], 
                [
                    391.0806174957118, 
                    288.98799313893653
                ], 
                [
                    390.25728987993136, 
                    284.0480274442539
                ], 
                [
                    396.84391080617496, 
                    280.75471698113205
                ], 
                [
                    392.72727272727275, 
                    274.1680960548885
                ], 
                [
                    400.13722126929673, 
                    266.75814751286447
                ], 
                [
                    392.72727272727275, 
                    252.76157804459692
                ], 
                [
                    389.4339622641509, 
                    239.58833619210978
                ], 
                [
                    390.25728987993136, 
                    230.53173241852488
                ], 
                [
                    379.5540308747856, 
                    226.41509433962264
                ], 
                [
                    371.3207547169811, 
                    226.41509433962264
                ], 
                [
                    367.2041166380789, 
                    229.7084048027444
                ], 
                [
                    367.2041166380789, 
                    233.82504288164665
                ], 
                [
                    368.8507718696398, 
                    238.76500857632934
                ], 
                [
                    374.6140651801029, 
                    242.88164665523155
                ], 
                [
                    373.79073756432246, 
                    253.58490566037736
                ], 
                [
                    372.14408233276157, 
                    270.87478559176674
                ], 
                [
                    371.3207547169811, 
                    277.4614065180103
                ], 
                [
                    370.4974271012007, 
                    293.10463121783874
                ], 
                [
                    370.4974271012007, 
                    308.7478559176672
                ]
            ], 
            "user": "daid", 
            "verified": 0
        }, 
        {
            "date": "10-Apr-2018 00:01:16", 
            "deleted": 0, 
            "draw": true, 
            "id": 4, 
            "label": "person", 
            "polygon": [
                [
                    302.16123499142367, 
                    257.7015437392796
                ], 
                [
                    308.7478559176672, 
                    257.7015437392796
                ], 
                [
                    308.7478559176672, 
                    253.58490566037736
                ], 
                [
                    309.5711835334477, 
                    246.9982847341338
                ], 
                [
                    312.04116638078904, 
                    243.704974271012
                ], 
                [
                    310.39451114922815, 
                    237.11835334476842
                ], 
                [
                    308.7478559176672, 
                    227.23842195540308
                ], 
                [
                    302.16123499142367, 
                    229.7084048027444
                ], 
                [
                    298.8679245283019, 
                    237.11835334476842
                ], 
                [
                    298.8679245283019, 
                    246.9982847341338
                ], 
                [
                    298.8679245283019, 
                    254.4082332761578
                ]
            ], 
            "user": "daid", 
            "verified": 0
        }, 
        {
            "date": "10-Apr-2018 00:01:37", 
            "deleted": 0, 
            "draw": true, 
            "id": 5, 
            "label": "person", 
            "polygon": [
                [
                    326.86106346483706, 
                    251.11492281303603
                ], 
                [
                    331.8010291595197, 
                    243.704974271012
                ], 
                [
                    331.8010291595197, 
                    228.06174957118353
                ], 
                [
                    326.0377358490566, 
                    228.06174957118353
                ], 
                [
                    322.7444253859348, 
                    237.11835334476842
                ], 
                [
                    324.39108061749573, 
                    245.3516295025729
                ]
            ], 
            "user": "daid", 
            "verified": 0
        }, 
        {
            "date": "10-Apr-2018 00:01:50", 
            "deleted": 0, 
            "draw": true, 
            "id": 6, 
            "label": "person", 
            "polygon": [
                [
                    338.3876500857633, 
                    249.46826758147512
                ], 
                [
                    341.6809605488851, 
                    244.52830188679246
                ], 
                [
                    336.74099485420237, 
                    231.35506003430532
                ], 
                [
                    331.8010291595197, 
                    229.7084048027444
                ], 
                [
                    331.8010291595197, 
                    234.6483704974271
                ], 
                [
                    332.62435677530016, 
                    242.88164665523155
                ]
            ], 
            "user": "daid", 
            "verified": 0
        }, 
        {
            "date": "10-Apr-2018 00:02:01", 
            "deleted": 0, 
            "draw": true, 
            "id": 7, 
            "label": "person", 
            "polygon": [
                [
                    347.4442538593482, 
                    248.64493996569468
                ], 
                [
                    354.0308747855918, 
                    242.88164665523155
                ], 
                [
                    354.8542024013722, 
                    239.58833619210978
                ], 
                [
                    351.56089193825045, 
                    229.7084048027444
                ], 
                [
                    343.32761578044597, 
                    230.53173241852488
                ], 
                [
                    343.32761578044597, 
                    237.11835334476842
                ]
            ], 
            "user": "daid", 
            "verified": 0
        }, 
        {
            "date": "10-Apr-2018 00:02:48", 
            "deleted": 0, 
            "draw": true, 
            "id": 8, 
            "label": "rail track", 
            "polygon": [
                [
                    153.13893653516294, 
                    476.70668953687823
                ], 
                [
                    289.811320754717, 
                    372.14408233276157
                ], 
                [
                    363.9108061749571, 
                    312.8644939965695
                ], 
                [
                    371.3207547169811, 
                    307.92452830188677
                ], 
                [
                    371.3207547169811, 
                    300.5145797598628
                ], 
                [
                    368.02744425385936, 
                    289.811320754717
                ], 
                [
                    372.14408233276157, 
                    280.75471698113205
                ], 
                [
                    372.14408233276157, 
                    270.0514579759863
                ], 
                [
                    372.14408233276157, 
                    262.64150943396226
                ], 
                [
                    372.14408233276157, 
                    253.58490566037736
                ], 
                [
                    370.4974271012007, 
                    251.93825042881647
                ], 
                [
                    342.5042881646655, 
                    256.87821612349916
                ], 
                [
                    273.34476843910807, 
                    272.5214408233276
                ], 
                [
                    237.11835334476842, 
                    280.75471698113205
                ], 
                [
                    117.73584905660377, 
                    302.9845626072041
                ], 
                [
                    0.0, 
                    326.0377358490566
                ], 
                [
                    0.0, 
                    479.0
                ]
            ], 
            "user": "daid", 
            "verified": 0
        }, 
        {
            "date": "10-Apr-2018 00:03:12", 
            "deleted": 0, 
            "draw": true, 
            "id": 9, 
            "label": "rail track", 
            "polygon": [
                [
                    396.84391080617496, 
                    288.98799313893653
                ], 
                [
                    422.3670668953688, 
                    271.6981132075472
                ], 
                [
                    438.01029159519726, 
                    257.7015437392796
                ], 
                [
                    445.42024013722124, 
                    247.82161234991423
                ], 
                [
                    428.1303602058319, 
                    244.52830188679246
                ], 
                [
                    405.9005145797599, 
                    246.9982847341338
                ], 
                [
                    400.9605488850772, 
                    246.9982847341338
                ], 
                [
                    391.90394511149225, 
                    246.9982847341338
                ], 
                [
                    396.84391080617496, 
                    251.11492281303603
                ], 
                [
                    398.49056603773585, 
                    256.0548885077187
                ], 
                [
                    403.4305317324185, 
                    262.64150943396226
                ], 
                [
                    405.9005145797599, 
                    265.1114922813036
                ], 
                [
                    403.4305317324185, 
                    270.0514579759863
                ], 
                [
                    400.13722126929673, 
                    274.99142367066895
                ], 
                [
                    399.3138936535163, 
                    279.10806174957116
                ]
            ], 
            "user": "daid", 
            "verified": 0
        }, 
        {
            "date": "10-Apr-2018 00:03:58", 
            "deleted": 0, 
            "draw": true, 
            "id": 10, 
            "label": "building", 
            "polygon": [
                [
                    745.934819897084, 
                    9.879931389365352
                ], 
                [
                    772.2813036020583, 
                    1.646655231560892
                ], 
                [
                    853.0, 
                    0.0
                ], 
                [
                    853.0, 
                    191.8353344768439
                ], 
                [
                    843.0874785591767, 
                    195.12864493996568
                ], 
                [
                    824.1509433962264, 
                    184.4253859348199
                ], 
                [
                    807.6843910806175, 
                    204.1852487135506
                ], 
                [
                    799.4511149228131, 
                    200.06861063464837
                ], 
                [
                    803.5677530017152, 
                    190.18867924528303
                ], 
                [
                    805.2144082332761, 
                    177.83876500857633
                ], 
                [
                    810.9777015437393, 
                    172.0754716981132
                ], 
                [
                    801.9210977701543, 
                    158.07890222984562
                ], 
                [
                    796.9811320754717, 
                    144.9056603773585
                ], 
                [
                    789.5711835334477, 
                    149.02229845626073
                ], 
                [
                    788.7478559176673, 
                    163.0188679245283
                ], 
                [
                    788.7478559176673, 
                    167.95883361921096
                ], 
                [
                    778.0445969125215, 
                    172.0754716981132
                ], 
                [
                    771.4579759862779, 
                    172.0754716981132
                ], 
                [
                    770.6346483704974, 
                    159.7255574614065
                ], 
                [
                    757.4614065180103, 
                    160.54888507718695
                ], 
                [
                    749.2281303602058, 
                    160.54888507718695
                ]
            ], 
            "user": "daid", 
            "verified": 0
        }, 
        {
            "date": "10-Apr-2018 00:04:20", 
            "deleted": 0, 
            "draw": true, 
            "id": 11, 
            "label": "building", 
            "polygon": [
                [
                    523.6363636363636, 
                    139.14236706689536
                ], 
                [
                    521.9897084048027, 
                    189.36535162950258
                ], 
                [
                    554.0994854202402, 
                    190.18867924528303
                ], 
                [
                    557.3927958833619, 
                    219.82847341337907
                ], 
                [
                    657.8387650085763, 
                    209.94854202401373
                ], 
                [
                    744.2881646655231, 
                    192.65866209262435
                ], 
                [
                    743.4648370497428, 
                    158.90222984562607
                ], 
                [
                    737.7015437392796, 
                    104.56260720411663
                ], 
                [
                    609.26243567753, 
                    118.55917667238421
                ], 
                [
                    540.1029159519726, 
                    137.49571183533448
                ]
            ], 
            "user": "daid", 
            "verified": 0
        }, 
        {
            "date": "10-Apr-2018 00:04:36", 
            "deleted": 0, 
            "draw": true, 
            "id": 12, 
            "label": "pole", 
            "polygon": [
                [
                    515.4030874785592, 
                    147.37564322469981
                ], 
                [
                    515.4030874785592, 
                    247.82161234991423
                ], 
                [
                    522.8130360205832, 
                    248.64493996569468
                ], 
                [
                    524.4596912521441, 
                    228.06174957118353
                ], 
                [
                    521.1663807890222, 
                    145.72898799313893
                ]
            ], 
            "user": "daid", 
            "verified": 0
        }, 
        {
            "date": "10-Apr-2018 00:04:59", 
            "deleted": 0, 
            "draw": true, 
            "id": 13, 
            "label": "car", 
            "polygon": [
                [
                    405.9005145797599, 
                    242.88164665523155
                ], 
                [
                    419.07375643224697, 
                    243.704974271012
                ], 
                [
                    419.07375643224697, 
                    233.0017152658662
                ], 
                [
                    413.31046312178387, 
                    228.88507718696397
                ], 
                [
                    405.9005145797599, 
                    231.35506003430532
                ], 
                [
                    404.25385934819894, 
                    232.17838765008577
                ]
            ], 
            "user": "daid", 
            "verified": 0
        }, 
        {
            "date": "10-Apr-2018 00:05:10", 
            "deleted": 0, 
            "draw": true, 
            "id": 14, 
            "label": "car", 
            "polygon": [
                [
                    466.0034305317324, 
                    240.41166380789022
                ], 
                [
                    473.4133790737564, 
                    240.41166380789022
                ], 
                [
                    473.4133790737564, 
                    232.17838765008577
                ], 
                [
                    463.5334476843911, 
                    232.17838765008577
                ]
            ], 
            "user": "daid", 
            "verified": 0
        }, 
        {
            "date": "10-Apr-2018 00:05:28", 
            "deleted": 0, 
            "draw": true, 
            "id": 15, 
            "label": "car", 
            "polygon": [
                [
                    481.6466552315609, 
                    243.704974271012
                ], 
                [
                    498.1132075471698, 
                    245.3516295025729
                ], 
                [
                    508.8164665523156, 
                    245.3516295025729
                ], 
                [
                    512.9331046312178, 
                    238.76500857632934
                ], 
                [
                    512.1097770154374, 
                    233.82504288164665
                ], 
                [
                    503.0531732418525, 
                    228.06174957118353
                ], 
                [
                    488.2332761578044, 
                    228.88507718696397
                ], 
                [
                    483.29331046312177, 
                    233.0017152658662
                ], 
                [
                    479.17667238421956, 
                    234.6483704974271
                ], 
                [
                    479.17667238421956, 
                    239.58833619210978
                ]
            ], 
            "user": "daid", 
            "verified": 0
        }, 
        {
            "date": "10-Apr-2018 00:06:16", 
            "deleted": 0, 
            "draw": true, 
            "id": 16, 
            "label": "building", 
            "polygon": [
                [
                    419.89708404802747, 
                    204.1852487135506
                ], 
                [
                    444.5969125214408, 
                    191.01200686106347
                ], 
                [
                    450.36020583190395, 
                    200.8919382504288
                ], 
                [
                    472.59005145797596, 
                    200.8919382504288
                ], 
                [
                    496.4665523156089, 
                    202.5385934819897
                ], 
                [
                    499.7598627787307, 
                    221.47512864493996
                ], 
                [
                    481.6466552315609, 
                    229.7084048027444
                ], 
                [
                    475.06003430531734, 
                    224.76843910806176
                ], 
                [
                    462.71012006861065, 
                    224.76843910806176
                ], 
                [
                    455.3001715265866, 
                    230.53173241852488
                ], 
                [
                    450.36020583190395, 
                    233.82504288164665
                ], 
                [
                    437.1869639794168, 
                    235.47169811320754
                ], 
                [
                    432.2469982847341, 
                    235.47169811320754
                ], 
                [
                    425.66037735849056, 
                    233.82504288164665
                ], 
                [
                    420.7204116638079, 
                    225.5917667238422
                ], 
                [
                    400.9605488850772, 
                    228.88507718696397
                ], 
                [
                    389.4339622641509, 
                    229.7084048027444
                ], 
                [
                    382.02401372212694, 
                    226.41509433962264
                ], 
                [
                    387.78730703259004, 
                    171.25214408233276
                ], 
                [
                    408.3704974271012, 
                    187.71869639794167
                ], 
                [
                    411.663807890223, 
                    196.7753001715266
                ]
            ], 
            "user": "daid", 
            "verified": 0
        }, 
        {
            "date": "10-Apr-2018 00:07:03", 
            "deleted": 0, 
            "draw": true, 
            "id": 17, 
            "label": "building", 
            "polygon": [
                [
                    4.11663807890223, 
                    95.50600343053173
                ], 
                [
                    270.87478559176674, 
                    85.62607204116638
                ], 
                [
                    339.21097770154375, 
                    137.49571183533448
                ], 
                [
                    332.62435677530016, 
                    159.7255574614065
                ], 
                [
                    350.73756432246995, 
                    167.13550600343052
                ], 
                [
                    360.6174957118353, 
                    173.7221269296741
                ], 
                [
                    360.6174957118353, 
                    211.59519725557462
                ], 
                [
                    320.27444253859346, 
                    199.24528301886792
                ], 
                [
                    317.80445969125213, 
                    206.65523156089193
                ], 
                [
                    274.1680960548885, 
                    205.00857632933105
                ], 
                [
                    274.1680960548885, 
                    248.64493996569468
                ], 
                [
                    260.1715265866209, 
                    246.9982847341338
                ], 
                [
                    260.1715265866209, 
                    209.12521440823326
                ], 
                [
                    244.52830188679246, 
                    213.2418524871355
                ], 
                [
                    244.52830188679246, 
                    246.17495711835335
                ], 
                [
                    222.2984562607204, 
                    250.29159519725556
                ], 
                [
                    196.7753001715266, 
                    251.93825042881647
                ], 
                [
                    183.60205831903946, 
                    248.64493996569468
                ], 
                [
                    182.77873070325901, 
                    224.76843910806176
                ], 
                [
                    172.89879931389365, 
                    226.41509433962264
                ], 
                [
                    167.13550600343052, 
                    239.58833619210978
                ], 
                [
                    165.48885077186964, 
                    246.17495711835335
                ], 
                [
                    157.25557461406518, 
                    231.35506003430532
                ], 
                [
                    127.61578044596912, 
                    228.88507718696397
                ], 
                [
                    0.0, 
                    236.29502572898798
                ], 
                [
                    0.0, 
                    96.32933104631218
                ]
            ], 
            "user": "daid", 
            "verified": 0
        }, 
        {
            "date": "10-Apr-2018 00:07:27", 
            "deleted": 0, 
            "draw": true, 
            "id": 18, 
            "label": "sky", 
            "polygon": [
                [
                    0.0, 
                    0.0
                ], 
                [
                    0.0, 
                    90.56603773584905
                ], 
                [
                    0.0, 
                    69.9828473413379
                ], 
                [
                    176.19210977701545, 
                    68.33619210977702
                ], 
                [
                    171.25214408233276, 
                    0.0
                ]
            ], 
            "user": "daid", 
            "verified": 0
        }
    ]
}