{
    "imgHeight": 1080, 
    "imgWidth": 1920, 
    "objects": [
        {
            "date": "10-Apr-2018 00:15:45", 
            "deleted": 0, 
            "draw": true, 
            "id": 0, 
            "label": "road", 
            "polygon": [
                [
                    0.0, 
                    913.2761578044597
                ], 
                [
                    235.2658662092624, 
                    826.2092624356775
                ], 
                [
                    446.4493996569468, 
                    740.9948542024013
                ], 
                [
                    596.500857632933, 
                    672.4528301886792
                ], 
                [
                    665.0428816466551, 
                    644.6655231560892
                ], 
                [
                    668.7478559176672, 
                    622.4356775300171
                ], 
                [
                    648.3704974271011, 
                    615.025728987993
                ], 
                [
                    616.8782161234991, 
                    602.058319039451
                ], 
                [
                    615.025728987993, 
                    589.090909090909
                ], 
                [
                    629.8456260720411, 
                    579.828473413379
                ], 
                [
                    678.0102915951971, 
                    577.9759862778731
                ], 
                [
                    759.5197255574614, 
                    581.6809605488851
                ], 
                [
                    861.4065180102915, 
                    585.385934819897
                ], 
                [
                    865.1114922813035, 
                    598.3533447684391
                ], 
                [
                    866.9639794168095, 
                    609.4682675814751
                ], 
                [
                    853.9965694682675, 
                    622.4356775300171
                ], 
                [
                    842.8816466552315, 
                    633.5506003430531
                ], 
                [
                    844.7341337907375, 
                    653.9279588336192
                ], 
                [
                    844.7341337907375, 
                    679.8627787307032
                ], 
                [
                    844.7341337907375, 
                    703.9451114922813
                ], 
                [
                    846.5866209262435, 
                    733.5849056603773
                ], 
                [
                    846.5866209262435, 
                    750.2572898799314
                ], 
                [
                    850.2915951972556, 
                    766.9296740994854
                ], 
                [
                    881.7838765008576, 
                    772.4871355060034
                ], 
                [
                    889.1938250428816, 
                    753.9622641509434
                ], 
                [
                    909.5711835334477, 
                    752.1097770154373
                ], 
                [
                    928.0960548885076, 
                    748.4048027444253
                ], 
                [
                    937.3584905660376, 
                    740.9948542024013
                ], 
                [
                    1078.1475128644938, 
                    742.8473413379073
                ], 
                [
                    1080.0, 
                    748.4048027444253
                ], 
                [
                    1080.0, 
                    765.0771869639793
                ], 
                [
                    1081.852487135506, 
                    774.3396226415093
                ], 
                [
                    1087.4099485420238, 
                    779.8970840480274
                ], 
                [
                    1100.377358490566, 
                    779.8970840480274
                ], 
                [
                    1115.197255574614, 
                    779.8970840480274
                ], 
                [
                    1128.164665523156, 
                    774.3396226415093
                ], 
                [
                    1130.017152658662, 
                    763.2246998284734
                ], 
                [
                    1130.017152658662, 
                    735.4373927958833
                ], 
                [
                    1133.722126929674, 
                    696.5351629502572
                ], 
                [
                    1133.722126929674, 
                    696.5351629502572
                ], 
                [
                    1141.132075471698, 
                    696.5351629502572
                ], 
                [
                    1196.7066895368782, 
                    759.5197255574614
                ], 
                [
                    1294.8885077186962, 
                    865.1114922813035
                ], 
                [
                    1430.1200686106345, 
                    1004.0480274442538
                ], 
                [
                    1415.3001715265866, 
                    1004.0480274442538
                ], 
                [
                    1380.1029159519724, 
                    996.6380789022297
                ], 
                [
                    1341.2006861063464, 
                    991.0806174957117
                ], 
                [
                    1294.8885077186962, 
                    987.3756432246997
                ], 
                [
                    1248.5763293310463, 
                    981.8181818181818
                ], 
                [
                    1200.4116638078901, 
                    979.9656946826757
                ], 
                [
                    1141.132075471698, 
                    979.9656946826757
                ], 
                [
                    1080.0, 
                    976.2607204116638
                ], 
                [
                    972.5557461406518, 
                    974.4082332761577
                ], 
                [
                    848.4391080617495, 
                    976.2607204116638
                ], 
                [
                    774.3396226415093, 
                    978.1132075471697
                ], 
                [
                    689.1252144082332, 
                    981.8181818181818
                ], 
                [
                    626.1406518010291, 
                    987.3756432246997
                ], 
                [
                    553.893653516295, 
                    1009.6054888507717
                ], 
                [
                    481.6466552315608, 
                    1035.5403087478558
                ], 
                [
                    420.5145797598627, 
                    1059.6226415094338
                ], 
                [
                    387.16981132075466, 
                    1076.2950257289879
                ], 
                [
                    0.0, 
                    1079.0
                ]
            ], 
            "user": "daid", 
            "verified": 0
        }, 
        {
            "date": "10-Apr-2018 00:16:48", 
            "deleted": 0, 
            "draw": true, 
            "id": 1, 
            "label": "sidewalk", 
            "polygon": [
                [
                    3.7049742710120066, 
                    900.3087478559175
                ], 
                [
                    446.4493996569468, 
                    739.1423670668953
                ], 
                [
                    646.5180102915951, 
                    655.7804459691251
                ], 
                [
                    676.1578044596912, 
                    640.9605488850772
                ], 
                [
                    676.1578044596912, 
                    627.9931389365352
                ], 
                [
                    653.9279588336192, 
                    615.025728987993
                ], 
                [
                    615.025728987993, 
                    603.9108061749571
                ], 
                [
                    603.9108061749571, 
                    615.025728987993
                ], 
                [
                    585.385934819897, 
                    607.6157804459691
                ], 
                [
                    565.008576329331, 
                    602.058319039451
                ], 
                [
                    470.5317324185248, 
                    589.090909090909
                ], 
                [
                    396.4322469982847, 
                    579.828473413379
                ], 
                [
                    333.4476843910806, 
                    576.123499142367
                ], 
                [
                    333.4476843910806, 
                    583.533447684391
                ], 
                [
                    337.1526586620926, 
                    609.4682675814751
                ], 
                [
                    316.77530017152657, 
                    622.4356775300171
                ], 
                [
                    316.77530017152657, 
                    661.3379073756432
                ], 
                [
                    320.4802744425386, 
                    672.4528301886792
                ], 
                [
                    331.5951972555746, 
                    685.4202401372212
                ], 
                [
                    333.4476843910806, 
                    703.9451114922813
                ], 
                [
                    331.5951972555746, 
                    720.6174957118353
                ], 
                [
                    320.4802744425386, 
                    733.5849056603773
                ], 
                [
                    301.95540308747854, 
                    733.5849056603773
                ], 
                [
                    279.7255574614065, 
                    729.8799313893653
                ], 
                [
                    255.64322469982847, 
                    750.2572898799314
                ], 
                [
                    240.8233276157804, 
                    742.8473413379073
                ], 
                [
                    240.8233276157804, 
                    724.3224699828473
                ], 
                [
                    209.33104631217836, 
                    724.3224699828473
                ], 
                [
                    187.10120068610632, 
                    726.1749571183533
                ], 
                [
                    142.64150943396226, 
                    716.9125214408233
                ], 
                [
                    0.0, 
                    746.5523156089193
                ], 
                [
                    1.8524871355060033, 
                    896.6037735849056
                ]
            ], 
            "user": "daid", 
            "verified": 0
        }, 
        {
            "date": "10-Apr-2018 00:17:56", 
            "deleted": 0, 
            "draw": true, 
            "id": 2, 
            "label": "sidewalk", 
            "polygon": [
                [
                    1139.279588336192, 
                    689.1252144082332
                ], 
                [
                    1437.5300171526585, 
                    1009.6054888507717
                ], 
                [
                    1461.6123499142366, 
                    1013.3104631217838
                ], 
                [
                    1500.5145797598627, 
                    1024.4253859348198
                ], 
                [
                    1537.5643224699827, 
                    1035.5403087478558
                ], 
                [
                    1570.9090909090908, 
                    1048.507718696398
                ], 
                [
                    1600.548885077187, 
                    1059.6226415094338
                ], 
                [
                    1637.598627787307, 
                    1076.2950257289879
                ], 
                [
                    1919.0, 
                    1079.0
                ], 
                [
                    1919.0, 
                    892.8987993138936
                ], 
                [
                    1915.4716981132074, 
                    883.6363636363635
                ], 
                [
                    1778.3876500857632, 
                    839.1766723842195
                ], 
                [
                    1639.4511149228128, 
                    787.3070325900514
                ], 
                [
                    1480.1372212692966, 
                    728.0274442538592
                ], 
                [
                    1465.3173241852487, 
                    703.9451114922813
                ], 
                [
                    1476.4322469982847, 
                    700.2401372212693
                ], 
                [
                    1487.5471698113206, 
                    692.8301886792452
                ], 
                [
                    1506.0720411663806, 
                    687.2727272727273
                ], 
                [
                    1530.1543739279587, 
                    678.0102915951971
                ], 
                [
                    1552.3842195540308, 
                    674.3053173241852
                ], 
                [
                    1561.6466552315608, 
                    672.4528301886792
                ], 
                [
                    1559.7941680960548, 
                    629.8456260720411
                ], 
                [
                    1532.0068610634646, 
                    629.8456260720411
                ], 
                [
                    1500.5145797598627, 
                    627.9931389365352
                ], 
                [
                    1428.2675814751285, 
                    624.2881646655231
                ], 
                [
                    1380.1029159519724, 
                    624.2881646655231
                ], 
                [
                    1331.9382504288164, 
                    626.1406518010291
                ], 
                [
                    1257.8387650085763, 
                    626.1406518010291
                ], 
                [
                    1209.6740994854201, 
                    624.2881646655231
                ], 
                [
                    1167.066895368782, 
                    624.2881646655231
                ], 
                [
                    1131.869639794168, 
                    629.8456260720411
                ], 
                [
                    1142.984562607204, 
                    655.7804459691251
                ], 
                [
                    1142.984562607204, 
                    676.1578044596912
                ]
            ], 
            "user": "daid", 
            "verified": 0
        }, 
        {
            "date": "10-Apr-2018 00:19:04", 
            "deleted": 0, 
            "draw": true, 
            "id": 3, 
            "label": "car", 
            "polygon": [
                [
                    857.7015437392795, 
                    768.7821612349913
                ], 
                [
                    881.7838765008576, 
                    770.6346483704974
                ], 
                [
                    887.3413379073755, 
                    757.6672384219553
                ], 
                [
                    896.6037735849056, 
                    753.9622641509434
                ], 
                [
                    916.9811320754716, 
                    748.4048027444253
                ], 
                [
                    920.6861063464836, 
                    742.8473413379073
                ], 
                [
                    955.8833619210977, 
                    740.9948542024013
                ], 
                [
                    979.9656946826757, 
                    740.9948542024013
                ], 
                [
                    1007.7530017152658, 
                    740.9948542024013
                ], 
                [
                    1050.3602058319038, 
                    740.9948542024013
                ], 
                [
                    1089.26243567753, 
                    744.6998284734133
                ], 
                [
                    1091.114922813036, 
                    744.6998284734133
                ], 
                [
                    1091.114922813036, 
                    761.3722126929673
                ], 
                [
                    1091.114922813036, 
                    774.3396226415093
                ], 
                [
                    1102.229845626072, 
                    779.8970840480274
                ], 
                [
                    1113.344768439108, 
                    779.8970840480274
                ], 
                [
                    1122.607204116638, 
                    772.4871355060034
                ], 
                [
                    1124.459691252144, 
                    748.4048027444253
                ], 
                [
                    1124.459691252144, 
                    735.4373927958833
                ], 
                [
                    1131.869639794168, 
                    700.2401372212693
                ], 
                [
                    1135.57461406518, 
                    672.4528301886792
                ], 
                [
                    1137.427101200686, 
                    657.6329331046312
                ], 
                [
                    1130.017152658662, 
                    631.6981132075471
                ], 
                [
                    1126.31217838765, 
                    620.5831903945111
                ], 
                [
                    1117.04974271012, 
                    602.058319039451
                ], 
                [
                    1115.197255574614, 
                    585.385934819897
                ], 
                [
                    1096.672384219554, 
                    565.008576329331
                ], 
                [
                    1078.1475128644938, 
                    539.0737564322469
                ], 
                [
                    1070.73756432247, 
                    537.221269296741
                ], 
                [
                    1035.5403087478558, 
                    535.368782161235
                ], 
                [
                    992.9331046312177, 
                    533.5162950257289
                ], 
                [
                    961.4408233276157, 
                    533.5162950257289
                ], 
                [
                    924.3910806174956, 
                    537.221269296741
                ], 
                [
                    911.4236706689536, 
                    540.926243567753
                ], 
                [
                    900.3087478559175, 
                    550.188679245283
                ], 
                [
                    885.4888507718696, 
                    581.6809605488851
                ], 
                [
                    870.6689536878215, 
                    581.6809605488851
                ], 
                [
                    868.8164665523155, 
                    589.090909090909
                ], 
                [
                    872.5214408233276, 
                    600.2058319039451
                ], 
                [
                    870.6689536878215, 
                    609.4682675814751
                ], 
                [
                    853.9965694682675, 
                    626.1406518010291
                ], 
                [
                    842.8816466552315, 
                    635.4030874785591
                ], 
                [
                    844.7341337907375, 
                    655.7804459691251
                ], 
                [
                    848.4391080617495, 
                    692.8301886792452
                ], 
                [
                    853.9965694682675, 
                    722.4699828473413
                ], 
                [
                    855.8490566037735, 
                    746.5523156089193
                ]
            ], 
            "user": "daid", 
            "verified": 0
        }, 
        {
            "date": "10-Apr-2018 00:19:50", 
            "deleted": 0, 
            "draw": true, 
            "id": 4, 
            "label": "person", 
            "polygon": [
                [
                    242.67581475128642, 
                    740.9948542024013
                ], 
                [
                    264.90566037735846, 
                    742.8473413379073
                ], 
                [
                    279.7255574614065, 
                    724.3224699828473
                ], 
                [
                    294.5454545454545, 
                    728.0274442538592
                ], 
                [
                    303.80789022298455, 
                    733.5849056603773
                ], 
                [
                    327.89022298456257, 
                    731.7324185248713
                ], 
                [
                    326.03773584905656, 
                    715.0600343053172
                ], 
                [
                    314.92281303602056, 
                    692.8301886792452
                ], 
                [
                    305.66037735849056, 
                    657.6329331046312
                ], 
                [
                    301.95540308747854, 
                    616.8782161234991
                ], 
                [
                    320.4802744425386, 
                    607.6157804459691
                ], 
                [
                    329.7427101200686, 
                    565.008576329331
                ], 
                [
                    320.4802744425386, 
                    502.0240137221269
                ], 
                [
                    290.84048027444254, 
                    490.9090909090909
                ], 
                [
                    276.02058319039446, 
                    455.7118353344768
                ], 
                [
                    250.08576329331044, 
                    453.8593481989708
                ], 
                [
                    231.56089193825042, 
                    466.8267581475128
                ], 
                [
                    238.97084048027443, 
                    485.35162950257285
                ], 
                [
                    244.52830188679243, 
                    500.17152658662087
                ], 
                [
                    220.4459691252144, 
                    502.0240137221269
                ], 
                [
                    205.62607204116637, 
                    516.8439108061749
                ], 
                [
                    185.2487135506003, 
                    539.0737564322469
                ], 
                [
                    181.54373927958832, 
                    552.0411663807889
                ], 
                [
                    203.77358490566036, 
                    577.9759862778731
                ], 
                [
                    203.77358490566036, 
                    602.058319039451
                ], 
                [
                    188.95368782161233, 
                    624.2881646655231
                ], 
                [
                    198.21612349914236, 
                    631.6981132075471
                ], 
                [
                    201.92109777015435, 
                    642.8130360205831
                ], 
                [
                    207.47855917667238, 
                    655.7804459691251
                ], 
                [
                    214.8885077186964, 
                    655.7804459691251
                ], 
                [
                    216.74099485420237, 
                    676.1578044596912
                ], 
                [
                    216.74099485420237, 
                    694.6826758147512
                ], 
                [
                    216.74099485420237, 
                    709.5025728987993
                ], 
                [
                    226.0034305317324, 
                    713.2075471698113
                ], 
                [
                    240.8233276157804, 
                    716.9125214408233
                ]
            ], 
            "user": "daid", 
            "verified": 0
        }, 
        {
            "date": "10-Apr-2018 00:20:17", 
            "deleted": 0, 
            "draw": true, 
            "id": 5, 
            "label": "traffic light", 
            "polygon": [
                [
                    1187.444253859348, 
                    396.4322469982847
                ], 
                [
                    1191.1492281303601, 
                    468.6792452830188
                ], 
                [
                    1224.4939965694682, 
                    468.6792452830188
                ], 
                [
                    1226.3464837049742, 
                    392.7272727272727
                ], 
                [
                    1200.4116638078901, 
                    389.02229845626067
                ], 
                [
                    1183.739279588336, 
                    394.5797598627787
                ]
            ], 
            "user": "daid", 
            "verified": 0
        }, 
        {
            "date": "10-Apr-2018 00:20:35", 
            "deleted": 0, 
            "draw": true, 
            "id": 6, 
            "label": "traffic light", 
            "polygon": [
                [
                    576.123499142367, 
                    394.5797598627787
                ], 
                [
                    574.271012006861, 
                    468.6792452830188
                ], 
                [
                    611.3207547169811, 
                    472.38421955403084
                ], 
                [
                    613.1732418524871, 
                    394.5797598627787
                ], 
                [
                    594.6483704974271, 
                    390.8747855917667
                ]
            ], 
            "user": "daid", 
            "verified": 0
        }, 
        {
            "date": "10-Apr-2018 00:20:48", 
            "deleted": 0, 
            "draw": true, 
            "id": 7, 
            "label": "traffic light", 
            "polygon": [
                [
                    611.3207547169811, 
                    483.49914236706684
                ], 
                [
                    611.3207547169811, 
                    500.17152658662087
                ], 
                [
                    624.2881646655231, 
                    502.0240137221269
                ], 
                [
                    624.2881646655231, 
                    477.94168096054887
                ], 
                [
                    613.1732418524871, 
                    477.94168096054887
                ]
            ], 
            "user": "daid", 
            "verified": 0
        }, 
        {
            "date": "10-Apr-2018 00:21:07", 
            "deleted": 0, 
            "draw": true, 
            "id": 8, 
            "label": "traffic light", 
            "polygon": [
                [
                    1331.9382504288164, 
                    540.926243567753
                ], 
                [
                    1344.9056603773583, 
                    540.926243567753
                ], 
                [
                    1344.9056603773583, 
                    520.5488850771869
                ], 
                [
                    1324.5283018867924, 
                    520.5488850771869
                ], 
                [
                    1324.5283018867924, 
                    540.926243567753
                ]
            ], 
            "user": "daid", 
            "verified": 0
        }, 
        {
            "date": "10-Apr-2018 00:21:20", 
            "deleted": 0, 
            "draw": true, 
            "id": 9, 
            "label": "traffic light", 
            "polygon": [
                [
                    1374.5454545454545, 
                    535.368782161235
                ], 
                [
                    1389.3653516295024, 
                    535.368782161235
                ], 
                [
                    1389.3653516295024, 
                    498.31903945111486
                ], 
                [
                    1370.8404802744424, 
                    498.31903945111486
                ], 
                [
                    1370.8404802744424, 
                    537.221269296741
                ]
            ], 
            "user": "daid", 
            "verified": 0
        }, 
        {
            "date": "10-Apr-2018 00:21:41", 
            "deleted": 0, 
            "draw": true, 
            "id": 10, 
            "label": "bicycle", 
            "polygon": [
                [
                    1496.8096054888506, 
                    590.9433962264151
                ], 
                [
                    1485.6946826758146, 
                    605.763293310463
                ], 
                [
                    1487.5471698113206, 
                    615.025728987993
                ], 
                [
                    1507.9245283018868, 
                    615.025728987993
                ], 
                [
                    1515.3344768439106, 
                    615.025728987993
                ], 
                [
                    1541.2692967409948, 
                    615.025728987993
                ], 
                [
                    1548.6792452830186, 
                    605.763293310463
                ], 
                [
                    1548.6792452830186, 
                    587.238421955403
                ], 
                [
                    1526.4493996569468, 
                    585.385934819897
                ], 
                [
                    1513.4819897084046, 
                    577.9759862778731
                ]
            ], 
            "user": "daid", 
            "verified": 0
        }, 
        {
            "date": "10-Apr-2018 00:22:06", 
            "deleted": 0, 
            "draw": true, 
            "id": 11, 
            "label": "rider", 
            "polygon": [
                [
                    1517.1869639794168, 
                    537.221269296741
                ], 
                [
                    1517.1869639794168, 
                    552.0411663807889
                ], 
                [
                    1511.6295025728987, 
                    565.008576329331
                ], 
                [
                    1506.0720411663806, 
                    572.418524871355
                ], 
                [
                    1520.8919382504287, 
                    581.6809605488851
                ], 
                [
                    1513.4819897084046, 
                    583.533447684391
                ], 
                [
                    1517.1869639794168, 
                    587.238421955403
                ], 
                [
                    1535.7118353344767, 
                    590.9433962264151
                ], 
                [
                    1543.1217838765008, 
                    574.271012006861
                ], 
                [
                    1537.5643224699827, 
                    555.7461406518009
                ]
            ], 
            "user": "daid", 
            "verified": 0
        }, 
        {
            "date": "10-Apr-2018 00:22:29", 
            "deleted": 0, 
            "draw": true, 
            "id": 12, 
            "label": "car", 
            "polygon": [
                [
                    1582.0240137221267, 
                    611.3207547169811
                ], 
                [
                    1609.811320754717, 
                    611.3207547169811
                ], 
                [
                    1646.861063464837, 
                    607.6157804459691
                ], 
                [
                    1696.878216123499, 
                    607.6157804459691
                ], 
                [
                    1715.403087478559, 
                    607.6157804459691
                ], 
                [
                    1720.960548885077, 
                    581.6809605488851
                ], 
                [
                    1709.8456260720411, 
                    566.861063464837
                ], 
                [
                    1685.763293310463, 
                    557.598627787307
                ], 
                [
                    1665.3859348198969, 
                    557.598627787307
                ], 
                [
                    1639.4511149228128, 
                    557.598627787307
                ], 
                [
                    1633.893653516295, 
                    561.303602058319
                ], 
                [
                    1619.073756432247, 
                    568.713550600343
                ], 
                [
                    1591.286449399657, 
                    570.566037735849
                ], 
                [
                    1572.7615780445967, 
                    577.9759862778731
                ], 
                [
                    1570.9090909090908, 
                    581.6809605488851
                ], 
                [
                    1567.2041166380789, 
                    598.3533447684391
                ], 
                [
                    1570.9090909090908, 
                    607.6157804459691
                ], 
                [
                    1583.876500857633, 
                    607.6157804459691
                ]
            ], 
            "user": "daid", 
            "verified": 0
        }, 
        {
            "date": "10-Apr-2018 00:23:04", 
            "deleted": 0, 
            "draw": true, 
            "id": 13, 
            "label": "road", 
            "polygon": [
                [
                    335.3001715265866, 
                    563.156089193825
                ], 
                [
                    553.893653516295, 
                    592.795883361921
                ], 
                [
                    590.9433962264151, 
                    596.500857632933
                ], 
                [
                    587.238421955403, 
                    570.566037735849
                ], 
                [
                    552.0411663807889, 
                    566.861063464837
                ], 
                [
                    527.958833619211, 
                    566.861063464837
                ], 
                [
                    426.07204116638076, 
                    561.303602058319
                ], 
                [
                    400.13722126929673, 
                    553.893653516295
                ], 
                [
                    340.8576329331046, 
                    552.0411663807889
                ]
            ], 
            "user": "daid", 
            "verified": 0
        }, 
        {
            "date": "10-Apr-2018 00:23:20", 
            "deleted": 0, 
            "draw": true, 
            "id": 14, 
            "label": "traffic light", 
            "polygon": [
                [
                    533.5162950257289, 
                    444.5969125214408
                ], 
                [
                    533.5162950257289, 
                    477.94168096054887
                ], 
                [
                    555.7461406518009, 
                    479.7941680960549
                ], 
                [
                    555.7461406518009, 
                    442.7444253859348
                ]
            ], 
            "user": "daid", 
            "verified": 0
        }, 
        {
            "date": "10-Apr-2018 00:23:52", 
            "deleted": 0, 
            "draw": true, 
            "id": 15, 
            "label": "pole", 
            "polygon": [
                [
                    1402.3327615780445, 
                    609.4682675814751
                ], 
                [
                    1417.1526586620926, 
                    607.6157804459691
                ], 
                [
                    1406.0377358490564, 
                    377.90737564322467
                ], 
                [
                    1389.3653516295024, 
                    377.90737564322467
                ], 
                [
                    1398.6277873070326, 
                    605.763293310463
                ], 
                [
                    1402.3327615780445, 
                    605.763293310463
                ]
            ], 
            "user": "daid", 
            "verified": 0
        }, 
        {
            "date": "10-Apr-2018 00:24:06", 
            "deleted": 0, 
            "draw": true, 
            "id": 16, 
            "label": "pole", 
            "polygon": [
                [
                    1381.9554030874785, 
                    611.3207547169811
                ], 
                [
                    1387.5128644939964, 
                    609.4682675814751
                ], 
                [
                    1385.6603773584905, 
                    531.663807890223
                ], 
                [
                    1376.3979416809605, 
                    533.5162950257289
                ]
            ], 
            "user": "daid", 
            "verified": 0
        }, 
        {
            "date": "10-Apr-2018 00:24:19", 
            "deleted": 0, 
            "draw": true, 
            "id": 17, 
            "label": "pole", 
            "polygon": [
                [
                    1200.4116638078901, 
                    616.8782161234991
                ], 
                [
                    1220.789022298456, 
                    616.8782161234991
                ], 
                [
                    1215.2315608919382, 
                    476.08919382504286
                ], 
                [
                    1200.4116638078901, 
                    476.08919382504286
                ]
            ], 
            "user": "daid", 
            "verified": 0
        }, 
        {
            "date": "10-Apr-2018 00:24:49", 
            "deleted": 0, 
            "draw": true, 
            "id": 18, 
            "label": "pole", 
            "polygon": [
                [
                    1567.2041166380789, 
                    670.6003430531732
                ], 
                [
                    1580.1715265866208, 
                    670.6003430531732
                ], 
                [
                    1550.5317324185248, 
                    92.62435677530016
                ], 
                [
                    1537.5643224699827, 
                    94.47684391080617
                ], 
                [
                    1559.7941680960548, 
                    666.8953687821612
                ]
            ], 
            "user": "daid", 
            "verified": 0
        }, 
        {
            "date": "10-Apr-2018 00:25:01", 
            "deleted": 0, 
            "draw": true, 
            "id": 19, 
            "label": "pole", 
            "polygon": [
                [
                    1526.4493996569468, 
                    631.6981132075471
                ], 
                [
                    1537.5643224699827, 
                    631.6981132075471
                ], 
                [
                    1524.5969125214408, 
                    194.51114922813034
                ], 
                [
                    1513.4819897084046, 
                    196.36363636363635
                ]
            ], 
            "user": "daid", 
            "verified": 0
        }, 
        {
            "date": "10-Apr-2018 00:25:15", 
            "deleted": 0, 
            "draw": true, 
            "id": 20, 
            "label": "pole", 
            "polygon": [
                [
                    1404.1852487135504, 
                    607.6157804459691
                ], 
                [
                    1419.0051457975985, 
                    607.6157804459691
                ], 
                [
                    1404.1852487135504, 
                    333.4476843910806
                ], 
                [
                    1391.2178387650085, 
                    335.3001715265866
                ], 
                [
                    1398.6277873070326, 
                    611.3207547169811
                ]
            ], 
            "user": "daid", 
            "verified": 0
        }, 
        {
            "date": "10-Apr-2018 00:25:25", 
            "deleted": 0, 
            "draw": true, 
            "id": 21, 
            "label": "pole", 
            "polygon": [
                [
                    1341.2006861063464, 
                    607.6157804459691
                ], 
                [
                    1350.4631217838764, 
                    607.6157804459691
                ], 
                [
                    1348.6106346483705, 
                    542.7787307032589
                ], 
                [
                    1339.3481989708405, 
                    540.926243567753
                ]
            ], 
            "user": "daid", 
            "verified": 0
        }, 
        {
            "date": "10-Apr-2018 00:25:37", 
            "deleted": 0, 
            "draw": true, 
            "id": 22, 
            "label": "pole", 
            "polygon": [
                [
                    585.385934819897, 
                    605.763293310463
                ], 
                [
                    603.9108061749571, 
                    605.763293310463
                ], 
                [
                    603.9108061749571, 
                    474.23670668953685
                ], 
                [
                    589.090909090909, 
                    474.23670668953685
                ]
            ], 
            "user": "daid", 
            "verified": 0
        }, 
        {
            "date": "10-Apr-2018 00:25:57", 
            "deleted": 0, 
            "draw": true, 
            "id": 23, 
            "label": "pole", 
            "polygon": [
                [
                    761.3722126929673, 
                    583.533447684391
                ], 
                [
                    772.4871355060034, 
                    583.533447684391
                ], 
                [
                    770.6346483704974, 
                    477.94168096054887
                ], 
                [
                    757.6672384219553, 
                    479.7941680960549
                ], 
                [
                    757.6672384219553, 
                    579.828473413379
                ]
            ], 
            "user": "daid", 
            "verified": 0
        }, 
        {
            "date": "10-Apr-2018 00:26:39", 
            "deleted": 0, 
            "draw": true, 
            "id": 24, 
            "label": "vegetation", 
            "polygon": [
                [
                    781.7495711835334, 
                    418.6620926243567
                ], 
                [
                    805.8319039451114, 
                    355.6775300171526
                ], 
                [
                    791.0120068610634, 
                    320.4802744425386
                ], 
                [
                    778.0445969125213, 
                    229.7084048027444
                ], 
                [
                    752.1097770154373, 
                    209.33104631217836
                ], 
                [
                    740.9948542024013, 
                    179.6912521440823
                ], 
                [
                    726.1749571183533, 
                    151.90394511149228
                ], 
                [
                    720.6174957118353, 
                    111.1492281303602
                ], 
                [
                    707.6500857632933, 
                    59.279588336192106
                ], 
                [
                    687.2727272727273, 
                    18.524871355060032
                ], 
                [
                    666.8953687821612, 
                    59.279588336192106
                ], 
                [
                    639.1080617495711, 
                    107.4442538593482
                ], 
                [
                    624.2881646655231, 
                    163.01886792452828
                ], 
                [
                    615.025728987993, 
                    177.8387650085763
                ], 
                [
                    611.3207547169811, 
                    188.95368782161233
                ], 
                [
                    642.8130360205831, 
                    246.38078902229844
                ], 
                [
                    778.0445969125213, 
                    416.80960548885076
                ], 
                [
                    783.6020583190394, 
                    414.95711835334475
                ]
            ], 
            "user": "daid", 
            "verified": 0
        }, 
        {
            "date": "10-Apr-2018 00:27:35", 
            "deleted": 0, 
            "draw": true, 
            "id": 25, 
            "label": "sky", 
            "polygon": [
                [
                    277.87307032590047, 
                    9.262435677530016
                ], 
                [
                    298.2504288164665, 
                    66.68953687821612
                ], 
                [
                    370.4974271012006, 
                    83.36192109777015
                ], 
                [
                    453.8593481989708, 
                    94.47684391080617
                ], 
                [
                    479.7941680960549, 
                    103.73927958833619
                ], 
                [
                    527.958833619211, 
                    100.03430531732418
                ], 
                [
                    548.336192109777, 
                    125.96912521440822
                ], 
                [
                    592.795883361921, 
                    170.4288164665523
                ], 
                [
                    600.2058319039451, 
                    179.6912521440823
                ], 
                [
                    607.6157804459691, 
                    157.46140651801028
                ], 
                [
                    616.8782161234991, 
                    113.0017152658662
                ], 
                [
                    631.6981132075471, 
                    100.03430531732418
                ], 
                [
                    646.5180102915951, 
                    81.50943396226414
                ], 
                [
                    668.7478559176672, 
                    33.34476843910806
                ], 
                [
                    681.7152658662092, 
                    38.90222984562607
                ], 
                [
                    698.3876500857632, 
                    74.09948542024013
                ], 
                [
                    709.5025728987993, 
                    109.29674099485419
                ], 
                [
                    715.0600343053172, 
                    161.1663807890223
                ], 
                [
                    720.6174957118353, 
                    187.10120068610632
                ], 
                [
                    720.6174957118353, 
                    187.10120068610632
                ], 
                [
                    728.0274442538592, 
                    175.98627787307032
                ], 
                [
                    737.2898799313894, 
                    174.1337907375643
                ], 
                [
                    750.2572898799314, 
                    200.06861063464837
                ], 
                [
                    761.3722126929673, 
                    242.67581475128642
                ], 
                [
                    774.3396226415093, 
                    263.05317324185245
                ], 
                [
                    783.6020583190394, 
                    313.07032590051455
                ], 
                [
                    792.8644939965694, 
                    329.7427101200686
                ], 
                [
                    807.6843910806174, 
                    346.4150943396226
                ], 
                [
                    789.1595197255574, 
                    374.20240137221265
                ], 
                [
                    789.1595197255574, 
                    374.20240137221265
                ], 
                [
                    791.0120068610634, 
                    403.8421955403087
                ], 
                [
                    820.6518010291594, 
                    420.5145797598627
                ], 
                [
                    861.4065180102915, 
                    401.9897084048027
                ], 
                [
                    904.0137221269296, 
                    376.05488850771866
                ], 
                [
                    939.2109777015437, 
                    377.90737564322467
                ], 
                [
                    972.5557461406518, 
                    350.12006861063463
                ], 
                [
                    996.6380789022297, 
                    324.18524871355055
                ], 
                [
                    1020.7204116638078, 
                    318.6277873070326
                ], 
                [
                    1048.507718696398, 
                    313.07032590051455
                ], 
                [
                    1052.2126929674098, 
                    272.3156089193825
                ], 
                [
                    1067.0325900514579, 
                    244.52830188679243
                ], 
                [
                    1105.934819897084, 
                    233.4133790737564
                ], 
                [
                    1142.984562607204, 
                    233.4133790737564
                ], 
                [
                    1168.919382504288, 
                    207.47855917667238
                ], 
                [
                    1196.7066895368782, 
                    200.06861063464837
                ], 
                [
                    1215.2315608919382, 
                    200.06861063464837
                ], 
                [
                    1215.2315608919382, 
                    220.4459691252144
                ], 
                [
                    1217.0840480274442, 
                    246.38078902229844
                ], 
                [
                    1231.9039451114922, 
                    246.38078902229844
                ], 
                [
                    1278.2161234991422, 
                    224.1509433962264
                ], 
                [
                    1339.3481989708405, 
                    200.06861063464837
                ], 
                [
                    1372.6929674099483, 
                    196.36363636363635
                ], 
                [
                    1398.6277873070326, 
                    179.6912521440823
                ], 
                [
                    1413.4476843910804, 
                    190.80617495711834
                ], 
                [
                    1444.9399656946825, 
                    194.51114922813034
                ], 
                [
                    1463.4648370497425, 
                    207.47855917667238
                ], 
                [
                    1470.8747855917666, 
                    207.47855917667238
                ], 
                [
                    1470.8747855917666, 
                    207.47855917667238
                ], 
                [
                    1487.5471698113206, 
                    200.06861063464837
                ], 
                [
                    1498.6620926243565, 
                    172.2813036020583
                ], 
                [
                    1506.0720411663806, 
                    116.7066895368782
                ], 
                [
                    1524.5969125214408, 
                    62.98456260720411
                ], 
                [
                    1526.4493996569468, 
                    20.377358490566035
                ], 
                [
                    1526.4493996569468, 
                    0.0
                ], 
                [
                    268.6106346483705, 
                    1.8524871355060033
                ]
            ], 
            "user": "daid", 
            "verified": 0
        }, 
        {
            "date": "10-Apr-2018 00:28:10", 
            "deleted": 0, 
            "draw": true, 
            "id": 26, 
            "label": "wall", 
            "polygon": [
                [
                    5.5574614065180095, 
                    368.6449399656947
                ], 
                [
                    313.07032590051455, 
                    403.8421955403087
                ], 
                [
                    303.80789022298455, 
                    500.17152658662087
                ], 
                [
                    283.4305317324185, 
                    468.6792452830188
                ], 
                [
                    251.93825042881645, 
                    453.8593481989708
                ], 
                [
                    231.56089193825042, 
                    479.7941680960549
                ], 
                [
                    211.18353344768437, 
                    514.991423670669
                ], 
                [
                    203.77358490566036, 
                    561.303602058319
                ], 
                [
                    205.62607204116637, 
                    589.090909090909
                ], 
                [
                    183.39622641509433, 
                    598.3533447684391
                ], 
                [
                    157.46140651801028, 
                    598.3533447684391
                ], 
                [
                    150.05145797598627, 
                    709.5025728987993
                ], 
                [
                    0.0, 
                    746.5523156089193
                ], 
                [
                    0.0, 
                    372.34991423670664
                ]
            ], 
            "user": "daid", 
            "verified": 0
        }
    ]
}