{
    "imgHeight": 480, 
    "imgWidth": 854, 
    "objects": [
        {
            "date": "15-Nov-2018 11:54:13", 
            "deleted": 0, 
            "draw": true, 
            "id": 0, 
            "label": "train", 
            "polygon": [
                [
                    9.119170984455959, 
                    156.68393782383419
                ], 
                [
                    72.95336787564767, 
                    162.48704663212433
                ], 
                [
                    150.05181347150258, 
                    169.11917098445596
                ], 
                [
                    231.29533678756476, 
                    177.40932642487047
                ], 
                [
                    337.40932642487047, 
                    186.5284974093264
                ], 
                [
                    405.3886010362694, 
                    191.50259067357513
                ], 
                [
                    459.2746113989637, 
                    194.81865284974091
                ], 
                [
                    499.8963730569948, 
                    196.47668393782382
                ], 
                [
                    507.35751295336786, 
                    223.8341968911917
                ], 
                [
                    507.35751295336786, 
                    234.61139896373055
                ], 
                [
                    504.8704663212435, 
                    238.75647668393782
                ], 
                [
                    481.6580310880829, 
                    238.75647668393782
                ], 
                [
                    455.9585492227979, 
                    241.24352331606218
                ], 
                [
                    420.3108808290155, 
                    244.55958549222797
                ], 
                [
                    375.5440414507772, 
                    251.19170984455957
                ], 
                [
                    324.97409326424867, 
                    256.1658031088083
                ], 
                [
                    257.8238341968912, 
                    261.9689119170984
                ], 
                [
                    234.61139896373055, 
                    261.9689119170984
                ], 
                [
                    197.30569948186528, 
                    266.94300518134713
                ], 
                [
                    179.06735751295335, 
                    269.4300518134715
                ], 
                [
                    170.77720207253884, 
                    256.1658031088083
                ], 
                [
                    167.46113989637306, 
                    240.41450777202073
                ], 
                [
                    168.2901554404145, 
                    230.4663212435233
                ], 
                [
                    167.46113989637306, 
                    215.5440414507772
                ], 
                [
                    154.19689119170985, 
                    209.74093264248705
                ], 
                [
                    145.90673575129534, 
                    210.56994818652848
                ], 
                [
                    143.41968911917098, 
                    213.8860103626943
                ], 
                [
                    138.4455958549223, 
                    223.8341968911917
                ], 
                [
                    131.81347150259066, 
                    234.61139896373055
                ], 
                [
                    130.15544041450778, 
                    245.38860103626942
                ], 
                [
                    128.49740932642487, 
                    266.1139896373057
                ], 
                [
                    124.35233160621762, 
                    271.0880829015544
                ], 
                [
                    104.4559585492228, 
                    275.23316062176167
                ], 
                [
                    72.12435233160622, 
                    275.23316062176167
                ], 
                [
                    34.81865284974093, 
                    278.5492227979274
                ], 
                [
                    9.119170984455959, 
                    280.20725388601034
                ], 
                [
                    0.8290155440414507, 
                    279.3782383419689
                ], 
                [
                    0.0, 
                    156.68393782383419
                ]
            ], 
            "user": "daid", 
            "verified": 0
        }, 
        {
            "date": "15-Nov-2018 11:55:18", 
            "deleted": 0, 
            "draw": true, 
            "id": 1, 
            "label": "person", 
            "polygon": [
                [
                    155.02590673575128, 
                    349.01554404145077
                ], 
                [
                    164.9740932642487, 
                    344.04145077720204
                ], 
                [
                    166.6321243523316, 
                    324.97409326424867
                ], 
                [
                    169.11917098445596, 
                    305.90673575129534
                ], 
                [
                    169.11917098445596, 
                    289.3264248704663
                ], 
                [
                    169.11917098445596, 
                    281.86528497409324
                ], 
                [
                    176.58031088082902, 
                    286.0103626943005
                ], 
                [
                    181.5544041450777, 
                    279.3782383419689
                ], 
                [
                    180.72538860103626, 
                    272.7461139896373
                ], 
                [
                    173.2642487046632, 
                    260.31088082901556
                ], 
                [
                    170.77720207253884, 
                    248.70466321243524
                ], 
                [
                    168.2901554404145, 
                    240.41450777202073
                ], 
                [
                    168.2901554404145, 
                    230.4663212435233
                ], 
                [
                    168.2901554404145, 
                    220.5181347150259
                ], 
                [
                    166.6321243523316, 
                    215.5440414507772
                ], 
                [
                    157.51295336787564, 
                    212.22797927461139
                ], 
                [
                    150.05181347150258, 
                    209.74093264248705
                ], 
                [
                    145.0777202072539, 
                    210.56994818652848
                ], 
                [
                    144.24870466321244, 
                    216.37305699481865
                ], 
                [
                    141.76165803108807, 
                    220.5181347150259
                ], 
                [
                    135.95854922279793, 
                    224.66321243523316
                ], 
                [
                    132.6424870466321, 
                    231.29533678756476
                ], 
                [
                    130.15544041450778, 
                    239.58549222797927
                ], 
                [
                    130.15544041450778, 
                    256.99481865284974
                ], 
                [
                    129.32642487046633, 
                    263.6269430051813
                ], 
                [
                    126.83937823834196, 
                    272.7461139896373
                ], 
                [
                    125.18134715025906, 
                    278.5492227979274
                ], 
                [
                    124.35233160621762, 
                    280.20725388601034
                ], 
                [
                    121.86528497409326, 
                    283.52331606217615
                ], 
                [
                    121.86528497409326, 
                    288.4974093264249
                ], 
                [
                    123.52331606217616, 
                    290.98445595854923
                ], 
                [
                    127.66839378238342, 
                    299.2746113989637
                ], 
                [
                    131.81347150259066, 
                    305.0777202072539
                ], 
                [
                    131.81347150259066, 
                    317.51295336787564
                ], 
                [
                    131.81347150259066, 
                    325.8031088082901
                ], 
                [
                    130.9844559585492, 
                    332.43523316062175
                ], 
                [
                    131.81347150259066, 
                    343.2124352331606
                ], 
                [
                    136.78756476683938, 
                    353.16062176165804
                ], 
                [
                    145.90673575129534, 
                    352.3316062176166
                ]
            ], 
            "user": "daid", 
            "verified": 0
        }, 
        {
            "date": "15-Nov-2018 12:52:01", 
            "deleted": 0, 
            "draw": true, 
            "id": 2, 
            "label": "sidewalk", 
            "polygon": [
                [
                    3.316062176165803, 
                    330.77720207253884
                ], 
                [
                    128.49740932642487, 
                    304.24870466321244
                ], 
                [
                    120.20725388601036, 
                    288.4974093264249
                ], 
                [
                    124.35233160621762, 
                    281.0362694300518
                ], 
                [
                    126.83937823834196, 
                    275.23316062176167
                ], 
                [
                    129.32642487046633, 
                    266.94300518134713
                ], 
                [
                    129.32642487046633, 
                    259.4818652849741
                ], 
                [
                    131.81347150259066, 
                    250.36269430051811
                ], 
                [
                    131.81347150259066, 
                    243.7305699481865
                ], 
                [
                    130.9844559585492, 
                    237.0984455958549
                ], 
                [
                    134.30051813471502, 
                    228.8082901554404
                ], 
                [
                    140.10362694300517, 
                    222.1761658031088
                ], 
                [
                    143.41968911917098, 
                    217.2020725388601
                ], 
                [
                    146.73575129533677, 
                    213.05699481865284
                ], 
                [
                    154.19689119170985, 
                    211.39896373056993
                ], 
                [
                    163.3160621761658, 
                    214.71502590673575
                ], 
                [
                    169.11917098445596, 
                    217.2020725388601
                ], 
                [
                    169.11917098445596, 
                    227.1502590673575
                ], 
                [
                    169.11917098445596, 
                    237.0984455958549
                ], 
                [
                    169.11917098445596, 
                    246.21761658031087
                ], 
                [
                    172.43523316062175, 
                    256.99481865284974
                ], 
                [
                    175.75129533678756, 
                    266.1139896373057
                ], 
                [
                    179.06735751295335, 
                    275.23316062176167
                ], 
                [
                    182.38341968911917, 
                    282.6943005181347
                ], 
                [
                    178.2383419689119, 
                    287.6683937823834
                ], 
                [
                    174.09326424870466, 
                    285.18134715025906
                ], 
                [
                    170.77720207253884, 
                    281.86528497409324
                ], 
                [
                    171.6062176165803, 
                    293.47150259067354
                ], 
                [
                    171.6062176165803, 
                    296.78756476683935
                ], 
                [
                    189.84455958549222, 
                    292.64248704663214
                ], 
                [
                    209.74093264248705, 
                    286.83937823834196
                ], 
                [
                    218.860103626943, 
                    284.3523316062176
                ], 
                [
                    232.95336787564767, 
                    283.52331606217615
                ], 
                [
                    252.02072538860102, 
                    281.0362694300518
                ], 
                [
                    271.0880829015544, 
                    280.20725388601034
                ], 
                [
                    298.44559585492226, 
                    280.20725388601034
                ], 
                [
                    307.56476683937825, 
                    280.20725388601034
                ], 
                [
                    317.51295336787564, 
                    280.20725388601034
                ], 
                [
                    334.09326424870466, 
                    281.0362694300518
                ], 
                [
                    349.01554404145077, 
                    281.0362694300518
                ], 
                [
                    358.96373056994815, 
                    284.3523316062176
                ], 
                [
                    366.42487046632124, 
                    285.18134715025906
                ], 
                [
                    372.22797927461136, 
                    288.4974093264249
                ], 
                [
                    371.39896373056996, 
                    293.47150259067354
                ], 
                [
                    366.42487046632124, 
                    299.2746113989637
                ], 
                [
                    349.01554404145077, 
                    309.2227979274611
                ], 
                [
                    311.70984455958546, 
                    332.43523316062175
                ], 
                [
                    276.0621761658031, 
                    353.9896373056995
                ], 
                [
                    230.4663212435233, 
                    380.5181347150259
                ], 
                [
                    193.9896373056995, 
                    401.2435233160622
                ], 
                [
                    157.51295336787564, 
                    425.2849740932642
                ], 
                [
                    126.83937823834196, 
                    443.52331606217615
                ], 
                [
                    96.16580310880829, 
                    463.419689119171
                ], 
                [
                    72.12435233160622, 
                    479.0
                ], 
                [
                    0.0, 
                    479.0
                ]
            ], 
            "user": "daid", 
            "verified": 0
        }, 
        {
            "date": "15-Nov-2018 12:53:28", 
            "deleted": 0, 
            "draw": true, 
            "id": 3, 
            "label": "sidewalk", 
            "polygon": [
                [
                    644.9740932642487, 
                    232.12435233160622
                ], 
                [
                    635.0259067357513, 
                    232.12435233160622
                ], 
                [
                    628.3937823834196, 
                    232.95336787564767
                ], 
                [
                    617.6165803108807, 
                    237.92746113989637
                ], 
                [
                    600.2072538860103, 
                    245.38860103626942
                ], 
                [
                    590.2590673575129, 
                    250.36269430051811
                ], 
                [
                    582.7979274611399, 
                    259.4818652849741
                ], 
                [
                    578.6528497409327, 
                    267.7720207253886
                ], 
                [
                    576.9948186528497, 
                    277.720207253886
                ], 
                [
                    580.3108808290156, 
                    286.0103626943005
                ], 
                [
                    583.6269430051814, 
                    291.8134715025907
                ], 
                [
                    588.60103626943, 
                    300.10362694300517
                ], 
                [
                    592.7461139896373, 
                    305.90673575129534
                ], 
                [
                    597.720207253886, 
                    312.5388601036269
                ], 
                [
                    604.3523316062176, 
                    320.0
                ], 
                [
                    612.6424870466321, 
                    329.11917098445593
                ], 
                [
                    620.1036269430051, 
                    335.75129533678756
                ], 
                [
                    632.5388601036269, 
                    346.5284974093264
                ], 
                [
                    664.041450777202, 
                    375.5440414507772
                ], 
                [
                    694.7150259067357, 
                    402.9015544041451
                ], 
                [
                    733.6787564766839, 
                    432.7461139896373
                ], 
                [
                    762.6943005181347, 
                    455.12953367875645
                ], 
                [
                    793.3678756476684, 
                    478.3419689119171
                ], 
                [
                    852.2279792746114, 
                    479.0
                ], 
                [
                    853.0, 
                    329.11917098445593
                ], 
                [
                    805.8031088082902, 
                    309.2227979274611
                ], 
                [
                    715.440414507772, 
                    272.7461139896373
                ], 
                [
                    705.4922279792746, 
                    271.91709844559585
                ], 
                [
                    696.3730569948186, 
                    271.0880829015544
                ], 
                [
                    679.7927461139897, 
                    265.2849740932642
                ], 
                [
                    659.8963730569948, 
                    253.67875647668393
                ], 
                [
                    650.7772020725388, 
                    245.38860103626942
                ], 
                [
                    644.1450777202073, 
                    237.92746113989637
                ]
            ], 
            "user": "daid", 
            "verified": 0
        }, 
        {
            "date": "15-Nov-2018 12:54:26", 
            "deleted": 0, 
            "draw": true, 
            "id": 4, 
            "label": "traffic sign", 
            "polygon": [
                [
                    539.6891191709844, 
                    214.71502590673575
                ], 
                [
                    545.4922279792746, 
                    214.71502590673575
                ], 
                [
                    545.4922279792746, 
                    203.93782383419688
                ], 
                [
                    537.2020725388601, 
                    203.93782383419688
                ]
            ], 
            "user": "daid", 
            "verified": 0
        }, 
        {
            "date": "15-Nov-2018 12:55:04", 
            "deleted": 0, 
            "draw": true, 
            "id": 5, 
            "label": "rider", 
            "polygon": [
                [
                    633.3678756476684, 
                    227.97927461139895
                ], 
                [
                    632.5388601036269, 
                    223.8341968911917
                ], 
                [
                    632.5388601036269, 
                    220.5181347150259
                ], 
                [
                    631.7098445595855, 
                    215.5440414507772
                ], 
                [
                    637.5129533678756, 
                    211.39896373056993
                ], 
                [
                    638.3419689119171, 
                    215.5440414507772
                ], 
                [
                    638.3419689119171, 
                    221.34715025906735
                ], 
                [
                    638.3419689119171, 
                    227.1502590673575
                ]
            ], 
            "user": "daid", 
            "verified": 0
        }, 
        {
            "date": "15-Nov-2018 13:00:30", 
            "deleted": 0, 
            "draw": true, 
            "id": 6, 
            "label": "road", 
            "polygon": [
                [
                    75.44041450777202, 
                    478.3419689119171
                ], 
                [
                    196.47668393782382, 
                    401.2435233160622
                ], 
                [
                    281.0362694300518, 
                    351.5025906735751
                ], 
                [
                    358.96373056994815, 
                    303.419689119171
                ], 
                [
                    397.0984455958549, 
                    286.83937823834196
                ], 
                [
                    446.83937823834196, 
                    268.60103626943004
                ], 
                [
                    496.580310880829, 
                    249.53367875647666
                ], 
                [
                    530.5699481865284, 
                    241.24352331606218
                ], 
                [
                    556.2694300518134, 
                    238.75647668393782
                ], 
                [
                    578.6528497409327, 
                    233.7823834196891
                ], 
                [
                    578.6528497409327, 
                    229.63730569948186
                ], 
                [
                    582.7979274611399, 
                    224.66321243523316
                ], 
                [
                    596.0621761658031, 
                    222.1761658031088
                ], 
                [
                    619.2746113989637, 
                    220.5181347150259
                ], 
                [
                    630.880829015544, 
                    219.68911917098444
                ], 
                [
                    630.880829015544, 
                    229.63730569948186
                ], 
                [
                    614.300518134715, 
                    237.92746113989637
                ], 
                [
                    594.4041450777202, 
                    248.70466321243524
                ], 
                [
                    584.4559585492228, 
                    256.1658031088083
                ], 
                [
                    578.6528497409327, 
                    270.25906735751295
                ], 
                [
                    577.8238341968912, 
                    280.20725388601034
                ], 
                [
                    585.2849740932643, 
                    295.12953367875645
                ], 
                [
                    598.5492227979274, 
                    313.36787564766837
                ], 
                [
                    616.7875647668394, 
                    330.77720207253884
                ], 
                [
                    635.8549222797927, 
                    350.6735751295337
                ], 
                [
                    655.7512953367875, 
                    368.08290155440415
                ], 
                [
                    677.3056994818653, 
                    388.8082901554404
                ], 
                [
                    702.1761658031088, 
                    408.7046632124352
                ], 
                [
                    727.0466321243523, 
                    428.60103626943004
                ], 
                [
                    752.7461139896373, 
                    448.4974093264249
                ], 
                [
                    793.3678756476684, 
                    479.0
                ], 
                [
                    754.4041450777202, 
                    479.0
                ], 
                [
                    721.2435233160621, 
                    465.0777202072539
                ], 
                [
                    694.7150259067357, 
                    456.78756476683935
                ], 
                [
                    666.5284974093264, 
                    448.4974093264249
                ], 
                [
                    634.1968911917098, 
                    441.86528497409324
                ], 
                [
                    604.3523316062176, 
                    435.23316062176167
                ], 
                [
                    566.2176165803108, 
                    429.4300518134715
                ], 
                [
                    519.7927461139897, 
                    427.7720207253886
                ], 
                [
                    470.880829015544, 
                    428.60103626943004
                ], 
                [
                    433.57512953367876, 
                    426.94300518134713
                ], 
                [
                    398.7564766839378, 
                    426.94300518134713
                ], 
                [
                    356.4766839378238, 
                    431.0880829015544
                ], 
                [
                    315.85492227979273, 
                    435.23316062176167
                ], 
                [
                    281.0362694300518, 
                    442.6943005181347
                ], 
                [
                    247.87564766839378, 
                    454.300518134715
                ], 
                [
                    223.8341968911917, 
                    463.419689119171
                ], 
                [
                    203.10880829015542, 
                    471.70984455958546
                ], 
                [
                    190.67357512953367, 
                    477.51295336787564
                ], 
                [
                    164.14507772020724, 
                    478.3419689119171
                ], 
                [
                    111.91709844559585, 
                    479.0
                ]
            ], 
            "user": "daid", 
            "verified": 0
        }, 
        {
            "date": "15-Nov-2018 19:43:41", 
            "deleted": 0, 
            "draw": true, 
            "id": 7, 
            "label": "building", 
            "polygon": [
                [
                    0.0, 
                    155.85492227979273
                ], 
                [
                    24.870466321243523, 
                    157.51295336787564
                ], 
                [
                    54.71502590673575, 
                    160.0
                ], 
                [
                    98.65284974093264, 
                    164.9740932642487
                ], 
                [
                    128.49740932642487, 
                    167.46113989637306
                ], 
                [
                    138.4455958549223, 
                    169.11917098445596
                ], 
                [
                    142.59067357512953, 
                    169.94818652849742
                ], 
                [
                    131.81347150259066, 
                    0.0
                ], 
                [
                    0.0, 
                    0.0
                ]
            ], 
            "user": "daid", 
            "verified": 0
        }, 
        {
            "date": "15-Nov-2018 19:43:59", 
            "deleted": 0, 
            "draw": true, 
            "id": 8, 
            "label": "vegetation", 
            "polygon": [
                [
                    511.5025906735751, 
                    206.42487046632124
                ], 
                [
                    528.9119170984455, 
                    208.08290155440415
                ], 
                [
                    538.0310880829015, 
                    201.45077720207254
                ], 
                [
                    534.7150259067357, 
                    193.16062176165804
                ], 
                [
                    518.1347150259068, 
                    187.35751295336786
                ], 
                [
                    498.2383419689119, 
                    186.5284974093264
                ], 
                [
                    499.0673575129533, 
                    193.9896373056995
                ], 
                [
                    504.8704663212435, 
                    197.30569948186528
                ]
            ], 
            "user": "daid", 
            "verified": 0
        }
    ]
}