{
    "imgHeight": 1080, 
    "imgWidth": 1920, 
    "objects": [
        {
            "date": "15-Nov-2018 17:12:18", 
            "deleted": 0, 
            "draw": true, 
            "id": 0, 
            "label": "car", 
            "polygon": [
                [
                    190.25906735751295, 
                    854.300518134715
                ], 
                [
                    302.1761658031088, 
                    869.2227979274612
                ], 
                [
                    387.979274611399, 
                    856.1658031088083
                ], 
                [
                    458.86010362694304, 
                    837.5129533678756
                ], 
                [
                    535.3367875647668, 
                    813.2642487046633
                ], 
                [
                    565.1813471502591, 
                    803.9378238341969
                ], 
                [
                    576.3730569948186, 
                    816.9948186528497
                ], 
                [
                    589.4300518134716, 
                    805.8031088082902
                ], 
                [
                    595.0259067357513, 
                    779.6891191709844
                ], 
                [
                    591.2953367875648, 
                    747.979274611399
                ], 
                [
                    589.4300518134716, 
                    720.0
                ], 
                [
                    568.9119170984457, 
                    692.020725388601
                ], 
                [
                    550.259067357513, 
                    686.4248704663213
                ], 
                [
                    509.22279792746116, 
                    680.8290155440415
                ], 
                [
                    471.91709844559585, 
                    678.9637305699482
                ], 
                [
                    386.11398963730574, 
                    680.8290155440415
                ], 
                [
                    348.80829015544043, 
                    686.4248704663213
                ], 
                [
                    328.29015544041454, 
                    693.8860103626944
                ], 
                [
                    261.139896373057, 
                    736.7875647668394
                ], 
                [
                    188.3937823834197, 
                    774.0932642487047
                ], 
                [
                    175.33678756476684, 
                    789.0155440414508
                ], 
                [
                    180.93264248704665, 
                    802.0725388601037
                ], 
                [
                    188.3937823834197, 
                    811.39896373057
                ]
            ], 
            "user": "daid", 
            "verified": 0
        }, 
        {
            "date": "15-Nov-2018 17:13:23", 
            "deleted": 0, 
            "draw": true, 
            "id": 1, 
            "label": "car", 
            "polygon": [
                [
                    1352.3316062176166, 
                    859.8963730569949
                ], 
                [
                    1376.580310880829, 
                    861.7616580310881
                ], 
                [
                    1376.580310880829, 
                    841.2435233160622
                ], 
                [
                    1456.7875647668395, 
                    882.279792746114
                ], 
                [
                    1456.7875647668395, 
                    913.9896373056995
                ], 
                [
                    1501.5544041450778, 
                    930.7772020725389
                ], 
                [
                    1525.8031088082903, 
                    915.8549222797927
                ], 
                [
                    1596.6839378238342, 
                    930.7772020725389
                ], 
                [
                    1643.3160621761658, 
                    938.238341968912
                ], 
                [
                    1744.041450777202, 
                    936.3730569948187
                ], 
                [
                    1740.3108808290156, 
                    828.1865284974093
                ], 
                [
                    1689.9481865284974, 
                    816.9948186528497
                ], 
                [
                    1650.777202072539, 
                    734.9222797927462
                ], 
                [
                    1579.896373056995, 
                    731.1917098445596
                ], 
                [
                    1477.3056994818653, 
                    720.0
                ], 
                [
                    1415.7512953367875, 
                    723.7305699481866
                ], 
                [
                    1387.7720207253888, 
                    725.5958549222798
                ], 
                [
                    1376.580310880829, 
                    749.8445595854922
                ], 
                [
                    1363.5233160621763, 
                    762.9015544041451
                ], 
                [
                    1348.60103626943, 
                    766.6321243523316
                ], 
                [
                    1348.60103626943, 
                    798.3419689119171
                ], 
                [
                    1348.60103626943, 
                    820.7253886010363
                ]
            ], 
            "user": "daid", 
            "verified": 0
        }, 
        {
            "date": "15-Nov-2018 17:13:36", 
            "deleted": 0, 
            "draw": true, 
            "id": 2, 
            "label": "traffic sign", 
            "polygon": [
                [
                    1065.0777202072538, 
                    695.7512953367876
                ], 
                [
                    1076.2694300518135, 
                    695.7512953367876
                ], 
                [
                    1070.6735751295337, 
                    677.098445595855
                ]
            ], 
            "user": "daid", 
            "verified": 0
        }, 
        {
            "date": "15-Nov-2018 17:13:46", 
            "deleted": 0, 
            "draw": true, 
            "id": 3, 
            "label": "traffic sign", 
            "polygon": [
                [
                    1074.4041450777202, 
                    678.9637305699482
                ], 
                [
                    1085.5958549222798, 
                    678.9637305699482
                ], 
                [
                    1085.5958549222798, 
                    650.9844559585492
                ], 
                [
                    1078.1347150259069, 
                    654.7150259067357
                ]
            ], 
            "user": "daid", 
            "verified": 0
        }, 
        {
            "date": "15-Nov-2018 17:14:39", 
            "deleted": 0, 
            "draw": true, 
            "id": 4, 
            "label": "road", 
            "polygon": [
                [
                    1701.1398963730571, 
                    1076.2694300518135
                ], 
                [
                    1300.103626943005, 
                    854.300518134715
                ], 
                [
                    1165.8031088082903, 
                    777.8238341968912
                ], 
                [
                    1094.9222797927462, 
                    744.2487046632125
                ], 
                [
                    1061.3471502590673, 
                    718.1347150259068
                ], 
                [
                    1044.559585492228, 
                    710.6735751295337
                ], 
                [
                    1025.9067357512954, 
                    701.3471502590673
                ], 
                [
                    984.8704663212436, 
                    701.3471502590673
                ], 
                [
                    934.5077720207254, 
                    701.3471502590673
                ], 
                [
                    915.8549222797927, 
                    710.6735751295337
                ], 
                [
                    900.9326424870467, 
                    720.0
                ], 
                [
                    867.3575129533679, 
                    720.0
                ], 
                [
                    831.9170984455959, 
                    720.0
                ], 
                [
                    781.5544041450778, 
                    729.3264248704663
                ], 
                [
                    721.8652849740932, 
                    746.1139896373057
                ], 
                [
                    596.8911917098446, 
                    772.2279792746115
                ], 
                [
                    596.8911917098446, 
                    796.4766839378239
                ], 
                [
                    589.4300518134716, 
                    815.1295336787565
                ], 
                [
                    570.7772020725389, 
                    815.1295336787565
                ], 
                [
                    553.9896373056995, 
                    811.39896373057
                ], 
                [
                    466.32124352331607, 
                    841.2435233160622
                ], 
                [
                    367.4611398963731, 
                    861.7616580310881
                ], 
                [
                    300.31088082901556, 
                    872.9533678756477
                ], 
                [
                    231.29533678756476, 
                    865.4922279792746
                ], 
                [
                    182.7979274611399, 
                    858.0310880829015
                ], 
                [
                    180.93264248704665, 
                    824.4559585492228
                ], 
                [
                    0.0, 
                    863.6269430051814
                ], 
                [
                    0.0, 
                    1079.0
                ]
            ], 
            "user": "daid", 
            "verified": 0
        }, 
        {
            "date": "15-Nov-2018 18:46:11", 
            "deleted": 0, 
            "draw": true, 
            "id": 5, 
            "label": "sidewalk", 
            "polygon": [
                [
                    3.7305699481865284, 
                    798.3419689119171
                ], 
                [
                    173.4715025906736, 
                    777.8238341968912
                ], 
                [
                    177.2020725388601, 
                    798.3419689119171
                ], 
                [
                    184.66321243523316, 
                    807.6683937823834
                ], 
                [
                    182.7979274611399, 
                    826.3212435233161
                ], 
                [
                    0.0, 
                    863.6269430051814
                ]
            ], 
            "user": "daid", 
            "verified": 0
        }, 
        {
            "date": "15-Nov-2018 18:46:38", 
            "deleted": 0, 
            "draw": true, 
            "id": 6, 
            "label": "sidewalk", 
            "polygon": [
                [
                    598.7564766839379, 
                    731.1917098445596
                ], 
                [
                    600.6217616580311, 
                    764.7668393782384
                ], 
                [
                    669.6373056994819, 
                    753.5751295336788
                ], 
                [
                    710.6735751295337, 
                    744.2487046632125
                ], 
                [
                    744.2487046632125, 
                    736.7875647668394
                ], 
                [
                    789.0155440414508, 
                    725.5958549222798
                ], 
                [
                    830.0518134715027, 
                    718.1347150259068
                ], 
                [
                    824.4559585492228, 
                    708.8082901554404
                ], 
                [
                    800.2072538860103, 
                    710.6735751295337
                ], 
                [
                    779.6891191709844, 
                    710.6735751295337
                ], 
                [
                    755.4404145077721, 
                    712.5388601036269
                ], 
                [
                    742.3834196891193, 
                    710.6735751295337
                ], 
                [
                    736.7875647668394, 
                    716.2694300518135
                ], 
                [
                    716.2694300518135, 
                    718.1347150259068
                ], 
                [
                    692.020725388601, 
                    723.7305699481866
                ], 
                [
                    660.3108808290156, 
                    729.3264248704663
                ]
            ], 
            "user": "daid", 
            "verified": 0
        }, 
        {
            "date": "15-Nov-2018 18:46:50", 
            "deleted": 0, 
            "draw": true, 
            "id": 7, 
            "label": "sidewalk", 
            "polygon": [
                [
                    831.9170984455959, 
                    712.5388601036269
                ], 
                [
                    837.5129533678756, 
                    725.5958549222798
                ], 
                [
                    895.3367875647668, 
                    720.0
                ], 
                [
                    912.1243523316062, 
                    705.077720207254
                ], 
                [
                    884.1450777202073, 
                    703.2124352331606
                ], 
                [
                    854.300518134715, 
                    705.077720207254
                ]
            ], 
            "user": "daid", 
            "verified": 0
        }, 
        {
            "date": "15-Nov-2018 18:47:00", 
            "deleted": 0, 
            "draw": true, 
            "id": 8, 
            "label": "sidewalk", 
            "polygon": [
                [
                    1098.6528497409327, 
                    733.0569948186529
                ], 
                [
                    1145.2849740932643, 
                    733.0569948186529
                ], 
                [
                    1147.1502590673576, 
                    768.4974093264249
                ], 
                [
                    1094.9222797927462, 
                    731.1917098445596
                ], 
                [
                    1096.7875647668395, 
                    731.1917098445596
                ]
            ], 
            "user": "daid", 
            "verified": 0
        }, 
        {
            "date": "15-Nov-2018 18:47:23", 
            "deleted": 0, 
            "draw": true, 
            "id": 9, 
            "label": "sidewalk", 
            "polygon": [
                [
                    1150.8808290155441, 
                    762.9015544041451
                ], 
                [
                    1199.3782383419689, 
                    764.7668393782384
                ], 
                [
                    1232.9533678756477, 
                    770.3626943005181
                ], 
                [
                    1257.2020725388602, 
                    772.2279792746115
                ], 
                [
                    1303.8341968911918, 
                    768.4974093264249
                ], 
                [
                    1311.2953367875648, 
                    777.8238341968912
                ], 
                [
                    1311.2953367875648, 
                    794.6113989637306
                ], 
                [
                    1309.4300518134714, 
                    822.5906735751296
                ], 
                [
                    1316.8911917098446, 
                    843.1088082901555
                ], 
                [
                    1329.9481865284974, 
                    843.1088082901555
                ], 
                [
                    1335.5440414507773, 
                    859.8963730569949
                ], 
                [
                    1333.678756476684, 
                    869.2227979274612
                ]
            ], 
            "user": "daid", 
            "verified": 0
        }, 
        {
            "date": "15-Nov-2018 18:47:51", 
            "deleted": 0, 
            "draw": true, 
            "id": 10, 
            "label": "sidewalk", 
            "polygon": [
                [
                    1339.2746113989638, 
                    856.1658031088083
                ], 
                [
                    1367.2538860103627, 
                    863.6269430051814
                ], 
                [
                    1384.041450777202, 
                    863.6269430051814
                ], 
                [
                    1380.3108808290156, 
                    848.7046632124352
                ], 
                [
                    1454.9222797927462, 
                    882.279792746114
                ], 
                [
                    1454.9222797927462, 
                    917.7202072538861
                ], 
                [
                    1505.2849740932643, 
                    934.5077720207254
                ], 
                [
                    1531.39896373057, 
                    925.1813471502591
                ], 
                [
                    1598.5492227979275, 
                    941.9689119170985
                ], 
                [
                    1678.756476683938, 
                    949.4300518134716
                ], 
                [
                    1745.9067357512954, 
                    947.5647668393783
                ], 
                [
                    1814.9222797927462, 
                    953.160621761658
                ], 
                [
                    1863.4196891191712, 
                    973.6787564766839
                ], 
                [
                    1919.0, 
                    981.139896373057
                ], 
                [
                    1919.0, 
                    1079.0
                ], 
                [
                    1706.7357512953367, 
                    1079.0
                ], 
                [
                    1339.2746113989638, 
                    871.0880829015545
                ]
            ], 
            "user": "daid", 
            "verified": 0
        }, 
        {
            "date": "15-Nov-2018 18:48:52", 
            "deleted": 0, 
            "draw": true, 
            "id": 11, 
            "label": "building", 
            "polygon": [
                [
                    596.8911917098446, 
                    3.7305699481865284
                ], 
                [
                    677.098445595855, 
                    147.3575129533679
                ], 
                [
                    736.7875647668394, 
                    231.29533678756476
                ], 
                [
                    800.2072538860103, 
                    322.69430051813475
                ], 
                [
                    803.9378238341969, 
                    367.4611398963731
                ], 
                [
                    779.6891191709844, 
                    708.8082901554404
                ], 
                [
                    751.7098445595855, 
                    708.8082901554404
                ], 
                [
                    742.3834196891193, 
                    714.4041450777203
                ], 
                [
                    733.0569948186529, 
                    714.4041450777203
                ], 
                [
                    703.2124352331606, 
                    720.0
                ], 
                [
                    660.3108808290156, 
                    725.5958549222798
                ], 
                [
                    613.6787564766839, 
                    729.3264248704663
                ], 
                [
                    600.6217616580311, 
                    729.3264248704663
                ], 
                [
                    580.1036269430052, 
                    701.3471502590673
                ], 
                [
                    557.720207253886, 
                    688.2901554404145
                ], 
                [
                    531.6062176165804, 
                    680.8290155440415
                ], 
                [
                    458.86010362694304, 
                    678.9637305699482
                ], 
                [
                    404.76683937823833, 
                    678.9637305699482
                ], 
                [
                    360.0, 
                    680.8290155440415
                ], 
                [
                    318.9637305699482, 
                    692.020725388601
                ], 
                [
                    203.31606217616581, 
                    762.9015544041451
                ], 
                [
                    154.81865284974094, 
                    777.8238341968912
                ], 
                [
                    93.26424870466322, 
                    785.2849740932643
                ], 
                [
                    29.844559585492227, 
                    792.7461139896374
                ], 
                [
                    0.0, 
                    796.4766839378239
                ], 
                [
                    0.0, 
                    0.0
                ]
            ], 
            "user": "daid", 
            "verified": 0
        }, 
        {
            "date": "15-Nov-2018 18:49:22", 
            "deleted": 0, 
            "draw": true, 
            "id": 12, 
            "label": "building", 
            "polygon": [
                [
                    807.6683937823834, 
                    389.8445595854922
                ], 
                [
                    844.9740932642487, 
                    395.44041450777206
                ], 
                [
                    859.8963730569949, 
                    430.88082901554407
                ], 
                [
                    859.8963730569949, 
                    470.0518134715026
                ], 
                [
                    856.1658031088083, 
                    494.30051813471505
                ], 
                [
                    878.5492227979275, 
                    496.1658031088083
                ], 
                [
                    886.0103626943005, 
                    501.7616580310881
                ], 
                [
                    889.7409326424871, 
                    527.8756476683938
                ], 
                [
                    887.8756476683939, 
                    649.119170984456
                ], 
                [
                    871.0880829015545, 
                    649.119170984456
                ], 
                [
                    872.9533678756477, 
                    693.8860103626944
                ], 
                [
                    846.839378238342, 
                    699.4818652849741
                ], 
                [
                    815.1295336787565, 
                    706.9430051813472
                ], 
                [
                    787.1502590673575, 
                    706.9430051813472
                ], 
                [
                    790.8808290155441, 
                    636.0621761658032
                ], 
                [
                    792.7461139896374, 
                    535.3367875647668
                ], 
                [
                    796.4766839378239, 
                    462.59067357512953
                ]
            ], 
            "user": "daid", 
            "verified": 0
        }, 
        {
            "date": "15-Nov-2018 18:50:44", 
            "deleted": 0, 
            "draw": true, 
            "id": 13, 
            "label": "building", 
            "polygon": [
                [
                    1757.098445595855, 
                    940.1036269430052
                ], 
                [
                    1801.8652849740934, 
                    938.238341968912
                ], 
                [
                    1844.7668393782385, 
                    956.8911917098446
                ], 
                [
                    1889.5336787564768, 
                    971.8134715025907
                ], 
                [
                    1919.0, 
                    975.5440414507773
                ], 
                [
                    1919.0, 
                    3.7305699481865284
                ], 
                [
                    1428.8082901554405, 
                    3.7305699481865284
                ], 
                [
                    1369.119170984456, 
                    89.53367875647669
                ], 
                [
                    1335.5440414507773, 
                    201.45077720207254
                ], 
                [
                    1346.7357512953367, 
                    246.2176165803109
                ], 
                [
                    1378.4455958549224, 
                    277.92746113989637
                ], 
                [
                    1415.7512953367875, 
                    330.1554404145078
                ], 
                [
                    1385.9067357512954, 
                    330.1554404145078
                ], 
                [
                    1404.559585492228, 
                    391.7098445595855
                ], 
                [
                    1434.4041450777202, 
                    447.6683937823834
                ], 
                [
                    1445.5958549222798, 
                    501.7616580310881
                ], 
                [
                    1417.6165803108809, 
                    518.5492227979274
                ], 
                [
                    1425.0777202072538, 
                    559.5854922279793
                ], 
                [
                    1443.7305699481865, 
                    570.7772020725389
                ], 
                [
                    1408.2901554404145, 
                    589.4300518134716
                ], 
                [
                    1370.9844559585492, 
                    589.4300518134716
                ], 
                [
                    1350.4663212435235, 
                    600.6217616580311
                ], 
                [
                    1328.082901554404, 
                    576.3730569948186
                ], 
                [
                    1300.103626943005, 
                    570.7772020725389
                ], 
                [
                    1316.8911917098446, 
                    581.9689119170985
                ], 
                [
                    1316.8911917098446, 
                    693.8860103626944
                ], 
                [
                    1318.7564766839378, 
                    733.0569948186529
                ], 
                [
                    1322.4870466321245, 
                    753.5751295336788
                ], 
                [
                    1339.2746113989638, 
                    755.4404145077721
                ], 
                [
                    1350.4663212435235, 
                    787.1502590673575
                ], 
                [
                    1354.19689119171, 
                    843.1088082901555
                ], 
                [
                    1350.4663212435235, 
                    764.7668393782384
                ], 
                [
                    1370.9844559585492, 
                    759.1709844559585
                ], 
                [
                    1387.7720207253888, 
                    736.7875647668394
                ], 
                [
                    1408.2901554404145, 
                    725.5958549222798
                ], 
                [
                    1495.958549222798, 
                    725.5958549222798
                ], 
                [
                    1563.1088082901556, 
                    729.3264248704663
                ], 
                [
                    1633.9896373056995, 
                    740.5181347150259
                ], 
                [
                    1660.1036269430053, 
                    747.979274611399
                ], 
                [
                    1699.2746113989638, 
                    816.9948186528497
                ], 
                [
                    1745.9067357512954, 
                    846.839378238342
                ]
            ], 
            "user": "daid", 
            "verified": 0
        }, 
        {
            "date": "15-Nov-2018 18:51:33", 
            "deleted": 0, 
            "draw": true, 
            "id": 14, 
            "label": "vegetation", 
            "polygon": [
                [
                    1359.7927461139898, 
                    266.7357512953368
                ], 
                [
                    1380.3108808290156, 
                    283.52331606217615
                ], 
                [
                    1406.4248704663212, 
                    313.3678756476684
                ], 
                [
                    1425.0777202072538, 
                    330.1554404145078
                ], 
                [
                    1385.9067357512954, 
                    330.1554404145078
                ], 
                [
                    1389.6373056994819, 
                    360.0
                ], 
                [
                    1413.8860103626944, 
                    404.76683937823833
                ], 
                [
                    1434.4041450777202, 
                    445.8031088082902
                ], 
                [
                    1447.4611398963732, 
                    477.51295336787564
                ], 
                [
                    1445.5958549222798, 
                    507.3575129533679
                ], 
                [
                    1421.3471502590673, 
                    520.4145077720208
                ], 
                [
                    1426.9430051813472, 
                    559.5854922279793
                ], 
                [
                    1440.0, 
                    568.9119170984457
                ], 
                [
                    1415.7512953367875, 
                    580.1036269430052
                ], 
                [
                    1378.4455958549224, 
                    593.160621761658
                ], 
                [
                    1354.19689119171, 
                    593.160621761658
                ], 
                [
                    1333.678756476684, 
                    576.3730569948186
                ], 
                [
                    1305.699481865285, 
                    570.7772020725389
                ], 
                [
                    1311.2953367875648, 
                    535.3367875647668
                ], 
                [
                    1277.720207253886, 
                    514.8186528497409
                ], 
                [
                    1257.2020725388602, 
                    507.3575129533679
                ], 
                [
                    1247.8756476683939, 
                    483.1088082901555
                ], 
                [
                    1238.5492227979275, 
                    453.2642487046632
                ], 
                [
                    1246.0103626943005, 
                    443.93782383419693
                ], 
                [
                    1247.8756476683939, 
                    419.6891191709845
                ], 
                [
                    1262.79792746114, 
                    404.76683937823833
                ], 
                [
                    1292.6424870466321, 
                    404.76683937823833
                ], 
                [
                    1311.2953367875648, 
                    395.44041450777206
                ], 
                [
                    1303.8341968911918, 
                    387.979274611399
                ], 
                [
                    1272.1243523316064, 
                    387.979274611399
                ], 
                [
                    1268.3937823834196, 
                    358.13471502590676
                ], 
                [
                    1287.0466321243523, 
                    346.9430051813472
                ], 
                [
                    1273.9896373056995, 
                    326.42487046632124
                ], 
                [
                    1262.79792746114, 
                    292.8497409326425
                ], 
                [
                    1288.9119170984457, 
                    281.6580310880829
                ], 
                [
                    1322.4870466321245, 
                    285.38860103626945
                ], 
                [
                    1348.60103626943, 
                    277.92746113989637
                ]
            ], 
            "user": "daid", 
            "verified": 0
        }
    ]
}