{
    "imgHeight": 1080, 
    "imgWidth": 1920, 
    "objects": [
        {
            "date": "15-Nov-2018 17:31:41", 
            "deleted": 0, 
            "draw": true, 
            "id": 0, 
            "label": "car", 
            "polygon": [
                [
                    1195.6476683937824, 
                    878.5492227979275
                ], 
                [
                    1214.300518134715, 
                    889.7409326424871
                ], 
                [
                    1227.3575129533679, 
                    874.8186528497409
                ], 
                [
                    1246.0103626943005, 
                    872.9533678756477
                ], 
                [
                    1279.5854922279793, 
                    874.8186528497409
                ], 
                [
                    1315.0259067357513, 
                    874.8186528497409
                ], 
                [
                    1361.658031088083, 
                    874.8186528497409
                ], 
                [
                    1395.2331606217617, 
                    874.8186528497409
                ], 
                [
                    1432.538860103627, 
                    880.4145077720208
                ], 
                [
                    1447.4611398963732, 
                    858.0310880829015
                ], 
                [
                    1447.4611398963732, 
                    824.4559585492228
                ], 
                [
                    1441.8652849740934, 
                    775.958549222798
                ], 
                [
                    1441.8652849740934, 
                    753.5751295336788
                ], 
                [
                    1419.4818652849742, 
                    718.1347150259068
                ], 
                [
                    1406.4248704663212, 
                    693.8860103626944
                ], 
                [
                    1391.5025906735752, 
                    686.4248704663213
                ], 
                [
                    1385.9067357512954, 
                    677.098445595855
                ], 
                [
                    1255.3367875647668, 
                    669.6373056994819
                ], 
                [
                    1249.740932642487, 
                    682.6943005181347
                ], 
                [
                    1216.1658031088084, 
                    675.2331606217617
                ], 
                [
                    1216.1658031088084, 
                    675.2331606217617
                ], 
                [
                    1193.7823834196893, 
                    680.8290155440415
                ], 
                [
                    1186.321243523316, 
                    684.559585492228
                ], 
                [
                    1176.9948186528497, 
                    699.4818652849741
                ], 
                [
                    1169.5336787564768, 
                    708.8082901554404
                ], 
                [
                    1163.937823834197, 
                    733.0569948186529
                ], 
                [
                    1149.0155440414508, 
                    727.4611398963731
                ], 
                [
                    1143.419689119171, 
                    742.3834196891193
                ], 
                [
                    1158.341968911917, 
                    742.3834196891193
                ], 
                [
                    1154.6113989637306, 
                    757.3056994818653
                ], 
                [
                    1143.419689119171, 
                    766.6321243523316
                ], 
                [
                    1145.2849740932643, 
                    783.419689119171
                ], 
                [
                    1145.2849740932643, 
                    833.7823834196892
                ], 
                [
                    1162.0725388601036, 
                    830.0518134715027
                ], 
                [
                    1160.2072538860104, 
                    822.5906735751296
                ], 
                [
                    1182.5906735751296, 
                    837.5129533678756
                ], 
                [
                    1191.917098445596, 
                    850.5699481865286
                ], 
                [
                    1197.5129533678758, 
                    882.279792746114
                ]
            ], 
            "user": "daid", 
            "verified": 0
        }, 
        {
            "date": "15-Nov-2018 17:31:57", 
            "deleted": 0, 
            "draw": true, 
            "id": 1, 
            "label": "traffic light", 
            "polygon": [
                [
                    1391.5025906735752, 
                    636.0621761658032
                ], 
                [
                    1419.4818652849742, 
                    636.0621761658032
                ], 
                [
                    1415.7512953367875, 
                    555.8549222797927
                ], 
                [
                    1384.041450777202, 
                    553.9896373056995
                ]
            ], 
            "user": "daid", 
            "verified": 0
        }, 
        {
            "date": "15-Nov-2018 17:32:15", 
            "deleted": 0, 
            "draw": true, 
            "id": 2, 
            "label": "traffic light", 
            "polygon": [
                [
                    1055.7512953367875, 
                    360.0
                ], 
                [
                    1100.518134715026, 
                    358.13471502590676
                ], 
                [
                    1096.7875647668395, 
                    251.8134715025907
                ], 
                [
                    1052.020725388601, 
                    253.67875647668396
                ], 
                [
                    1052.020725388601, 
                    358.13471502590676
                ], 
                [
                    1053.8860103626944, 
                    358.13471502590676
                ]
            ], 
            "user": "daid", 
            "verified": 0
        }, 
        {
            "date": "15-Nov-2018 17:33:31", 
            "deleted": 0, 
            "draw": true, 
            "id": 3, 
            "label": "road", 
            "polygon": [
                [
                    0.0, 
                    815.1295336787565
                ], 
                [
                    246.2176165803109, 
                    787.1502590673575
                ], 
                [
                    378.65284974093265, 
                    775.958549222798
                ], 
                [
                    481.2435233160622, 
                    764.7668393782384
                ], 
                [
                    553.9896373056995, 
                    751.7098445595855
                ], 
                [
                    621.139896373057, 
                    742.3834196891193
                ], 
                [
                    686.4248704663213, 
                    740.5181347150259
                ], 
                [
                    759.1709844559585, 
                    731.1917098445596
                ], 
                [
                    822.5906735751296, 
                    729.3264248704663
                ], 
                [
                    882.279792746114, 
                    720.0
                ], 
                [
                    941.9689119170985, 
                    703.2124352331606
                ], 
                [
                    962.4870466321244, 
                    712.5388601036269
                ], 
                [
                    994.1968911917098, 
                    705.077720207254
                ], 
                [
                    1024.041450777202, 
                    705.077720207254
                ], 
                [
                    1037.0984455958549, 
                    699.4818652849741
                ], 
                [
                    1065.0777202072538, 
                    705.077720207254
                ], 
                [
                    1087.4611398963732, 
                    705.077720207254
                ], 
                [
                    1111.7098445595855, 
                    716.2694300518135
                ], 
                [
                    1130.3626943005181, 
                    729.3264248704663
                ], 
                [
                    1149.0155440414508, 
                    744.2487046632125
                ], 
                [
                    1139.6891191709844, 
                    768.4974093264249
                ], 
                [
                    1143.419689119171, 
                    830.0518134715027
                ], 
                [
                    1156.476683937824, 
                    830.0518134715027
                ], 
                [
                    1175.1295336787566, 
                    837.5129533678756
                ], 
                [
                    1193.7823834196893, 
                    863.6269430051814
                ], 
                [
                    1191.917098445596, 
                    882.279792746114
                ], 
                [
                    1210.5699481865286, 
                    887.8756476683939
                ], 
                [
                    1219.896373056995, 
                    887.8756476683939
                ], 
                [
                    1240.4145077720207, 
                    878.5492227979275
                ], 
                [
                    1421.3471502590673, 
                    880.4145077720208
                ], 
                [
                    1449.3264248704663, 
                    882.279792746114
                ], 
                [
                    1462.3834196891191, 
                    869.2227979274612
                ], 
                [
                    1633.9896373056995, 
                    943.8341968911917
                ], 
                [
                    1738.4455958549224, 
                    986.7357512953369
                ], 
                [
                    1854.0932642487048, 
                    1037.0984455958549
                ], 
                [
                    1919.0, 
                    1072.538860103627
                ], 
                [
                    0.0, 
                    1079.0
                ]
            ], 
            "user": "daid", 
            "verified": 0
        }, 
        {
            "date": "15-Nov-2018 17:33:53", 
            "deleted": 0, 
            "draw": true, 
            "id": 4, 
            "label": "car", 
            "polygon": [
                [
                    1063.2124352331607, 
                    701.3471502590673
                ], 
                [
                    1081.8652849740934, 
                    701.3471502590673
                ], 
                [
                    1081.8652849740934, 
                    684.559585492228
                ], 
                [
                    1080.0, 
                    675.2331606217617
                ], 
                [
                    1065.0777202072538, 
                    675.2331606217617
                ], 
                [
                    1059.4818652849742, 
                    686.4248704663213
                ]
            ], 
            "user": "daid", 
            "verified": 0
        }, 
        {
            "date": "15-Nov-2018 17:34:09", 
            "deleted": 0, 
            "draw": true, 
            "id": 5, 
            "label": "pole", 
            "polygon": [
                [
                    229.43005181347152, 
                    759.1709844559585
                ], 
                [
                    277.92746113989637, 
                    412.2279792746114
                ], 
                [
                    261.139896373057, 
                    759.1709844559585
                ]
            ], 
            "user": "daid", 
            "verified": 0
        }, 
        {
            "date": "15-Nov-2018 17:34:20", 
            "deleted": 0, 
            "draw": true, 
            "id": 6, 
            "label": "pole", 
            "polygon": [
                [
                    749.8445595854922, 
                    712.5388601036269
                ], 
                [
                    759.1709844559585, 
                    524.1450777202073
                ], 
                [
                    761.0362694300518, 
                    714.4041450777203
                ]
            ], 
            "user": "daid", 
            "verified": 0
        }, 
        {
            "date": "15-Nov-2018 17:35:12", 
            "deleted": 0, 
            "draw": true, 
            "id": 7, 
            "label": "pole", 
            "polygon": [
                [
                    1372.8497409326426, 
                    675.2331606217617
                ], 
                [
                    1367.2538860103627, 
                    516.6839378238342
                ], 
                [
                    1350.4663212435235, 
                    503.6269430051814
                ], 
                [
                    1361.658031088083, 
                    498.0310880829016
                ], 
                [
                    1346.7357512953367, 
                    151.0880829015544
                ], 
                [
                    1393.3678756476684, 
                    553.9896373056995
                ], 
                [
                    1385.9067357512954, 
                    507.3575129533679
                ], 
                [
                    1387.7720207253888, 
                    555.8549222797927
                ], 
                [
                    1387.7720207253888, 
                    552.1243523316062
                ], 
                [
                    1393.3678756476684, 
                    675.2331606217617
                ]
            ], 
            "user": "daid", 
            "verified": 0
        }, 
        {
            "date": "15-Nov-2018 20:19:51", 
            "deleted": 0, 
            "draw": true, 
            "id": 8, 
            "label": "wall", 
            "polygon": [
                [
                    443.93782383419693, 
                    708.8082901554404
                ], 
                [
                    498.0310880829016, 
                    708.8082901554404
                ], 
                [
                    542.7979274611399, 
                    708.8082901554404
                ], 
                [
                    576.3730569948186, 
                    708.8082901554404
                ], 
                [
                    621.139896373057, 
                    705.077720207254
                ], 
                [
                    690.1554404145078, 
                    703.2124352331606
                ], 
                [
                    742.3834196891193, 
                    699.4818652849741
                ], 
                [
                    749.8445595854922, 
                    662.1761658031088
                ], 
                [
                    682.6943005181347, 
                    652.8497409326425
                ], 
                [
                    578.238341968912, 
                    649.119170984456
                ], 
                [
                    455.1295336787565, 
                    639.7927461139897
                ]
            ], 
            "user": "daid", 
            "verified": 0
        }, 
        {
            "date": "15-Nov-2018 20:20:02", 
            "deleted": 0, 
            "draw": true, 
            "id": 9, 
            "label": "wall", 
            "polygon": [
                [
                    766.6321243523316, 
                    660.3108808290156
                ], 
                [
                    858.0310880829015, 
                    667.7720207253886
                ], 
                [
                    856.1658031088083, 
                    697.6165803108809
                ], 
                [
                    768.4974093264249, 
                    697.6165803108809
                ]
            ], 
            "user": "daid", 
            "verified": 0
        }
    ]
}