{
    "imgHeight": 1080, 
    "imgWidth": 1920, 
    "objects": [
        {
            "date": "15-Nov-2018 17:42:49", 
            "deleted": 0, 
            "draw": true, 
            "id": 0, 
            "label": "bus", 
            "polygon": [
                [
                    783.419689119171, 
                    727.4611398963731
                ], 
                [
                    908.3937823834198, 
                    736.7875647668394
                ], 
                [
                    919.5854922279793, 
                    729.3264248704663
                ], 
                [
                    919.5854922279793, 
                    718.1347150259068
                ], 
                [
                    923.3160621761658, 
                    678.9637305699482
                ], 
                [
                    915.8549222797927, 
                    671.5025906735751
                ], 
                [
                    915.8549222797927, 
                    583.8341968911917
                ], 
                [
                    915.8549222797927, 
                    572.6424870466321
                ], 
                [
                    800.2072538860103, 
                    568.9119170984457
                ], 
                [
                    794.6113989637306, 
                    567.0466321243523
                ], 
                [
                    783.419689119171, 
                    669.6373056994819
                ], 
                [
                    775.958549222798, 
                    673.3678756476684
                ], 
                [
                    774.0932642487047, 
                    699.4818652849741
                ], 
                [
                    779.6891191709844, 
                    703.2124352331606
                ], 
                [
                    770.3626943005181, 
                    720.0
                ]
            ], 
            "user": "daid", 
            "verified": 0
        }, 
        {
            "date": "15-Nov-2018 17:43:09", 
            "deleted": 0, 
            "draw": true, 
            "id": 1, 
            "label": "traffic light", 
            "polygon": [
                [
                    930.7772020725389, 
                    591.2953367875648
                ], 
                [
                    941.9689119170985, 
                    591.2953367875648
                ], 
                [
                    941.9689119170985, 
                    553.9896373056995
                ], 
                [
                    925.1813471502591, 
                    552.1243523316062
                ], 
                [
                    923.3160621761658, 
                    591.2953367875648
                ]
            ], 
            "user": "daid", 
            "verified": 0
        }, 
        {
            "date": "15-Nov-2018 17:43:18", 
            "deleted": 0, 
            "draw": true, 
            "id": 2, 
            "label": "traffic light", 
            "polygon": [
                [
                    988.6010362694301, 
                    587.5647668393783
                ], 
                [
                    1010.9844559585492, 
                    589.4300518134716
                ], 
                [
                    1009.119170984456, 
                    544.6632124352332
                ], 
                [
                    990.4663212435233, 
                    542.7979274611399
                ]
            ], 
            "user": "daid", 
            "verified": 0
        }, 
        {
            "date": "15-Nov-2018 17:43:28", 
            "deleted": 0, 
            "draw": true, 
            "id": 3, 
            "label": "traffic light", 
            "polygon": [
                [
                    1053.8860103626944, 
                    662.1761658031088
                ], 
                [
                    1076.2694300518135, 
                    664.041450777202
                ], 
                [
                    1074.4041450777202, 
                    628.6010362694301
                ], 
                [
                    1050.155440414508, 
                    626.7357512953369
                ]
            ], 
            "user": "daid", 
            "verified": 0
        }, 
        {
            "date": "15-Nov-2018 17:44:35", 
            "deleted": 0, 
            "draw": true, 
            "id": 4, 
            "label": "road", 
            "polygon": [
                [
                    923.3160621761658, 
                    712.5388601036269
                ], 
                [
                    940.1036269430052, 
                    708.8082901554404
                ], 
                [
                    962.4870466321244, 
                    706.9430051813472
                ], 
                [
                    997.9274611398964, 
                    703.2124352331606
                ], 
                [
                    1022.1761658031088, 
                    706.9430051813472
                ], 
                [
                    1031.5025906735752, 
                    727.4611398963731
                ], 
                [
                    1050.155440414508, 
                    747.979274611399
                ], 
                [
                    1089.3264248704663, 
                    790.8808290155441
                ], 
                [
                    1173.2642487046633, 
                    876.6839378238342
                ], 
                [
                    1294.5077720207255, 
                    1001.6580310880829
                ], 
                [
                    1374.7150259067357, 
                    1079.0
                ], 
                [
                    0.0, 
                    1079.0
                ], 
                [
                    0.0, 
                    813.2642487046633
                ], 
                [
                    87.66839378238342, 
                    807.6683937823834
                ], 
                [
                    201.45077720207254, 
                    792.7461139896374
                ], 
                [
                    332.020725388601, 
                    772.2279792746115
                ], 
                [
                    544.6632124352332, 
                    740.5181347150259
                ], 
                [
                    662.1761658031088, 
                    723.7305699481866
                ], 
                [
                    595.0259067357513, 
                    705.077720207254
                ], 
                [
                    615.5440414507772, 
                    699.4818652849741
                ], 
                [
                    662.1761658031088, 
                    695.7512953367876
                ], 
                [
                    688.2901554404145, 
                    701.3471502590673
                ], 
                [
                    727.4611398963731, 
                    706.9430051813472
                ], 
                [
                    770.3626943005181, 
                    706.9430051813472
                ], 
                [
                    770.3626943005181, 
                    725.5958549222798
                ], 
                [
                    783.419689119171, 
                    729.3264248704663
                ], 
                [
                    912.1243523316062, 
                    738.6528497409327
                ]
            ], 
            "user": "daid", 
            "verified": 0
        }, 
        {
            "date": "15-Nov-2018 17:44:53", 
            "deleted": 0, 
            "draw": true, 
            "id": 5, 
            "label": "traffic sign", 
            "polygon": [
                [
                    1149.0155440414508, 
                    550.259067357513
                ], 
                [
                    1231.0880829015543, 
                    552.1243523316062
                ], 
                [
                    1231.0880829015543, 
                    533.4715025906736
                ], 
                [
                    1154.6113989637306, 
                    527.8756476683938
                ], 
                [
                    1135.958549222798, 
                    539.0673575129534
                ]
            ], 
            "user": "daid", 
            "verified": 0
        }, 
        {
            "date": "15-Nov-2018 17:45:37", 
            "deleted": 0, 
            "draw": true, 
            "id": 6, 
            "label": "sidewalk", 
            "polygon": [
                [
                    0.0, 
                    761.0362694300518
                ], 
                [
                    1.8652849740932642, 
                    813.2642487046633
                ], 
                [
                    151.0880829015544, 
                    794.6113989637306
                ], 
                [
                    263.00518134715026, 
                    777.8238341968912
                ], 
                [
                    350.6735751295337, 
                    764.7668393782384
                ], 
                [
                    447.6683937823834, 
                    751.7098445595855
                ], 
                [
                    531.6062176165804, 
                    740.5181347150259
                ], 
                [
                    617.4093264248705, 
                    731.1917098445596
                ], 
                [
                    652.8497409326425, 
                    725.5958549222798
                ], 
                [
                    593.160621761658, 
                    706.9430051813472
                ], 
                [
                    567.0466321243523, 
                    697.6165803108809
                ], 
                [
                    553.9896373056995, 
                    693.8860103626944
                ], 
                [
                    540.9326424870467, 
                    692.020725388601
                ], 
                [
                    542.7979274611399, 
                    714.4041450777203
                ], 
                [
                    507.3575129533679, 
                    714.4041450777203
                ], 
                [
                    488.70466321243526, 
                    716.2694300518135
                ], 
                [
                    458.86010362694304, 
                    716.2694300518135
                ], 
                [
                    447.6683937823834, 
                    720.0
                ], 
                [
                    436.47668393782385, 
                    734.9222797927462
                ], 
                [
                    397.3056994818653, 
                    736.7875647668394
                ], 
                [
                    373.05699481865287, 
                    744.2487046632125
                ], 
                [
                    365.5958549222798, 
                    733.0569948186529
                ], 
                [
                    345.0777202072539, 
                    734.9222797927462
                ], 
                [
                    345.0777202072539, 
                    734.9222797927462
                ], 
                [
                    309.6373056994819, 
                    733.0569948186529
                ], 
                [
                    268.60103626943004, 
                    733.0569948186529
                ], 
                [
                    221.96891191709847, 
                    733.0569948186529
                ], 
                [
                    152.95336787564767, 
                    744.2487046632125
                ], 
                [
                    96.99481865284974, 
                    747.979274611399
                ], 
                [
                    33.575129533678755, 
                    757.3056994818653
                ]
            ], 
            "user": "daid", 
            "verified": 0
        }, 
        {
            "date": "15-Nov-2018 17:46:19", 
            "deleted": 0, 
            "draw": true, 
            "id": 7, 
            "label": "building", 
            "polygon": [
                [
                    0.0, 
                    762.9015544041451
                ], 
                [
                    162.279792746114, 
                    744.2487046632125
                ], 
                [
                    221.96891191709847, 
                    733.0569948186529
                ], 
                [
                    361.8652849740933, 
                    733.0569948186529
                ], 
                [
                    380.5181347150259, 
                    742.3834196891193
                ], 
                [
                    436.47668393782385, 
                    734.9222797927462
                ], 
                [
                    462.59067357512953, 
                    714.4041450777203
                ], 
                [
                    546.5284974093264, 
                    716.2694300518135
                ], 
                [
                    544.6632124352332, 
                    693.8860103626944
                ], 
                [
                    555.8549222797927, 
                    544.6632124352332
                ], 
                [
                    581.9689119170985, 
                    520.4145077720208
                ], 
                [
                    598.7564766839379, 
                    499.89637305699483
                ], 
                [
                    619.2746113989638, 
                    182.7979274611399
                ], 
                [
                    406.63212435233163, 
                    0.0
                ], 
                [
                    3.7305699481865284, 
                    0.0
                ]
            ], 
            "user": "daid", 
            "verified": 0
        }, 
        {
            "date": "15-Nov-2018 18:40:00", 
            "deleted": 0, 
            "draw": true, 
            "id": 8, 
            "label": "bridge", 
            "polygon": [
                [
                    555.8549222797927, 
                    561.4507772020726
                ], 
                [
                    623.0051813471503, 
                    555.8549222797927
                ], 
                [
                    682.6943005181347, 
                    552.1243523316062
                ], 
                [
                    753.5751295336788, 
                    552.1243523316062
                ], 
                [
                    828.1865284974093, 
                    550.259067357513
                ], 
                [
                    900.9326424870467, 
                    546.5284974093264
                ], 
                [
                    917.7202072538861, 
                    546.5284974093264
                ], 
                [
                    921.4507772020726, 
                    600.6217616580311
                ], 
                [
                    951.2953367875648, 
                    596.8911917098446
                ], 
                [
                    1014.7150259067358, 
                    591.2953367875648
                ], 
                [
                    1014.7150259067358, 
                    537.2020725388601
                ], 
                [
                    1121.0362694300518, 
                    563.3160621761658
                ], 
                [
                    1052.020725388601, 
                    563.3160621761658
                ], 
                [
                    1052.020725388601, 
                    583.8341968911917
                ], 
                [
                    1098.6528497409327, 
                    585.699481865285
                ], 
                [
                    1083.7305699481865, 
                    595.0259067357513
                ], 
                [
                    1046.4248704663212, 
                    600.6217616580311
                ], 
                [
                    923.3160621761658, 
                    608.0829015544042
                ], 
                [
                    913.9896373056995, 
                    572.6424870466321
                ], 
                [
                    796.4766839378239, 
                    572.6424870466321
                ], 
                [
                    789.0155440414508, 
                    604.3523316062176
                ], 
                [
                    617.4093264248705, 
                    609.9481865284974
                ], 
                [
                    623.0051813471503, 
                    595.0259067357513
                ], 
                [
                    595.0259067357513, 
                    598.7564766839379
                ], 
                [
                    604.3523316062176, 
                    611.8134715025907
                ], 
                [
                    572.6424870466321, 
                    611.8134715025907
                ], 
                [
                    552.1243523316062, 
                    593.160621761658
                ]
            ], 
            "user": "daid", 
            "verified": 0
        }, 
        {
            "date": "15-Nov-2018 18:40:12", 
            "deleted": 0, 
            "draw": true, 
            "id": 9, 
            "label": "bridge", 
            "polygon": [
                [
                    949.4300518134716, 
                    593.160621761658
                ], 
                [
                    986.7357512953369, 
                    595.0259067357513
                ], 
                [
                    986.7357512953369, 
                    567.0466321243523
                ], 
                [
                    947.5647668393783, 
                    567.0466321243523
                ]
            ], 
            "user": "daid", 
            "verified": 0
        }, 
        {
            "date": "15-Nov-2018 18:40:21", 
            "deleted": 0, 
            "draw": true, 
            "id": 10, 
            "label": "bridge", 
            "polygon": [
                [
                    921.4507772020726, 
                    548.3937823834198
                ], 
                [
                    986.7357512953369, 
                    540.9326424870467
                ], 
                [
                    984.8704663212436, 
                    552.1243523316062
                ], 
                [
                    947.5647668393783, 
                    553.9896373056995
                ]
            ], 
            "user": "daid", 
            "verified": 0
        }, 
        {
            "date": "15-Nov-2018 18:40:31", 
            "deleted": 0, 
            "draw": true, 
            "id": 11, 
            "label": "bridge", 
            "polygon": [
                [
                    1046.4248704663212, 
                    540.9326424870467
                ], 
                [
                    1109.8445595854923, 
                    539.0673575129534
                ], 
                [
                    1109.8445595854923, 
                    553.9896373056995
                ]
            ], 
            "user": "daid", 
            "verified": 0
        }, 
        {
            "date": "15-Nov-2018 18:40:52", 
            "deleted": 0, 
            "draw": true, 
            "id": 12, 
            "label": "sidewalk", 
            "polygon": [
                [
                    1027.7720207253885, 
                    705.077720207254
                ], 
                [
                    1042.6943005181347, 
                    705.077720207254
                ], 
                [
                    1046.4248704663212, 
                    734.9222797927462
                ]
            ], 
            "user": "daid", 
            "verified": 0
        }, 
        {
            "date": "15-Nov-2018 18:41:19", 
            "deleted": 0, 
            "draw": true, 
            "id": 13, 
            "label": "sidewalk", 
            "polygon": [
                [
                    1307.5647668393783, 
                    807.6683937823834
                ], 
                [
                    1402.6943005181347, 
                    848.7046632124352
                ], 
                [
                    1404.559585492228, 
                    1074.4041450777202
                ], 
                [
                    1374.7150259067357, 
                    1076.2694300518135
                ], 
                [
                    1281.4507772020727, 
                    988.6010362694301
                ], 
                [
                    1296.3730569948186, 
                    938.238341968912
                ]
            ], 
            "user": "daid", 
            "verified": 0
        }, 
        {
            "date": "15-Nov-2018 18:41:41", 
            "deleted": 0, 
            "draw": true, 
            "id": 14, 
            "label": "sidewalk", 
            "polygon": [
                [
                    1436.2694300518135, 
                    859.8963730569949
                ], 
                [
                    1438.1347150259069, 
                    1070.6735751295337
                ], 
                [
                    1911.917098445596, 
                    1079.0
                ], 
                [
                    1915.6476683937824, 
                    1079.0
                ], 
                [
                    1917.5129533678758, 
                    1079.0
                ], 
                [
                    1913.7823834196893, 
                    999.7927461139897
                ], 
                [
                    1477.3056994818653, 
                    863.6269430051814
                ]
            ], 
            "user": "daid", 
            "verified": 0
        }, 
        {
            "date": "15-Nov-2018 18:42:00", 
            "deleted": 0, 
            "draw": true, 
            "id": 15, 
            "label": "sidewalk", 
            "polygon": [
                [
                    1231.0880829015543, 
                    785.2849740932643
                ], 
                [
                    1283.3160621761658, 
                    803.9378238341969
                ], 
                [
                    1279.5854922279793, 
                    915.8549222797927
                ], 
                [
                    1292.6424870466321, 
                    925.1813471502591
                ], 
                [
                    1283.3160621761658, 
                    981.139896373057
                ], 
                [
                    1225.4922279792747, 
                    917.7202072538861
                ], 
                [
                    1229.2227979274612, 
                    865.4922279792746
                ]
            ], 
            "user": "daid", 
            "verified": 0
        }, 
        {
            "date": "15-Nov-2018 18:42:22", 
            "deleted": 0, 
            "draw": true, 
            "id": 16, 
            "label": "sidewalk", 
            "polygon": [
                [
                    1190.0518134715026, 
                    755.4404145077721
                ], 
                [
                    1201.2435233160622, 
                    774.0932642487047
                ], 
                [
                    1218.0310880829015, 
                    762.9015544041451
                ], 
                [
                    1218.0310880829015, 
                    869.2227979274612
                ], 
                [
                    1223.6269430051814, 
                    869.2227979274612
                ], 
                [
                    1223.6269430051814, 
                    917.7202072538861
                ], 
                [
                    1178.860103626943, 
                    867.3575129533679
                ], 
                [
                    1180.7253886010362, 
                    831.9170984455959
                ], 
                [
                    1190.0518134715026, 
                    830.0518134715027
                ]
            ], 
            "user": "daid", 
            "verified": 0
        }, 
        {
            "date": "15-Nov-2018 18:42:41", 
            "deleted": 0, 
            "draw": true, 
            "id": 17, 
            "label": "sidewalk", 
            "polygon": [
                [
                    1156.476683937824, 
                    744.2487046632125
                ], 
                [
                    1165.8031088082903, 
                    755.4404145077721
                ], 
                [
                    1178.860103626943, 
                    753.5751295336788
                ], 
                [
                    1178.860103626943, 
                    874.8186528497409
                ], 
                [
                    1132.2279792746115, 
                    831.9170984455959
                ], 
                [
                    1132.2279792746115, 
                    805.8031088082902
                ], 
                [
                    1150.8808290155441, 
                    813.2642487046633
                ], 
                [
                    1158.341968911917, 
                    809.5336787564767
                ]
            ], 
            "user": "daid", 
            "verified": 0
        }, 
        {
            "date": "15-Nov-2018 18:42:56", 
            "deleted": 0, 
            "draw": true, 
            "id": 18, 
            "label": "sidewalk", 
            "polygon": [
                [
                    1134.0932642487046, 
                    738.6528497409327
                ], 
                [
                    1147.1502590673576, 
                    740.5181347150259
                ], 
                [
                    1145.2849740932643, 
                    803.9378238341969
                ], 
                [
                    1132.2279792746115, 
                    803.9378238341969
                ]
            ], 
            "user": "daid", 
            "verified": 0
        }, 
        {
            "date": "15-Nov-2018 18:43:15", 
            "deleted": 0, 
            "draw": true, 
            "id": 19, 
            "label": "sidewalk", 
            "polygon": [
                [
                    1115.440414507772, 
                    736.7875647668394
                ], 
                [
                    1126.6321243523316, 
                    742.3834196891193
                ], 
                [
                    1124.7668393782383, 
                    800.2072538860103
                ], 
                [
                    1130.3626943005181, 
                    800.2072538860103
                ], 
                [
                    1130.3626943005181, 
                    824.4559585492228
                ], 
                [
                    1111.7098445595855, 
                    805.8031088082902
                ]
            ], 
            "user": "daid", 
            "verified": 0
        }, 
        {
            "date": "15-Nov-2018 18:43:31", 
            "deleted": 0, 
            "draw": true, 
            "id": 20, 
            "label": "sidewalk", 
            "polygon": [
                [
                    1100.518134715026, 
                    733.0569948186529
                ], 
                [
                    1111.7098445595855, 
                    736.7875647668394
                ], 
                [
                    1113.5751295336788, 
                    807.6683937823834
                ], 
                [
                    1100.518134715026, 
                    796.4766839378239
                ]
            ], 
            "user": "daid", 
            "verified": 0
        }, 
        {
            "date": "15-Nov-2018 18:43:43", 
            "deleted": 0, 
            "draw": true, 
            "id": 21, 
            "label": "sidewalk", 
            "polygon": [
                [
                    1083.7305699481865, 
                    729.3264248704663
                ], 
                [
                    1100.518134715026, 
                    734.9222797927462
                ], 
                [
                    1098.6528497409327, 
                    792.7461139896374
                ], 
                [
                    1076.2694300518135, 
                    774.0932642487047
                ]
            ], 
            "user": "daid", 
            "verified": 0
        }, 
        {
            "date": "15-Nov-2018 18:43:55", 
            "deleted": 0, 
            "draw": true, 
            "id": 22, 
            "label": "sidewalk", 
            "polygon": [
                [
                    1072.538860103627, 
                    725.5958549222798
                ], 
                [
                    1081.8652849740934, 
                    729.3264248704663
                ], 
                [
                    1076.2694300518135, 
                    764.7668393782384
                ], 
                [
                    1059.4818652849742, 
                    753.5751295336788
                ], 
                [
                    1068.8082901554405, 
                    742.3834196891193
                ]
            ], 
            "user": "daid", 
            "verified": 0
        }, 
        {
            "date": "15-Nov-2018 18:44:09", 
            "deleted": 0, 
            "draw": true, 
            "id": 23, 
            "label": "sidewalk", 
            "polygon": [
                [
                    1053.8860103626944, 
                    725.5958549222798
                ], 
                [
                    1063.2124352331607, 
                    725.5958549222798
                ], 
                [
                    1065.0777202072538, 
                    744.2487046632125
                ], 
                [
                    1061.3471502590673, 
                    751.7098445595855
                ], 
                [
                    1044.559585492228, 
                    738.6528497409327
                ]
            ], 
            "user": "daid", 
            "verified": 0
        }, 
        {
            "date": "15-Nov-2018 18:44:25", 
            "deleted": 0, 
            "draw": true, 
            "id": 24, 
            "label": "pole", 
            "polygon": [
                [
                    1410.155440414508, 
                    1063.2124352331607
                ], 
                [
                    1432.538860103627, 
                    1063.2124352331607
                ], 
                [
                    1432.538860103627, 
                    798.3419689119171
                ], 
                [
                    1410.155440414508, 
                    796.4766839378239
                ]
            ], 
            "user": "daid", 
            "verified": 0
        }, 
        {
            "date": "15-Nov-2018 18:44:34", 
            "deleted": 0, 
            "draw": true, 
            "id": 25, 
            "label": "pole", 
            "polygon": [
                [
                    1281.4507772020727, 
                    919.5854922279793
                ], 
                [
                    1298.238341968912, 
                    921.4507772020726
                ], 
                [
                    1300.103626943005, 
                    762.9015544041451
                ], 
                [
                    1287.0466321243523, 
                    761.0362694300518
                ]
            ], 
            "user": "daid", 
            "verified": 0
        }, 
        {
            "date": "15-Nov-2018 18:44:45", 
            "deleted": 0, 
            "draw": true, 
            "id": 26, 
            "label": "pole", 
            "polygon": [
                [
                    1219.896373056995, 
                    863.6269430051814
                ], 
                [
                    1231.0880829015543, 
                    865.4922279792746
                ], 
                [
                    1229.2227979274612, 
                    746.1139896373057
                ], 
                [
                    1216.1658031088084, 
                    744.2487046632125
                ]
            ], 
            "user": "daid", 
            "verified": 0
        }, 
        {
            "date": "15-Nov-2018 18:44:53", 
            "deleted": 0, 
            "draw": true, 
            "id": 27, 
            "label": "pole", 
            "polygon": [
                [
                    1178.860103626943, 
                    830.0518134715027
                ], 
                [
                    1188.1865284974094, 
                    830.0518134715027
                ], 
                [
                    1190.0518134715026, 
                    727.4611398963731
                ], 
                [
                    1180.7253886010362, 
                    727.4611398963731
                ]
            ], 
            "user": "daid", 
            "verified": 0
        }, 
        {
            "date": "15-Nov-2018 18:45:02", 
            "deleted": 0, 
            "draw": true, 
            "id": 28, 
            "label": "pole", 
            "polygon": [
                [
                    1149.0155440414508, 
                    809.5336787564767
                ], 
                [
                    1158.341968911917, 
                    809.5336787564767
                ], 
                [
                    1158.341968911917, 
                    721.8652849740932
                ], 
                [
                    1147.1502590673576, 
                    720.0
                ]
            ], 
            "user": "daid", 
            "verified": 0
        }, 
        {
            "date": "15-Nov-2018 18:45:12", 
            "deleted": 0, 
            "draw": true, 
            "id": 29, 
            "label": "pole", 
            "polygon": [
                [
                    1126.6321243523316, 
                    796.4766839378239
                ], 
                [
                    1128.497409326425, 
                    507.3575129533679
                ], 
                [
                    1132.2279792746115, 
                    507.3575129533679
                ], 
                [
                    1132.2279792746115, 
                    796.4766839378239
                ]
            ], 
            "user": "daid", 
            "verified": 0
        }, 
        {
            "date": "15-Nov-2018 18:45:21", 
            "deleted": 0, 
            "draw": true, 
            "id": 30, 
            "label": "pole", 
            "polygon": [
                [
                    1113.5751295336788, 
                    716.2694300518135
                ], 
                [
                    1113.5751295336788, 
                    768.4974093264249
                ]
            ], 
            "user": "daid", 
            "verified": 0
        }
    ]
}