{
    "imgHeight": 1080, 
    "imgWidth": 1920, 
    "objects": [
        {
            "date": "15-Nov-2018 14:20:16", 
            "deleted": 0, 
            "draw": true, 
            "id": 0, 
            "label": "traffic light", 
            "polygon": [
                [
                    1206.839378238342, 
                    613.6787564766839
                ], 
                [
                    1244.1450777202074, 
                    613.6787564766839
                ], 
                [
                    1244.1450777202074, 
                    524.1450777202073
                ], 
                [
                    1238.5492227979275, 
                    516.6839378238342
                ], 
                [
                    1210.5699481865286, 
                    516.6839378238342
                ], 
                [
                    1204.9740932642487, 
                    518.5492227979274
                ], 
                [
                    1203.1088082901554, 
                    544.6632124352332
                ]
            ], 
            "user": "daid", 
            "verified": 0
        }, 
        {
            "date": "15-Nov-2018 14:20:32", 
            "deleted": 0, 
            "draw": true, 
            "id": 1, 
            "label": "traffic sign", 
            "polygon": [
                [
                    1191.917098445596, 
                    462.59067357512953
                ], 
                [
                    1246.0103626943005, 
                    462.59067357512953
                ], 
                [
                    1221.761658031088, 
                    511.0880829015544
                ]
            ], 
            "user": "daid", 
            "verified": 0
        }, 
        {
            "date": "15-Nov-2018 14:21:22", 
            "deleted": 0, 
            "draw": true, 
            "id": 2, 
            "label": "person", 
            "polygon": [
                [
                    130.5699481865285, 
                    779.6891191709844
                ], 
                [
                    151.0880829015544, 
                    775.958549222798
                ], 
                [
                    164.14507772020727, 
                    775.958549222798
                ], 
                [
                    167.87564766839378, 
                    775.958549222798
                ], 
                [
                    158.54922279792746, 
                    746.1139896373057
                ], 
                [
                    158.54922279792746, 
                    746.1139896373057
                ], 
                [
                    160.41450777202073, 
                    721.8652849740932
                ], 
                [
                    169.74093264248705, 
                    720.0
                ], 
                [
                    177.2020725388601, 
                    720.0
                ], 
                [
                    180.93264248704665, 
                    695.7512953367876
                ], 
                [
                    177.2020725388601, 
                    667.7720207253886
                ], 
                [
                    169.74093264248705, 
                    647.2538860103627
                ], 
                [
                    169.74093264248705, 
                    639.7927461139897
                ], 
                [
                    179.06735751295338, 
                    637.9274611398964
                ], 
                [
                    175.33678756476684, 
                    619.2746113989638
                ], 
                [
                    154.81865284974094, 
                    619.2746113989638
                ], 
                [
                    149.22279792746116, 
                    636.0621761658032
                ], 
                [
                    143.62694300518135, 
                    656.5803108808291
                ], 
                [
                    134.30051813471502, 
                    692.020725388601
                ], 
                [
                    134.30051813471502, 
                    716.2694300518135
                ], 
                [
                    143.62694300518135, 
                    723.7305699481866
                ], 
                [
                    132.43523316062178, 
                    747.979274611399
                ], 
                [
                    132.43523316062178, 
                    772.2279792746115
                ], 
                [
                    132.43523316062178, 
                    783.419689119171
                ]
            ], 
            "user": "daid", 
            "verified": 0
        }, 
        {
            "date": "15-Nov-2018 14:21:54", 
            "deleted": 0, 
            "draw": true, 
            "id": 3, 
            "label": "person", 
            "polygon": [
                [
                    190.25906735751295, 
                    779.6891191709844
                ], 
                [
                    214.50777202072538, 
                    781.5544041450778
                ], 
                [
                    220.1036269430052, 
                    738.6528497409327
                ], 
                [
                    229.43005181347152, 
                    734.9222797927462
                ], 
                [
                    236.89119170984458, 
                    716.2694300518135
                ], 
                [
                    233.16062176165804, 
                    708.8082901554404
                ], 
                [
                    249.94818652849742, 
                    705.077720207254
                ], 
                [
                    240.6217616580311, 
                    678.9637305699482
                ], 
                [
                    233.16062176165804, 
                    664.041450777202
                ], 
                [
                    220.1036269430052, 
                    664.041450777202
                ], 
                [
                    223.8341968911917, 
                    643.5233160621761
                ], 
                [
                    201.45077720207254, 
                    641.6580310880829
                ], 
                [
                    201.45077720207254, 
                    652.8497409326425
                ], 
                [
                    190.25906735751295, 
                    658.4455958549223
                ], 
                [
                    177.2020725388601, 
                    665.9067357512954
                ], 
                [
                    182.7979274611399, 
                    688.2901554404145
                ], 
                [
                    180.93264248704665, 
                    710.6735751295337
                ], 
                [
                    179.06735751295338, 
                    729.3264248704663
                ], 
                [
                    179.06735751295338, 
                    746.1139896373057
                ], 
                [
                    188.3937823834197, 
                    744.2487046632125
                ]
            ], 
            "user": "daid", 
            "verified": 0
        }, 
        {
            "date": "15-Nov-2018 14:22:19", 
            "deleted": 0, 
            "draw": true, 
            "id": 4, 
            "label": "person", 
            "polygon": [
                [
                    246.2176165803109, 
                    785.2849740932643
                ], 
                [
                    264.87046632124355, 
                    783.419689119171
                ], 
                [
                    276.0621761658031, 
                    783.419689119171
                ], 
                [
                    281.6580310880829, 
                    736.7875647668394
                ], 
                [
                    285.38860103626945, 
                    708.8082901554404
                ], 
                [
                    292.8497409326425, 
                    692.020725388601
                ], 
                [
                    292.8497409326425, 
                    665.9067357512954
                ], 
                [
                    287.2538860103627, 
                    665.9067357512954
                ], 
                [
                    287.2538860103627, 
                    650.9844559585492
                ], 
                [
                    276.0621761658031, 
                    645.3886010362695
                ], 
                [
                    261.139896373057, 
                    645.3886010362695
                ], 
                [
                    261.139896373057, 
                    662.1761658031088
                ], 
                [
                    248.08290155440415, 
                    673.3678756476684
                ], 
                [
                    244.35233160621763, 
                    697.6165803108809
                ], 
                [
                    236.89119170984458, 
                    710.6735751295337
                ], 
                [
                    233.16062176165804, 
                    731.1917098445596
                ], 
                [
                    242.48704663212436, 
                    733.0569948186529
                ]
            ], 
            "user": "daid", 
            "verified": 0
        }, 
        {
            "date": "15-Nov-2018 14:23:07", 
            "deleted": 0, 
            "draw": true, 
            "id": 5, 
            "label": "car", 
            "polygon": [
                [
                    1035.2331606217617, 
                    787.1502590673575
                ], 
                [
                    1063.2124352331607, 
                    787.1502590673575
                ], 
                [
                    1063.2124352331607, 
                    779.6891191709844
                ], 
                [
                    1191.917098445596, 
                    785.2849740932643
                ], 
                [
                    1201.2435233160622, 
                    800.2072538860103
                ], 
                [
                    1214.300518134715, 
                    798.3419689119171
                ], 
                [
                    1219.896373056995, 
                    790.8808290155441
                ], 
                [
                    1240.4145077720207, 
                    789.0155440414508
                ], 
                [
                    1255.3367875647668, 
                    777.8238341968912
                ], 
                [
                    1253.4715025906737, 
                    751.7098445595855
                ], 
                [
                    1234.818652849741, 
                    744.2487046632125
                ], 
                [
                    1206.839378238342, 
                    736.7875647668394
                ], 
                [
                    1176.9948186528497, 
                    725.5958549222798
                ], 
                [
                    1137.8238341968913, 
                    705.077720207254
                ], 
                [
                    1109.8445595854923, 
                    697.6165803108809
                ], 
                [
                    1042.6943005181347, 
                    695.7512953367876
                ], 
                [
                    1007.2538860103627, 
                    695.7512953367876
                ], 
                [
                    990.4663212435233, 
                    710.6735751295337
                ], 
                [
                    979.2746113989638, 
                    716.2694300518135
                ], 
                [
                    979.2746113989638, 
                    729.3264248704663
                ], 
                [
                    977.4093264248705, 
                    742.3834196891193
                ], 
                [
                    975.5440414507773, 
                    762.9015544041451
                ], 
                [
                    997.9274611398964, 
                    766.6321243523316
                ], 
                [
                    1014.7150259067358, 
                    772.2279792746115
                ], 
                [
                    1022.1761658031088, 
                    783.419689119171
                ]
            ], 
            "user": "daid", 
            "verified": 0
        }, 
        {
            "date": "15-Nov-2018 14:23:44", 
            "deleted": 0, 
            "draw": true, 
            "id": 6, 
            "label": "car", 
            "polygon": [
                [
                    320.82901554404145, 
                    734.9222797927462
                ], 
                [
                    356.26943005181346, 
                    736.7875647668394
                ], 
                [
                    365.5958549222798, 
                    736.7875647668394
                ], 
                [
                    374.9222797927461, 
                    721.8652849740932
                ], 
                [
                    453.2642487046632, 
                    723.7305699481866
                ], 
                [
                    470.0518134715026, 
                    736.7875647668394
                ], 
                [
                    490.5699481865285, 
                    738.6528497409327
                ], 
                [
                    498.0310880829016, 
                    721.8652849740932
                ], 
                [
                    522.279792746114, 
                    723.7305699481866
                ], 
                [
                    518.5492227979274, 
                    693.8860103626944
                ], 
                [
                    514.8186528497409, 
                    678.9637305699482
                ], 
                [
                    503.6269430051814, 
                    673.3678756476684
                ], 
                [
                    475.6476683937824, 
                    677.098445595855
                ], 
                [
                    410.36269430051817, 
                    667.7720207253886
                ], 
                [
                    389.8445595854922, 
                    667.7720207253886
                ], 
                [
                    371.1917098445596, 
                    677.098445595855
                ], 
                [
                    360.0, 
                    686.4248704663213
                ], 
                [
                    304.0414507772021, 
                    690.1554404145078
                ], 
                [
                    294.7150259067358, 
                    699.4818652849741
                ], 
                [
                    294.7150259067358, 
                    708.8082901554404
                ], 
                [
                    292.8497409326425, 
                    723.7305699481866
                ], 
                [
                    309.6373056994819, 
                    727.4611398963731
                ]
            ], 
            "user": "daid", 
            "verified": 0
        }, 
        {
            "date": "15-Nov-2018 14:24:02", 
            "deleted": 0, 
            "draw": true, 
            "id": 7, 
            "label": "car", 
            "polygon": [
                [
                    874.8186528497409, 
                    746.1139896373057
                ], 
                [
                    927.0466321243524, 
                    744.2487046632125
                ], 
                [
                    936.3730569948187, 
                    714.4041450777203
                ], 
                [
                    928.9119170984457, 
                    712.5388601036269
                ], 
                [
                    917.7202072538861, 
                    706.9430051813472
                ], 
                [
                    897.2020725388601, 
                    706.9430051813472
                ], 
                [
                    882.279792746114, 
                    706.9430051813472
                ], 
                [
                    874.8186528497409, 
                    716.2694300518135
                ], 
                [
                    874.8186528497409, 
                    720.0
                ], 
                [
                    876.6839378238342, 
                    729.3264248704663
                ]
            ], 
            "user": "daid", 
            "verified": 0
        }, 
        {
            "date": "15-Nov-2018 14:24:22", 
            "deleted": 0, 
            "draw": true, 
            "id": 8, 
            "label": "person", 
            "polygon": [
                [
                    943.8341968911917, 
                    759.1709844559585
                ], 
                [
                    951.2953367875648, 
                    759.1709844559585
                ], 
                [
                    953.160621761658, 
                    744.2487046632125
                ], 
                [
                    960.6217616580311, 
                    727.4611398963731
                ], 
                [
                    955.0259067357513, 
                    716.2694300518135
                ], 
                [
                    955.0259067357513, 
                    706.9430051813472
                ], 
                [
                    938.238341968912, 
                    706.9430051813472
                ], 
                [
                    938.238341968912, 
                    706.9430051813472
                ], 
                [
                    941.9689119170985, 
                    725.5958549222798
                ], 
                [
                    932.6424870466321, 
                    729.3264248704663
                ], 
                [
                    934.5077720207254, 
                    736.7875647668394
                ]
            ], 
            "user": "daid", 
            "verified": 0
        }, 
        {
            "date": "15-Nov-2018 14:25:15", 
            "deleted": 0, 
            "draw": true, 
            "id": 9, 
            "label": "sidewalk", 
            "polygon": [
                [
                    1594.818652849741, 
                    1078.1347150259069
                ], 
                [
                    1516.476683937824, 
                    1038.9637305699482
                ], 
                [
                    1458.6528497409327, 
                    1010.9844559585492
                ], 
                [
                    1410.155440414508, 
                    983.0051813471503
                ], 
                [
                    1337.4093264248704, 
                    947.5647668393783
                ], 
                [
                    1273.9896373056995, 
                    915.8549222797927
                ], 
                [
                    1204.9740932642487, 
                    878.5492227979275
                ], 
                [
                    1165.8031088082903, 
                    850.5699481865286
                ], 
                [
                    1158.341968911917, 
                    818.860103626943
                ], 
                [
                    1197.5129533678758, 
                    807.6683937823834
                ], 
                [
                    1229.2227979274612, 
                    807.6683937823834
                ], 
                [
                    1279.5854922279793, 
                    807.6683937823834
                ], 
                [
                    1550.0518134715026, 
                    813.2642487046633
                ], 
                [
                    1551.917098445596, 
                    835.6476683937824
                ], 
                [
                    1538.860103626943, 
                    843.1088082901555
                ], 
                [
                    1559.3782383419689, 
                    854.300518134715
                ], 
                [
                    1911.917098445596, 
                    938.238341968912
                ], 
                [
                    1919.0, 
                    940.1036269430052
                ], 
                [
                    1919.0, 
                    1078.1347150259069
                ]
            ], 
            "user": "daid", 
            "verified": 0
        }, 
        {
            "date": "15-Nov-2018 14:25:56", 
            "deleted": 0, 
            "draw": true, 
            "id": 10, 
            "label": "car", 
            "polygon": [
                [
                    1430.6735751295337, 
                    779.6891191709844
                ], 
                [
                    1447.4611398963732, 
                    779.6891191709844
                ], 
                [
                    1447.4611398963732, 
                    766.6321243523316
                ], 
                [
                    1469.8445595854923, 
                    766.6321243523316
                ], 
                [
                    1471.7098445595855, 
                    779.6891191709844
                ], 
                [
                    1492.2279792746115, 
                    777.8238341968912
                ], 
                [
                    1492.2279792746115, 
                    759.1709844559585
                ], 
                [
                    1518.341968911917, 
                    762.9015544041451
                ], 
                [
                    1518.341968911917, 
                    772.2279792746115
                ], 
                [
                    1542.5906735751296, 
                    772.2279792746115
                ], 
                [
                    1542.5906735751296, 
                    762.9015544041451
                ], 
                [
                    1563.1088082901556, 
                    764.7668393782384
                ], 
                [
                    1561.2435233160622, 
                    742.3834196891193
                ], 
                [
                    1553.7823834196893, 
                    727.4611398963731
                ], 
                [
                    1527.6683937823834, 
                    714.4041450777203
                ], 
                [
                    1494.0932642487046, 
                    710.6735751295337
                ], 
                [
                    1462.3834196891191, 
                    708.8082901554404
                ], 
                [
                    1449.3264248704663, 
                    718.1347150259068
                ], 
                [
                    1436.2694300518135, 
                    725.5958549222798
                ], 
                [
                    1423.2124352331607, 
                    734.9222797927462
                ], 
                [
                    1410.155440414508, 
                    740.5181347150259
                ], 
                [
                    1410.155440414508, 
                    749.8445595854922
                ], 
                [
                    1413.8860103626944, 
                    761.0362694300518
                ], 
                [
                    1434.4041450777202, 
                    759.1709844559585
                ]
            ], 
            "user": "daid", 
            "verified": 0
        }, 
        {
            "date": "15-Nov-2018 14:27:31", 
            "deleted": 0, 
            "draw": true, 
            "id": 11, 
            "label": "road", 
            "polygon": [
                [
                    1591.0880829015543, 
                    1079.0
                ], 
                [
                    1412.020725388601, 
                    983.0051813471503
                ], 
                [
                    1262.79792746114, 
                    912.1243523316062
                ], 
                [
                    1180.7253886010362, 
                    861.7616580310881
                ], 
                [
                    1167.6683937823834, 
                    850.5699481865286
                ], 
                [
                    1162.0725388601036, 
                    820.7253886010363
                ], 
                [
                    1195.6476683937824, 
                    809.5336787564767
                ], 
                [
                    1193.7823834196893, 
                    790.8808290155441
                ], 
                [
                    1160.2072538860104, 
                    789.0155440414508
                ], 
                [
                    1072.538860103627, 
                    785.2849740932643
                ], 
                [
                    1055.7512953367875, 
                    790.8808290155441
                ], 
                [
                    1025.9067357512954, 
                    789.0155440414508
                ], 
                [
                    1009.119170984456, 
                    772.2279792746115
                ], 
                [
                    992.3316062176166, 
                    772.2279792746115
                ], 
                [
                    969.9481865284974, 
                    764.7668393782384
                ], 
                [
                    969.9481865284974, 
                    764.7668393782384
                ], 
                [
                    969.9481865284974, 
                    746.1139896373057
                ], 
                [
                    951.2953367875648, 
                    746.1139896373057
                ], 
                [
                    949.4300518134716, 
                    761.0362694300518
                ], 
                [
                    928.9119170984457, 
                    753.5751295336788
                ], 
                [
                    902.7979274611399, 
                    747.979274611399
                ], 
                [
                    844.9740932642487, 
                    747.979274611399
                ], 
                [
                    777.8238341968912, 
                    746.1139896373057
                ], 
                [
                    692.020725388601, 
                    742.3834196891193
                ], 
                [
                    609.9481865284974, 
                    740.5181347150259
                ], 
                [
                    498.0310880829016, 
                    738.6528497409327
                ], 
                [
                    449.5336787564767, 
                    734.9222797927462
                ], 
                [
                    360.0, 
                    733.0569948186529
                ], 
                [
                    318.9637305699482, 
                    734.9222797927462
                ], 
                [
                    294.7150259067358, 
                    723.7305699481866
                ], 
                [
                    287.2538860103627, 
                    770.3626943005181
                ], 
                [
                    415.95854922279796, 
                    779.6891191709844
                ], 
                [
                    456.99481865284974, 
                    785.2849740932643
                ], 
                [
                    516.6839378238342, 
                    796.4766839378239
                ], 
                [
                    555.8549222797927, 
                    813.2642487046633
                ], 
                [
                    568.9119170984457, 
                    837.5129533678756
                ], 
                [
                    507.3575129533679, 
                    871.0880829015545
                ], 
                [
                    419.6891191709845, 
                    912.1243523316062
                ], 
                [
                    326.42487046632124, 
                    966.217616580311
                ], 
                [
                    244.35233160621763, 
                    1009.119170984456
                ], 
                [
                    167.87564766839378, 
                    1057.6165803108809
                ], 
                [
                    130.5699481865285, 
                    1079.0
                ]
            ], 
            "user": "daid", 
            "verified": 0
        }, 
        {
            "date": "15-Nov-2018 14:28:37", 
            "deleted": 0, 
            "draw": true, 
            "id": 12, 
            "label": "sidewalk", 
            "polygon": [
                [
                    67.15025906735751, 
                    768.4974093264249
                ], 
                [
                    108.18652849740933, 
                    770.3626943005181
                ], 
                [
                    136.1658031088083, 
                    770.3626943005181
                ], 
                [
                    136.1658031088083, 
                    781.5544041450778
                ], 
                [
                    166.0103626943005, 
                    781.5544041450778
                ], 
                [
                    171.60621761658032, 
                    770.3626943005181
                ], 
                [
                    192.12435233160622, 
                    770.3626943005181
                ], 
                [
                    193.9896373056995, 
                    783.419689119171
                ], 
                [
                    210.77720207253887, 
                    783.419689119171
                ], 
                [
                    220.1036269430052, 
                    781.5544041450778
                ], 
                [
                    220.1036269430052, 
                    775.958549222798
                ], 
                [
                    236.89119170984458, 
                    775.958549222798
                ], 
                [
                    238.75647668393782, 
                    790.8808290155441
                ], 
                [
                    268.60103626943004, 
                    790.8808290155441
                ], 
                [
                    283.52331606217615, 
                    790.8808290155441
                ], 
                [
                    287.2538860103627, 
                    772.2279792746115
                ], 
                [
                    324.559585492228, 
                    775.958549222798
                ], 
                [
                    363.73056994818654, 
                    775.958549222798
                ], 
                [
                    436.47668393782385, 
                    781.5544041450778
                ], 
                [
                    464.4559585492228, 
                    785.2849740932643
                ], 
                [
                    509.22279792746116, 
                    796.4766839378239
                ], 
                [
                    552.1243523316062, 
                    807.6683937823834
                ], 
                [
                    567.0466321243523, 
                    835.6476683937824
                ], 
                [
                    138.03108808290156, 
                    1079.0
                ], 
                [
                    0.0, 
                    1079.0
                ], 
                [
                    0.0, 
                    794.6113989637306
                ]
            ], 
            "user": "daid", 
            "verified": 0
        }, 
        {
            "date": "15-Nov-2018 14:30:09", 
            "deleted": 0, 
            "draw": true, 
            "id": 13, 
            "label": "road", 
            "polygon": [
                [
                    1255.3367875647668, 
                    762.9015544041451
                ], 
                [
                    1255.3367875647668, 
                    783.419689119171
                ], 
                [
                    1240.4145077720207, 
                    789.0155440414508
                ], 
                [
                    1234.818652849741, 
                    789.0155440414508
                ], 
                [
                    1236.6839378238342, 
                    805.8031088082902
                ], 
                [
                    1544.455958549223, 
                    811.39896373057
                ], 
                [
                    1555.6476683937824, 
                    811.39896373057
                ], 
                [
                    1555.6476683937824, 
                    781.5544041450778
                ], 
                [
                    1555.6476683937824, 
                    772.2279792746115
                ], 
                [
                    1551.917098445596, 
                    770.3626943005181
                ], 
                [
                    1546.321243523316, 
                    775.958549222798
                ], 
                [
                    1536.9948186528497, 
                    775.958549222798
                ], 
                [
                    1520.2072538860104, 
                    775.958549222798
                ], 
                [
                    1499.6891191709844, 
                    777.8238341968912
                ], 
                [
                    1477.3056994818653, 
                    779.6891191709844
                ], 
                [
                    1441.8652849740934, 
                    783.419689119171
                ], 
                [
                    1425.0777202072538, 
                    772.2279792746115
                ], 
                [
                    1367.2538860103627, 
                    768.4974093264249
                ], 
                [
                    1322.4870466321245, 
                    764.7668393782384
                ], 
                [
                    1288.9119170984457, 
                    764.7668393782384
                ]
            ], 
            "user": "daid", 
            "verified": 0
        }, 
        {
            "date": "15-Nov-2018 15:56:00", 
            "deleted": 0, 
            "draw": true, 
            "id": 14, 
            "label": "building", 
            "polygon": [
                [
                    1285.1813471502592, 
                    753.5751295336788
                ], 
                [
                    1322.4870466321245, 
                    753.5751295336788
                ], 
                [
                    1339.2746113989638, 
                    753.5751295336788
                ], 
                [
                    1341.1398963730571, 
                    747.979274611399
                ], 
                [
                    1376.580310880829, 
                    746.1139896373057
                ], 
                [
                    1412.020725388601, 
                    746.1139896373057
                ], 
                [
                    1428.8082901554405, 
                    725.5958549222798
                ], 
                [
                    1445.5958549222798, 
                    716.2694300518135
                ], 
                [
                    1406.4248704663212, 
                    190.25906735751295
                ], 
                [
                    1370.9844559585492, 
                    182.7979274611399
                ], 
                [
                    1253.4715025906737, 
                    182.7979274611399
                ], 
                [
                    1163.937823834197, 
                    182.7979274611399
                ], 
                [
                    1135.958549222798, 
                    205.18134715025909
                ], 
                [
                    1119.1709844559587, 
                    216.37305699481865
                ], 
                [
                    1119.1709844559587, 
                    231.29533678756476
                ], 
                [
                    1117.3056994818653, 
                    249.94818652849742
                ], 
                [
                    1093.0569948186528, 
                    264.87046632124355
                ], 
                [
                    1070.6735751295337, 
                    277.92746113989637
                ], 
                [
                    1053.8860103626944, 
                    300.31088082901556
                ], 
                [
                    1020.3108808290156, 
                    330.1554404145078
                ], 
                [
                    1010.9844559585492, 
                    346.9430051813472
                ], 
                [
                    1003.5233160621761, 
                    354.4041450777202
                ], 
                [
                    1003.5233160621761, 
                    371.1917098445596
                ], 
                [
                    1003.5233160621761, 
                    415.95854922279796
                ], 
                [
                    953.160621761658, 
                    453.2642487046632
                ], 
                [
                    932.6424870466321, 
                    466.32124352331607
                ], 
                [
                    932.6424870466321, 
                    492.4352331606218
                ], 
                [
                    932.6424870466321, 
                    529.7409326424871
                ], 
                [
                    932.6424870466321, 
                    565.1813471502591
                ], 
                [
                    932.6424870466321, 
                    609.9481865284974
                ], 
                [
                    934.5077720207254, 
                    660.3108808290156
                ], 
                [
                    936.3730569948187, 
                    688.2901554404145
                ], 
                [
                    966.217616580311, 
                    688.2901554404145
                ], 
                [
                    968.0829015544042, 
                    718.1347150259068
                ], 
                [
                    979.2746113989638, 
                    720.0
                ], 
                [
                    994.1968911917098, 
                    706.9430051813472
                ], 
                [
                    1003.5233160621761, 
                    693.8860103626944
                ], 
                [
                    1024.041450777202, 
                    693.8860103626944
                ], 
                [
                    1044.559585492228, 
                    693.8860103626944
                ], 
                [
                    1091.1917098445597, 
                    693.8860103626944
                ], 
                [
                    1130.3626943005181, 
                    695.7512953367876
                ], 
                [
                    1147.1502590673576, 
                    701.3471502590673
                ], 
                [
                    1184.455958549223, 
                    716.2694300518135
                ], 
                [
                    1214.300518134715, 
                    734.9222797927462
                ], 
                [
                    1212.4352331606217, 
                    619.2746113989638
                ], 
                [
                    1206.839378238342, 
                    619.2746113989638
                ], 
                [
                    1206.839378238342, 
                    522.279792746114
                ], 
                [
                    1221.761658031088, 
                    516.6839378238342
                ], 
                [
                    1190.0518134715026, 
                    470.0518134715026
                ], 
                [
                    1184.455958549223, 
                    462.59067357512953
                ], 
                [
                    1249.740932642487, 
                    460.7253886010363
                ], 
                [
                    1227.3575129533679, 
                    524.1450777202073
                ], 
                [
                    1246.0103626943005, 
                    526.0103626943005
                ], 
                [
                    1249.740932642487, 
                    613.6787564766839
                ], 
                [
                    1229.2227979274612, 
                    617.4093264248705
                ], 
                [
                    1232.9533678756477, 
                    673.3678756476684
                ], 
                [
                    1234.818652849741, 
                    712.5388601036269
                ], 
                [
                    1242.279792746114, 
                    733.0569948186529
                ], 
                [
                    1247.8756476683939, 
                    746.1139896373057
                ], 
                [
                    1259.0673575129533, 
                    751.7098445595855
                ]
            ], 
            "user": "daid", 
            "verified": 0
        }, 
        {
            "date": "15-Nov-2018 20:15:39", 
            "deleted": 0, 
            "draw": true, 
            "id": 15, 
            "label": "building", 
            "polygon": [
                [
                    718.1347150259068, 
                    175.33678756476684
                ], 
                [
                    712.5388601036269, 
                    738.6528497409327
                ], 
                [
                    695.7512953367876, 
                    733.0569948186529
                ], 
                [
                    682.6943005181347, 
                    734.9222797927462
                ], 
                [
                    650.9844559585492, 
                    720.0
                ], 
                [
                    611.8134715025907, 
                    708.8082901554404
                ], 
                [
                    589.4300518134716, 
                    714.4041450777203
                ], 
                [
                    529.7409326424871, 
                    680.8290155440415
                ], 
                [
                    505.4922279792746, 
                    673.3678756476684
                ], 
                [
                    488.70466321243526, 
                    667.7720207253886
                ], 
                [
                    488.70466321243526, 
                    574.5077720207254
                ], 
                [
                    505.4922279792746, 
                    576.3730569948186
                ], 
                [
                    509.22279792746116, 
                    553.9896373056995
                ], 
                [
                    527.8756476683938, 
                    555.8549222797927
                ], 
                [
                    531.6062176165804, 
                    481.2435233160622
                ], 
                [
                    462.59067357512953, 
                    481.2435233160622
                ], 
                [
                    456.99481865284974, 
                    572.6424870466321
                ], 
                [
                    466.32124352331607, 
                    574.5077720207254
                ], 
                [
                    462.59067357512953, 
                    664.041450777202
                ], 
                [
                    389.8445595854922, 
                    660.3108808290156
                ], 
                [
                    354.4041450777202, 
                    677.098445595855
                ], 
                [
                    289.119170984456, 
                    643.5233160621761
                ], 
                [
                    255.5440414507772, 
                    641.6580310880829
                ], 
                [
                    246.2176165803109, 
                    673.3678756476684
                ], 
                [
                    246.2176165803109, 
                    624.8704663212435
                ], 
                [
                    214.50777202072538, 
                    621.139896373057
                ], 
                [
                    188.3937823834197, 
                    615.5440414507772
                ], 
                [
                    154.81865284974094, 
                    604.3523316062176
                ], 
                [
                    151.0880829015544, 
                    542.7979274611399
                ], 
                [
                    160.41450777202073, 
                    494.30051813471505
                ], 
                [
                    289.119170984456, 
                    499.89637305699483
                ], 
                [
                    318.9637305699482, 
                    132.43523316062178
                ], 
                [
                    710.6735751295337, 
                    158.54922279792746
                ]
            ], 
            "user": "daid", 
            "verified": 0
        }, 
        {
            "date": "15-Nov-2018 20:16:23", 
            "deleted": 0, 
            "draw": true, 
            "id": 16, 
            "label": "building", 
            "polygon": [
                [
                    1410.155440414508, 
                    9.326424870466322
                ], 
                [
                    1434.4041450777202, 
                    382.3834196891192
                ], 
                [
                    1443.7305699481865, 
                    423.419689119171
                ], 
                [
                    1471.7098445595855, 
                    447.6683937823834
                ], 
                [
                    1505.2849740932643, 
                    456.99481865284974
                ], 
                [
                    1520.2072538860104, 
                    460.7253886010363
                ], 
                [
                    1533.2642487046633, 
                    602.4870466321244
                ], 
                [
                    1548.1865284974094, 
                    604.3523316062176
                ], 
                [
                    1587.3575129533679, 
                    600.6217616580311
                ], 
                [
                    1604.1450777202074, 
                    770.3626943005181
                ], 
                [
                    1607.8756476683939, 
                    841.2435233160622
                ], 
                [
                    1635.8549222797928, 
                    841.2435233160622
                ], 
                [
                    1919.0, 
                    902.7979274611399
                ], 
                [
                    1919.0, 
                    0.0
                ], 
                [
                    1408.2901554404145, 
                    0.0
                ]
            ], 
            "user": "daid", 
            "verified": 0
        }
    ]
}