{
    "imgHeight": 480, 
    "imgWidth": 854, 
    "objects": [
        {
            "date": "10-Apr-2018 00:08:53", 
            "deleted": 0, 
            "draw": true, 
            "id": 0, 
            "label": "road", 
            "polygon": [
                [
                    302.9845626072041, 
                    433.07032590051455
                ], 
                [
                    382.8473413379074, 
                    340.0343053173242
                ], 
                [
                    416.60377358490564, 
                    305.45454545454544
                ], 
                [
                    442.9502572898799, 
                    283.22469982847343
                ], 
                [
                    472.59005145797596, 
                    265.934819897084
                ], 
                [
                    487.409948542024, 
                    260.1715265866209
                ], 
                [
                    489.0566037735849, 
                    263.4648370497427
                ], 
                [
                    493.9965694682676, 
                    261.8181818181818
                ], 
                [
                    496.4665523156089, 
                    255.23156089193824
                ], 
                [
                    510.4631217838765, 
                    251.93825042881647
                ], 
                [
                    535.9862778730703, 
                    246.9982847341338
                ], 
                [
                    564.802744425386, 
                    241.23499142367066
                ], 
                [
                    583.7392795883362, 
                    238.76500857632934
                ], 
                [
                    585.3859348198971, 
                    238.76500857632934
                ], 
                [
                    585.3859348198971, 
                    260.99485420240137
                ], 
                [
                    578.7993138936536, 
                    263.4648370497427
                ], 
                [
                    572.2126929674099, 
                    270.87478559176674
                ], 
                [
                    569.7427101200686, 
                    279.10806174957116
                ], 
                [
                    569.7427101200686, 
                    289.811320754717
                ], 
                [
                    577.1526586620926, 
                    305.45454545454544
                ], 
                [
                    602.6758147512865, 
                    335.9176672384219
                ], 
                [
                    638.902229845626, 
                    370.4974271012007
                ], 
                [
                    690.7718696397942, 
                    419.07375643224697
                ], 
                [
                    742.6415094339623, 
                    463.5334476843911
                ], 
                [
                    754.991423670669, 
                    476.70668953687823
                ], 
                [
                    752.5214408233276, 
                    476.70668953687823
                ], 
                [
                    745.1114922813036, 
                    473.4133790737564
                ], 
                [
                    720.4116638078902, 
                    465.180102915952
                ], 
                [
                    695.7118353344769, 
                    457.77015437392794
                ], 
                [
                    668.5420240137221, 
                    451.1835334476844
                ], 
                [
                    638.902229845626, 
                    448.71355060034307
                ], 
                [
                    596.0891938250429, 
                    440.4802744425386
                ], 
                [
                    550.8061749571184, 
                    438.01029159519726
                ], 
                [
                    505.52315608919383, 
                    435.54030874785593
                ], 
                [
                    450.36020583190395, 
                    432.2469982847341
                ], 
                [
                    403.4305317324185, 
                    433.07032590051455
                ], 
                [
                    355.67753001715266, 
                    433.89365351629505
                ], 
                [
                    311.2178387650086, 
                    438.01029159519726
                ]
            ], 
            "user": "daid", 
            "verified": 0
        }, 
        {
            "date": "10-Apr-2018 00:10:28", 
            "deleted": 0, 
            "draw": true, 
            "id": 1, 
            "label": "road", 
            "polygon": [
                [
                    283.22469982847343, 
                    433.89365351629505
                ], 
                [
                    255.23156089193824, 
                    450.36020583190395
                ], 
                [
                    217.35849056603774, 
                    464.35677530017153
                ], 
                [
                    195.95197255574612, 
                    471.7667238421955
                ], 
                [
                    182.77873070325901, 
                    479.0
                ], 
                [
                    0.0, 
                    479.0
                ], 
                [
                    0.0, 
                    377.0840480274442
                ], 
                [
                    0.0, 
                    337.56432246998287
                ], 
                [
                    31.286449399656945, 
                    321.92109777015435
                ], 
                [
                    66.68953687821612, 
                    307.1012006861063
                ], 
                [
                    0.823327615780446, 
                    337.56432246998287
                ], 
                [
                    0.0, 
                    274.1680960548885
                ], 
                [
                    95.50600343053173, 
                    266.75814751286447
                ], 
                [
                    106.20926243567753, 
                    263.4648370497427
                ], 
                [
                    130.08576329331046, 
                    260.1715265866209
                ], 
                [
                    143.2590051457976, 
                    260.1715265866209
                ], 
                [
                    144.9056603773585, 
                    267.5814751286449
                ], 
                [
                    146.55231560891937, 
                    274.99142367066895
                ], 
                [
                    148.19897084048029, 
                    284.0480274442539
                ], 
                [
                    153.13893653516294, 
                    286.5180102915952
                ], 
                [
                    158.07890222984562, 
                    287.34133790737565
                ], 
                [
                    159.7255574614065, 
                    296.39794168096057
                ], 
                [
                    177.83876500857633, 
                    296.39794168096057
                ], 
                [
                    203.36192109777016, 
                    293.10463121783874
                ], 
                [
                    216.53516295025727, 
                    292.2813036020583
                ], 
                [
                    220.65180102915951, 
                    296.39794168096057
                ], 
                [
                    233.0017152658662, 
                    292.2813036020583
                ], 
                [
                    245.3516295025729, 
                    288.98799313893653
                ], 
                [
                    248.64493996569468, 
                    283.22469982847343
                ], 
                [
                    279.9313893653516, 
                    277.4614065180103
                ], 
                [
                    285.69468267581476, 
                    278.2847341337907
                ], 
                [
                    293.9279588336192, 
                    279.9313893653516
                ], 
                [
                    306.2778730703259, 
                    278.2847341337907
                ], 
                [
                    313.6878216123499, 
                    261.8181818181818
                ], 
                [
                    316.15780445969125, 
                    251.11492281303603
                ], 
                [
                    347.4442538593482, 
                    249.46826758147512
                ], 
                [
                    440.4802744425386, 
                    237.9416809605489
                ], 
                [
                    477.5300171526587, 
                    233.82504288164665
                ], 
                [
                    482.4699828473413, 
                    233.82504288164665
                ], 
                [
                    483.29331046312177, 
                    237.9416809605489
                ], 
                [
                    483.29331046312177, 
                    241.23499142367066
                ], 
                [
                    483.29331046312177, 
                    242.88164665523155
                ], 
                [
                    485.7632933104631, 
                    245.3516295025729
                ], 
                [
                    486.58662092624354, 
                    249.46826758147512
                ], 
                [
                    488.2332761578044, 
                    257.7015437392796
                ], 
                [
                    485.7632933104631, 
                    260.1715265866209
                ], 
                [
                    484.1166380789022, 
                    261.8181818181818
                ], 
                [
                    463.5334476843911, 
                    274.1680960548885
                ], 
                [
                    454.47684391080617, 
                    309.5711835334477
                ], 
                [
                    414.95711835334475, 
                    373.79073756432246
                ], 
                [
                    332.62435677530016, 
                    421.54373927958835
                ], 
                [
                    309.5711835334477, 
                    433.89365351629505
                ]
            ], 
            "user": "daid", 
            "verified": 0
        }, 
        {
            "date": "10-Apr-2018 00:10:53", 
            "deleted": 0, 
            "draw": true, 
            "id": 2, 
            "label": "person", 
            "polygon": [
                [
                    489.87993138936537, 
                    262.64150943396226
                ], 
                [
                    495.64322469982847, 
                    261.8181818181818
                ], 
                [
                    495.64322469982847, 
                    252.76157804459692
                ], 
                [
                    498.1132075471698, 
                    246.9982847341338
                ], 
                [
                    498.1132075471698, 
                    240.41166380789022
                ], 
                [
                    498.1132075471698, 
                    229.7084048027444
                ], 
                [
                    495.64322469982847, 
                    223.12178387650084
                ], 
                [
                    489.0566037735849, 
                    219.82847341337907
                ], 
                [
                    484.93996569468266, 
                    220.65180102915951
                ], 
                [
                    484.1166380789022, 
                    221.47512864493996
                ], 
                [
                    484.1166380789022, 
                    227.23842195540308
                ], 
                [
                    484.1166380789022, 
                    233.0017152658662
                ], 
                [
                    484.1166380789022, 
                    237.11835334476842
                ], 
                [
                    485.7632933104631, 
                    246.17495711835335
                ], 
                [
                    489.87993138936537, 
                    251.93825042881647
                ], 
                [
                    489.87993138936537, 
                    256.87821612349916
                ]
            ], 
            "user": "daid", 
            "verified": 0
        }, 
        {
            "date": "10-Apr-2018 00:11:15", 
            "deleted": 0, 
            "draw": true, 
            "id": 3, 
            "label": "car", 
            "polygon": [
                [
                    503.0531732418525, 
                    235.47169811320754
                ], 
                [
                    519.5197255574614, 
                    234.6483704974271
                ], 
                [
                    535.9862778730703, 
                    233.82504288164665
                ], 
                [
                    543.3962264150944, 
                    233.82504288164665
                ], 
                [
                    549.9828473413379, 
                    228.88507718696397
                ], 
                [
                    551.6295025728988, 
                    218.1818181818182
                ], 
                [
                    545.8662092624356, 
                    213.2418524871355
                ], 
                [
                    538.4562607204117, 
                    213.2418524871355
                ], 
                [
                    521.9897084048027, 
                    214.06518010291595
                ], 
                [
                    510.4631217838765, 
                    214.06518010291595
                ], 
                [
                    494.819897084048, 
                    214.06518010291595
                ], 
                [
                    485.7632933104631, 
                    216.53516295025727
                ], 
                [
                    484.93996569468266, 
                    219.82847341337907
                ], 
                [
                    491.52658662092625, 
                    221.47512864493996
                ], 
                [
                    498.1132075471698, 
                    228.06174957118353
                ]
            ], 
            "user": "daid", 
            "verified": 0
        }, 
        {
            "date": "10-Apr-2018 00:11:55", 
            "deleted": 0, 
            "draw": true, 
            "id": 4, 
            "label": "car", 
            "polygon": [
                [
                    225.5917667238422, 
                    293.9279588336192
                ], 
                [
                    239.58833619210978, 
                    291.45797598627786
                ], 
                [
                    244.52830188679246, 
                    278.2847341337907
                ], 
                [
                    275.8147512864494, 
                    273.34476843910807
                ], 
                [
                    287.34133790737565, 
                    271.6981132075472
                ], 
                [
                    290.6346483704974, 
                    276.63807890222984
                ], 
                [
                    297.221269296741, 
                    279.10806174957116
                ], 
                [
                    302.9845626072041, 
                    278.2847341337907
                ], 
                [
                    307.92452830188677, 
                    274.1680960548885
                ], 
                [
                    308.7478559176672, 
                    267.5814751286449
                ], 
                [
                    311.2178387650086, 
                    263.4648370497427
                ], 
                [
                    311.2178387650086, 
                    251.11492281303603
                ], 
                [
                    312.8644939965695, 
                    240.41166380789022
                ], 
                [
                    306.2778730703259, 
                    233.82504288164665
                ], 
                [
                    292.2813036020583, 
                    223.12178387650084
                ], 
                [
                    274.99142367066895, 
                    220.65180102915951
                ], 
                [
                    256.87821612349916, 
                    219.82847341337907
                ], 
                [
                    232.17838765008577, 
                    223.12178387650084
                ], 
                [
                    214.06518010291595, 
                    228.88507718696397
                ], 
                [
                    205.8319039451115, 
                    233.82504288164665
                ], 
                [
                    196.7753001715266, 
                    240.41166380789022
                ], 
                [
                    189.36535162950258, 
                    242.88164665523155
                ], 
                [
                    170.42881646655232, 
                    248.64493996569468
                ], 
                [
                    153.96226415094338, 
                    252.76157804459692
                ], 
                [
                    146.55231560891937, 
                    255.23156089193824
                ], 
                [
                    149.84562607204117, 
                    266.75814751286447
                ], 
                [
                    152.3156089193825, 
                    274.99142367066895
                ], 
                [
                    158.07890222984562, 
                    281.5780445969125
                ], 
                [
                    162.19554030874787, 
                    290.6346483704974
                ], 
                [
                    169.60548885077188, 
                    290.6346483704974
                ], 
                [
                    181.1320754716981, 
                    294.75128644939963
                ], 
                [
                    194.30531732418524, 
                    293.9279588336192
                ], 
                [
                    215.71183533447683, 
                    292.2813036020583
                ]
            ], 
            "user": "daid", 
            "verified": 0
        }, 
        {
            "date": "10-Apr-2018 00:12:16", 
            "deleted": 0, 
            "draw": true, 
            "id": 5, 
            "label": "car", 
            "polygon": [
                [
                    97.15265866209262, 
                    254.4082332761578
                ], 
                [
                    97.97598627787306, 
                    260.1715265866209
                ], 
                [
                    101.26929674099485, 
                    264.28816466552314
                ], 
                [
                    113.61921097770154, 
                    264.28816466552314
                ], 
                [
                    130.9090909090909, 
                    262.64150943396226
                ], 
                [
                    141.61234991423672, 
                    261.8181818181818
                ], 
                [
                    145.72898799313893, 
                    259.3481989708405
                ], 
                [
                    149.02229845626073, 
                    255.23156089193824
                ], 
                [
                    155.6089193825043, 
                    254.4082332761578
                ], 
                [
                    160.54888507718695, 
                    253.58490566037736
                ], 
                [
                    159.7255574614065, 
                    247.82161234991423
                ], 
                [
                    151.49228130360206, 
                    242.88164665523155
                ], 
                [
                    141.61234991423672, 
                    242.88164665523155
                ], 
                [
                    129.26243567753002, 
                    242.88164665523155
                ], 
                [
                    121.852487135506, 
                    244.52830188679246
                ], 
                [
                    115.26586620926244, 
                    249.46826758147512
                ], 
                [
                    104.56260720411663, 
                    251.11492281303603
                ]
            ], 
            "user": "daid", 
            "verified": 0
        }, 
        {
            "date": "10-Apr-2018 00:12:49", 
            "deleted": 0, 
            "draw": true, 
            "id": 6, 
            "label": "traffic sign", 
            "polygon": [
                [
                    577.1526586620926, 
                    157.25557461406518
                ], 
                [
                    601.852487135506, 
                    157.25557461406518
                ], 
                [
                    600.2058319039451, 
                    193.4819897084048
                ], 
                [
                    578.7993138936536, 
                    194.30531732418524
                ], 
                [
                    576.3293310463122, 
                    164.6655231560892
                ]
            ], 
            "user": "daid", 
            "verified": 0
        }, 
        {
            "date": "10-Apr-2018 00:13:07", 
            "deleted": 0, 
            "draw": true, 
            "id": 7, 
            "label": "pole", 
            "polygon": [
                [
                    662.778730703259, 
                    252.76157804459692
                ], 
                [
                    675.9519725557461, 
                    253.58490566037736
                ], 
                [
                    671.0120068610635, 
                    119.38250428816467
                ], 
                [
                    658.6620926243568, 
                    117.73584905660377
                ], 
                [
                    660.3087478559177, 
                    234.6483704974271
                ], 
                [
                    660.3087478559177, 
                    249.46826758147512
                ]
            ], 
            "user": "daid", 
            "verified": 0
        }, 
        {
            "date": "10-Apr-2018 00:13:50", 
            "deleted": 0, 
            "draw": true, 
            "id": 8, 
            "label": "building", 
            "polygon": [
                [
                    484.93996569468266, 
                    32.93310463121784
                ], 
                [
                    471.7667238421955, 
                    58.45626072041166
                ], 
                [
                    457.77015437392794, 
                    71.6295025728988
                ], 
                [
                    454.47684391080617, 
                    81.50943396226415
                ], 
                [
                    455.3001715265866, 
                    88.91938250428817
                ], 
                [
                    401.7838765008576, 
                    96.32933104631218
                ], 
                [
                    379.5540308747856, 
                    99.62264150943396
                ], 
                [
                    323.5677530017153, 
                    101.26929674099485
                ], 
                [
                    259.3481989708405, 
                    101.26929674099485
                ], 
                [
                    231.35506003430532, 
                    101.26929674099485
                ], 
                [
                    243.704974271012, 
                    144.08233276157804
                ], 
                [
                    259.3481989708405, 
                    153.96226415094338
                ], 
                [
                    286.5180102915952, 
                    162.19554030874787
                ], 
                [
                    288.98799313893653, 
                    197.59862778730704
                ], 
                [
                    296.39794168096057, 
                    212.41852487135506
                ], 
                [
                    344.97427101200685, 
                    212.41852487135506
                ], 
                [
                    377.0840480274442, 
                    212.41852487135506
                ], 
                [
                    409.19382504288166, 
                    211.59519725557462
                ], 
                [
                    442.1269296740995, 
                    216.53516295025727
                ], 
                [
                    466.0034305317324, 
                    214.06518010291595
                ], 
                [
                    510.4631217838765, 
                    206.65523156089193
                ], 
                [
                    549.1595197255574, 
                    205.00857632933105
                ], 
                [
                    539.2795883361921, 
                    166.31217838765008
                ], 
                [
                    538.4562607204117, 
                    111.97255574614066
                ], 
                [
                    536.8096054888508, 
                    69.9828473413379
                ], 
                [
                    529.3996569468268, 
                    47.75300171526587
                ], 
                [
                    512.1097770154374, 
                    35.40308747855918
                ], 
                [
                    504.6998284734134, 
                    26.346483704974272
                ], 
                [
                    502.22984562607206, 
                    13.173241852487136
                ], 
                [
                    494.819897084048, 
                    6.586620926243568
                ], 
                [
                    493.9965694682676, 
                    9.056603773584905
                ], 
                [
                    492.3499142367067, 
                    15.643224699828473
                ], 
                [
                    489.0566037735849, 
                    24.69982847341338
                ]
            ], 
            "user": "daid", 
            "verified": 0
        }
    ]
}