{
    "imgHeight": 1080, 
    "imgWidth": 1920, 
    "objects": [
        {
            "date": "15-Nov-2018 17:21:27", 
            "deleted": 0, 
            "draw": true, 
            "id": 0, 
            "label": "car", 
            "polygon": [
                [
                    1193.7823834196893, 
                    749.8445595854922
                ], 
                [
                    1264.6632124352332, 
                    753.5751295336788
                ], 
                [
                    1273.9896373056995, 
                    742.3834196891193
                ], 
                [
                    1283.3160621761658, 
                    718.1347150259068
                ], 
                [
                    1277.720207253886, 
                    695.7512953367876
                ], 
                [
                    1272.1243523316064, 
                    680.8290155440415
                ], 
                [
                    1262.79792746114, 
                    671.5025906735751
                ], 
                [
                    1204.9740932642487, 
                    667.7720207253886
                ], 
                [
                    1190.0518134715026, 
                    697.6165803108809
                ], 
                [
                    1190.0518134715026, 
                    733.0569948186529
                ]
            ], 
            "user": "daid", 
            "verified": 0
        }, 
        {
            "date": "15-Nov-2018 17:22:25", 
            "deleted": 0, 
            "draw": true, 
            "id": 1, 
            "label": "road", 
            "polygon": [
                [
                    0.0, 
                    839.378238341969
                ], 
                [
                    184.66321243523316, 
                    805.8031088082902
                ], 
                [
                    289.119170984456, 
                    790.8808290155441
                ], 
                [
                    384.24870466321244, 
                    777.8238341968912
                ], 
                [
                    453.2642487046632, 
                    764.7668393782384
                ], 
                [
                    507.3575129533679, 
                    753.5751295336788
                ], 
                [
                    580.1036269430052, 
                    747.979274611399
                ], 
                [
                    617.4093264248705, 
                    740.5181347150259
                ], 
                [
                    677.098445595855, 
                    729.3264248704663
                ], 
                [
                    712.5388601036269, 
                    723.7305699481866
                ], 
                [
                    744.2487046632125, 
                    721.8652849740932
                ], 
                [
                    772.2279792746115, 
                    720.0
                ], 
                [
                    794.6113989637306, 
                    720.0
                ], 
                [
                    811.39896373057, 
                    718.1347150259068
                ], 
                [
                    843.1088082901555, 
                    720.0
                ], 
                [
                    884.1450777202073, 
                    720.0
                ], 
                [
                    908.3937823834198, 
                    725.5958549222798
                ], 
                [
                    943.8341968911917, 
                    729.3264248704663
                ], 
                [
                    990.4663212435233, 
                    753.5751295336788
                ], 
                [
                    1040.8290155440416, 
                    792.7461139896374
                ], 
                [
                    1106.1139896373056, 
                    850.5699481865286
                ], 
                [
                    1190.0518134715026, 
                    928.9119170984457
                ], 
                [
                    1283.3160621761658, 
                    1018.4455958549223
                ], 
                [
                    1348.60103626943, 
                    1079.0
                ], 
                [
                    0.0, 
                    1079.0
                ]
            ], 
            "user": "daid", 
            "verified": 0
        }, 
        {
            "date": "15-Nov-2018 17:23:11", 
            "deleted": 0, 
            "draw": true, 
            "id": 2, 
            "label": "sidewalk", 
            "polygon": [
                [
                    940.1036269430052, 
                    727.4611398963731
                ], 
                [
                    975.5440414507773, 
                    727.4611398963731
                ], 
                [
                    1005.3886010362695, 
                    736.7875647668394
                ], 
                [
                    1037.0984455958549, 
                    736.7875647668394
                ], 
                [
                    1068.8082901554405, 
                    744.2487046632125
                ], 
                [
                    1102.3834196891191, 
                    746.1139896373057
                ], 
                [
                    1126.6321243523316, 
                    755.4404145077721
                ], 
                [
                    1158.341968911917, 
                    755.4404145077721
                ], 
                [
                    1188.1865284974094, 
                    766.6321243523316
                ], 
                [
                    1229.2227979274612, 
                    770.3626943005181
                ], 
                [
                    1268.3937823834196, 
                    774.0932642487047
                ], 
                [
                    1352.3316062176166, 
                    777.8238341968912
                ], 
                [
                    1391.5025906735752, 
                    789.0155440414508
                ], 
                [
                    1406.4248704663212, 
                    992.3316062176166
                ], 
                [
                    1432.538860103627, 
                    1024.041450777202
                ], 
                [
                    1432.538860103627, 
                    1070.6735751295337
                ], 
                [
                    1382.176165803109, 
                    1079.0
                ], 
                [
                    1277.720207253886, 
                    969.9481865284974
                ], 
                [
                    1128.497409326425, 
                    835.6476683937824
                ], 
                [
                    1065.0777202072538, 
                    794.6113989637306
                ], 
                [
                    994.1968911917098, 
                    755.4404145077721
                ]
            ], 
            "user": "daid", 
            "verified": 0
        }, 
        {
            "date": "15-Nov-2018 17:23:38", 
            "deleted": 0, 
            "draw": true, 
            "id": 3, 
            "label": "building", 
            "polygon": [
                [
                    1592.9533678756477, 
                    1065.0777202072538
                ], 
                [
                    1516.476683937824, 
                    3.7305699481865284
                ], 
                [
                    1919.0, 
                    0.0
                ], 
                [
                    1919.0, 
                    1079.0
                ], 
                [
                    1591.0880829015543, 
                    1079.0
                ], 
                [
                    1591.0880829015543, 
                    1061.3471502590673
                ]
            ], 
            "user": "daid", 
            "verified": 0
        }, 
        {
            "date": "15-Nov-2018 17:24:16", 
            "deleted": 0, 
            "draw": true, 
            "id": 4, 
            "label": "sidewalk", 
            "polygon": [
                [
                    7.461139896373057, 
                    807.6683937823834
                ], 
                [
                    113.78238341968913, 
                    789.0155440414508
                ], 
                [
                    166.0103626943005, 
                    775.958549222798
                ], 
                [
                    220.1036269430052, 
                    787.1502590673575
                ], 
                [
                    270.46632124352334, 
                    774.0932642487047
                ], 
                [
                    386.11398963730574, 
                    761.0362694300518
                ], 
                [
                    455.1295336787565, 
                    753.5751295336788
                ], 
                [
                    460.7253886010363, 
                    761.0362694300518
                ], 
                [
                    3.7305699481865284, 
                    833.7823834196892
                ]
            ], 
            "user": "daid", 
            "verified": 0
        }, 
        {
            "date": "15-Nov-2018 17:25:15", 
            "deleted": 0, 
            "draw": true, 
            "id": 5, 
            "label": "building", 
            "polygon": [
                [
                    5.595854922279793, 
                    792.7461139896374
                ], 
                [
                    139.89637305699483, 
                    772.2279792746115
                ], 
                [
                    220.1036269430052, 
                    783.419689119171
                ], 
                [
                    298.4455958549223, 
                    764.7668393782384
                ], 
                [
                    387.979274611399, 
                    753.5751295336788
                ], 
                [
                    429.01554404145077, 
                    755.4404145077721
                ], 
                [
                    484.9740932642487, 
                    747.979274611399
                ], 
                [
                    557.720207253886, 
                    738.6528497409327
                ], 
                [
                    606.2176165803108, 
                    734.9222797927462
                ], 
                [
                    669.6373056994819, 
                    721.8652849740932
                ], 
                [
                    697.6165803108809, 
                    718.1347150259068
                ], 
                [
                    692.020725388601, 
                    714.4041450777203
                ], 
                [
                    695.7512953367876, 
                    591.2953367875648
                ], 
                [
                    660.3108808290156, 
                    567.0466321243523
                ], 
                [
                    649.119170984456, 
                    512.9533678756477
                ], 
                [
                    649.119170984456, 
                    408.4974093264249
                ], 
                [
                    649.119170984456, 
                    373.05699481865287
                ], 
                [
                    645.3886010362695, 
                    337.61658031088086
                ], 
                [
                    593.160621761658, 
                    294.7150259067358
                ], 
                [
                    559.5854922279793, 
                    261.139896373057
                ], 
                [
                    526.0103626943005, 
                    223.8341968911917
                ], 
                [
                    492.4352331606218, 
                    171.60621761658032
                ], 
                [
                    464.4559585492228, 
                    151.0880829015544
                ], 
                [
                    442.07253886010363, 
                    126.83937823834198
                ], 
                [
                    361.8652849740933, 
                    100.72538860103627
                ], 
                [
                    361.8652849740933, 
                    100.72538860103627
                ], 
                [
                    318.9637305699482, 
                    91.39896373056995
                ], 
                [
                    257.40932642487047, 
                    65.28497409326425
                ], 
                [
                    225.69948186528498, 
                    29.844559585492227
                ], 
                [
                    192.12435233160622, 
                    7.461139896373057
                ], 
                [
                    182.7979274611399, 
                    3.7305699481865284
                ], 
                [
                    5.595854922279793, 
                    1.8652849740932642
                ]
            ], 
            "user": "daid", 
            "verified": 0
        }, 
        {
            "date": "15-Nov-2018 17:25:52", 
            "deleted": 0, 
            "draw": true, 
            "id": 6, 
            "label": "building", 
            "polygon": [
                [
                    977.4093264248705, 
                    727.4611398963731
                ], 
                [
                    975.5440414507773, 
                    684.559585492228
                ], 
                [
                    979.2746113989638, 
                    630.4663212435233
                ], 
                [
                    977.4093264248705, 
                    580.1036269430052
                ], 
                [
                    977.4093264248705, 
                    512.9533678756477
                ], 
                [
                    979.2746113989638, 
                    456.99481865284974
                ], 
                [
                    979.2746113989638, 
                    423.419689119171
                ], 
                [
                    984.8704663212436, 
                    404.76683937823833
                ], 
                [
                    1035.2331606217617, 
                    395.44041450777206
                ], 
                [
                    1070.6735751295337, 
                    414.09326424870466
                ], 
                [
                    1070.6735751295337, 
                    389.8445595854922
                ], 
                [
                    1080.0, 
                    740.5181347150259
                ], 
                [
                    1048.2901554404145, 
                    740.5181347150259
                ], 
                [
                    1025.9067357512954, 
                    736.7875647668394
                ], 
                [
                    1005.3886010362695, 
                    736.7875647668394
                ]
            ], 
            "user": "daid", 
            "verified": 0
        }
    ]
}