{
    "imgHeight": 1080, 
    "imgWidth": 1920, 
    "objects": [
        {
            "date": "15-Nov-2018 16:26:08", 
            "deleted": 0, 
            "draw": true, 
            "id": 0, 
            "label": "car", 
            "polygon": [
                [
                    1100.518134715026, 
                    789.0155440414508
                ], 
                [
                    1117.3056994818653, 
                    789.0155440414508
                ], 
                [
                    1117.3056994818653, 
                    783.419689119171
                ], 
                [
                    1173.2642487046633, 
                    787.1502590673575
                ], 
                [
                    1178.860103626943, 
                    796.4766839378239
                ], 
                [
                    1190.0518134715026, 
                    794.6113989637306
                ], 
                [
                    1197.5129533678758, 
                    774.0932642487047
                ], 
                [
                    1195.6476683937824, 
                    738.6528497409327
                ], 
                [
                    1176.9948186528497, 
                    712.5388601036269
                ], 
                [
                    1113.5751295336788, 
                    705.077720207254
                ], 
                [
                    1098.6528497409327, 
                    727.4611398963731
                ], 
                [
                    1089.3264248704663, 
                    727.4611398963731
                ], 
                [
                    1087.4611398963732, 
                    751.7098445595855
                ], 
                [
                    1085.5958549222798, 
                    766.6321243523316
                ]
            ], 
            "user": "daid", 
            "verified": 0
        }, 
        {
            "date": "15-Nov-2018 16:26:23", 
            "deleted": 0, 
            "draw": true, 
            "id": 1, 
            "label": "car", 
            "polygon": [
                [
                    1044.559585492228, 
                    742.3834196891193
                ], 
                [
                    1081.8652849740934, 
                    744.2487046632125
                ], 
                [
                    1085.5958549222798, 
                    718.1347150259068
                ], 
                [
                    1083.7305699481865, 
                    710.6735751295337
                ], 
                [
                    1078.1347150259069, 
                    706.9430051813472
                ], 
                [
                    1061.3471502590673, 
                    703.2124352331606
                ], 
                [
                    1052.020725388601, 
                    703.2124352331606
                ], 
                [
                    1040.8290155440416, 
                    723.7305699481866
                ]
            ], 
            "user": "daid", 
            "verified": 0
        }, 
        {
            "date": "15-Nov-2018 16:26:47", 
            "deleted": 0, 
            "draw": true, 
            "id": 2, 
            "label": "car", 
            "polygon": [
                [
                    647.2538860103627, 
                    755.4404145077721
                ], 
                [
                    660.3108808290156, 
                    740.5181347150259
                ], 
                [
                    673.3678756476684, 
                    742.3834196891193
                ], 
                [
                    695.7512953367876, 
                    744.2487046632125
                ], 
                [
                    695.7512953367876, 
                    751.7098445595855
                ], 
                [
                    720.0, 
                    755.4404145077721
                ], 
                [
                    742.3834196891193, 
                    729.3264248704663
                ], 
                [
                    731.1917098445596, 
                    708.8082901554404
                ], 
                [
                    723.7305699481866, 
                    697.6165803108809
                ], 
                [
                    682.6943005181347, 
                    693.8860103626944
                ], 
                [
                    662.1761658031088, 
                    699.4818652849741
                ], 
                [
                    656.5803108808291, 
                    706.9430051813472
                ], 
                [
                    645.3886010362695, 
                    708.8082901554404
                ], 
                [
                    636.0621761658032, 
                    720.0
                ], 
                [
                    634.1968911917098, 
                    736.7875647668394
                ], 
                [
                    645.3886010362695, 
                    736.7875647668394
                ]
            ], 
            "user": "daid", 
            "verified": 0
        }, 
        {
            "date": "15-Nov-2018 16:27:05", 
            "deleted": 0, 
            "draw": true, 
            "id": 3, 
            "label": "train", 
            "polygon": [
                [
                    887.8756476683939, 
                    716.2694300518135
                ], 
                [
                    908.3937823834198, 
                    716.2694300518135
                ], 
                [
                    910.259067357513, 
                    690.1554404145078
                ], 
                [
                    895.3367875647668, 
                    682.6943005181347
                ], 
                [
                    882.279792746114, 
                    690.1554404145078
                ]
            ], 
            "user": "daid", 
            "verified": 0
        }, 
        {
            "date": "15-Nov-2018 16:27:52", 
            "deleted": 0, 
            "draw": true, 
            "id": 4, 
            "label": "road", 
            "polygon": [
                [
                    997.9274611398964, 
                    729.3264248704663
                ], 
                [
                    1038.9637305699482, 
                    729.3264248704663
                ], 
                [
                    1038.9637305699482, 
                    742.3834196891193
                ], 
                [
                    1083.7305699481865, 
                    742.3834196891193
                ], 
                [
                    1083.7305699481865, 
                    774.0932642487047
                ], 
                [
                    1113.5751295336788, 
                    794.6113989637306
                ], 
                [
                    1180.7253886010362, 
                    798.3419689119171
                ], 
                [
                    1193.7823834196893, 
                    781.5544041450778
                ], 
                [
                    1199.3782383419689, 
                    777.8238341968912
                ], 
                [
                    1915.6476683937824, 
                    1042.6943005181347
                ], 
                [
                    1917.5129533678758, 
                    1076.2694300518135
                ], 
                [
                    598.7564766839379, 
                    1079.0
                ], 
                [
                    822.5906735751296, 
                    865.4922279792746
                ], 
                [
                    910.259067357513, 
                    785.2849740932643
                ], 
                [
                    973.6787564766839, 
                    734.9222797927462
                ]
            ], 
            "user": "daid", 
            "verified": 0
        }, 
        {
            "date": "15-Nov-2018 16:28:34", 
            "deleted": 0, 
            "draw": true, 
            "id": 5, 
            "label": "sidewalk", 
            "polygon": [
                [
                    1203.1088082901554, 
                    738.6528497409327
                ], 
                [
                    1225.4922279792747, 
                    738.6528497409327
                ], 
                [
                    1240.4145077720207, 
                    744.2487046632125
                ], 
                [
                    1264.6632124352332, 
                    747.979274611399
                ], 
                [
                    1292.6424870466321, 
                    749.8445595854922
                ], 
                [
                    1400.8290155440416, 
                    766.6321243523316
                ], 
                [
                    1516.476683937824, 
                    783.419689119171
                ], 
                [
                    1606.0103626943005, 
                    794.6113989637306
                ], 
                [
                    1635.8549222797928, 
                    798.3419689119171
                ], 
                [
                    1637.720207253886, 
                    809.5336787564767
                ], 
                [
                    1656.3730569948186, 
                    822.5906735751296
                ], 
                [
                    1673.1606217616581, 
                    813.2642487046633
                ], 
                [
                    1727.2538860103627, 
                    830.0518134715027
                ], 
                [
                    1848.497409326425, 
                    846.839378238342
                ], 
                [
                    1919.0, 
                    852.4352331606218
                ], 
                [
                    1919.0, 
                    1048.2901554404145
                ], 
                [
                    1201.2435233160622, 
                    775.958549222798
                ]
            ], 
            "user": "daid", 
            "verified": 0
        }, 
        {
            "date": "15-Nov-2018 16:29:03", 
            "deleted": 0, 
            "draw": true, 
            "id": 6, 
            "label": "road", 
            "polygon": [
                [
                    3.7305699481865284, 
                    800.2072538860103
                ], 
                [
                    382.3834196891192, 
                    762.9015544041451
                ], 
                [
                    555.8549222797927, 
                    747.979274611399
                ], 
                [
                    639.7927461139897, 
                    740.5181347150259
                ], 
                [
                    647.2538860103627, 
                    757.3056994818653
                ], 
                [
                    664.041450777202, 
                    746.1139896373057
                ], 
                [
                    693.8860103626944, 
                    747.979274611399
                ], 
                [
                    693.8860103626944, 
                    757.3056994818653
                ], 
                [
                    1.8652849740932642, 
                    872.9533678756477
                ]
            ], 
            "user": "daid", 
            "verified": 0
        }, 
        {
            "date": "15-Nov-2018 16:29:40", 
            "deleted": 0, 
            "draw": true, 
            "id": 7, 
            "label": "pole", 
            "polygon": [
                [
                    1398.9637305699482, 
                    766.6321243523316
                ], 
                [
                    1382.176165803109, 
                    425.2849740932643
                ], 
                [
                    1387.7720207253888, 
                    421.55440414507774
                ], 
                [
                    1410.155440414508, 
                    764.7668393782384
                ]
            ], 
            "user": "daid", 
            "verified": 0
        }, 
        {
            "date": "15-Nov-2018 16:29:53", 
            "deleted": 0, 
            "draw": true, 
            "id": 8, 
            "label": "pole", 
            "polygon": [
                [
                    1231.0880829015543, 
                    740.5181347150259
                ], 
                [
                    1229.2227979274612, 
                    578.238341968912
                ], 
                [
                    1238.5492227979275, 
                    740.5181347150259
                ]
            ], 
            "user": "daid", 
            "verified": 0
        }, 
        {
            "date": "15-Nov-2018 19:20:04", 
            "deleted": 0, 
            "draw": true, 
            "id": 9, 
            "label": "rail track", 
            "polygon": [
                [
                    893.4715025906736, 
                    725.5958549222798
                ], 
                [
                    962.4870466321244, 
                    729.3264248704663
                ], 
                [
                    966.217616580311, 
                    733.0569948186529
                ], 
                [
                    968.0829015544042, 
                    740.5181347150259
                ], 
                [
                    930.7772020725389, 
                    768.4974093264249
                ], 
                [
                    865.4922279792746, 
                    828.1865284974093
                ], 
                [
                    792.7461139896374, 
                    897.2020725388601
                ], 
                [
                    720.0, 
                    964.3523316062176
                ], 
                [
                    600.6217616580311, 
                    1078.1347150259069
                ], 
                [
                    0.0, 
                    1079.0
                ], 
                [
                    0.0, 
                    878.5492227979275
                ], 
                [
                    596.8911917098446, 
                    774.0932642487047
                ], 
                [
                    695.7512953367876, 
                    759.1709844559585
                ], 
                [
                    727.4611398963731, 
                    757.3056994818653
                ], 
                [
                    746.1139896373057, 
                    736.7875647668394
                ], 
                [
                    800.2072538860103, 
                    731.1917098445596
                ], 
                [
                    859.8963730569949, 
                    731.1917098445596
                ]
            ], 
            "user": "daid", 
            "verified": 0
        }, 
        {
            "date": "15-Nov-2018 20:17:09", 
            "deleted": 0, 
            "draw": true, 
            "id": 10, 
            "label": "sidewalk", 
            "polygon": [
                [
                    5.595854922279793, 
                    757.3056994818653
                ], 
                [
                    192.12435233160622, 
                    747.979274611399
                ], 
                [
                    382.3834196891192, 
                    740.5181347150259
                ], 
                [
                    509.22279792746116, 
                    733.0569948186529
                ], 
                [
                    587.5647668393783, 
                    731.1917098445596
                ], 
                [
                    630.4663212435233, 
                    729.3264248704663
                ], 
                [
                    632.3316062176166, 
                    740.5181347150259
                ], 
                [
                    0.0, 
                    800.2072538860103
                ]
            ], 
            "user": "daid", 
            "verified": 0
        }, 
        {
            "date": "15-Nov-2018 20:17:41", 
            "deleted": 0, 
            "draw": true, 
            "id": 11, 
            "label": "building", 
            "polygon": [
                [
                    813.2642487046633, 
                    393.57512953367876
                ], 
                [
                    1132.2279792746115, 
                    445.8031088082902
                ], 
                [
                    1150.8808290155441, 
                    447.6683937823834
                ], 
                [
                    1152.7461139896373, 
                    567.0466321243523
                ], 
                [
                    1070.6735751295337, 
                    570.7772020725389
                ], 
                [
                    990.4663212435233, 
                    576.3730569948186
                ], 
                [
                    992.3316062176166, 
                    550.259067357513
                ], 
                [
                    938.238341968912, 
                    548.3937823834198
                ], 
                [
                    936.3730569948187, 
                    572.6424870466321
                ], 
                [
                    863.6269430051814, 
                    565.1813471502591
                ], 
                [
                    800.2072538860103, 
                    567.0466321243523
                ], 
                [
                    811.39896373057, 
                    397.3056994818653
                ], 
                [
                    811.39896373057, 
                    389.8445595854922
                ]
            ], 
            "user": "daid", 
            "verified": 0
        }
    ]
}