{
    "imgHeight": 480, 
    "imgWidth": 854, 
    "objects": [
        {
            "date": "09-Apr-2018 21:40:55", 
            "deleted": 0, 
            "draw": true, 
            "id": 0, 
            "label": "road", 
            "polygon": [
                [
                    128.43910806174958, 
                    479.0
                ], 
                [
                    206.65523156089193, 
                    428.1303602058319
                ], 
                [
                    264.28816466552314, 
                    386.14065180102915
                ], 
                [
                    329.3310463121784, 
                    336.74099485420237
                ], 
                [
                    368.02744425385936, 
                    306.2778730703259
                ], 
                [
                    389.4339622641509, 
                    280.75471698113205
                ], 
                [
                    386.9639794168096, 
                    272.5214408233276
                ], 
                [
                    386.9639794168096, 
                    254.4082332761578
                ], 
                [
                    399.3138936535163, 
                    253.58490566037736
                ], 
                [
                    405.9005145797599, 
                    251.93825042881647
                ], 
                [
                    407.54716981132077, 
                    267.5814751286449
                ], 
                [
                    410.84048027444254, 
                    270.0514579759863
                ], 
                [
                    413.31046312178387, 
                    270.87478559176674
                ], 
                [
                    413.31046312178387, 
                    289.811320754717
                ], 
                [
                    415.7804459691252, 
                    297.221269296741
                ], 
                [
                    427.30703259005145, 
                    298.8679245283019
                ], 
                [
                    429.7770154373928, 
                    293.10463121783874
                ], 
                [
                    471.7667238421955, 
                    292.2813036020583
                ], 
                [
                    475.06003430531734, 
                    295.57461406518007
                ], 
                [
                    482.4699828473413, 
                    297.221269296741
                ], 
                [
                    491.52658662092625, 
                    297.221269296741
                ], 
                [
                    491.52658662092625, 
                    286.5180102915952
                ], 
                [
                    493.17324185248714, 
                    271.6981132075472
                ], 
                [
                    522.8130360205832, 
                    283.22469982847343
                ], 
                [
                    565.6260720411664, 
                    303.80789022298455
                ], 
                [
                    614.2024013722126, 
                    329.3310463121784
                ], 
                [
                    669.3653516295026, 
                    364.7341337907376
                ], 
                [
                    740.9948542024014, 
                    410.84048027444254
                ], 
                [
                    853.0, 
                    478.3533447684391
                ], 
                [
                    752.5214408233276, 
                    479.0
                ], 
                [
                    728.6449399656947, 
                    470.12006861063463
                ], 
                [
                    695.7118353344769, 
                    457.77015437392794
                ], 
                [
                    660.3087478559177, 
                    449.5368782161235
                ], 
                [
                    633.138936535163, 
                    446.2435677530017
                ], 
                [
                    582.9159519725557, 
                    439.65694682675814
                ], 
                [
                    535.1629502572898, 
                    436.3636363636364
                ], 
                [
                    480.0, 
                    434.7169811320755
                ], 
                [
                    424.8370497427101, 
                    434.7169811320755
                ], 
                [
                    368.8507718696398, 
                    433.89365351629505
                ], 
                [
                    315.3344768439108, 
                    438.01029159519726
                ], 
                [
                    271.6981132075472, 
                    443.77358490566036
                ], 
                [
                    235.47169811320754, 
                    456.12349914236705
                ], 
                [
                    195.12864493996568, 
                    477.5300171526587
                ], 
                [
                    191.8353344768439, 
                    479.0
                ]
            ], 
            "user": "daid", 
            "verified": 0
        }, 
        {
            "date": "09-Apr-2018 21:41:15", 
            "deleted": 0, 
            "draw": true, 
            "id": 1, 
            "label": "traffic sign", 
            "polygon": [
                [
                    531.0463121783877, 
                    198.42195540308748
                ], 
                [
                    517.0497427101201, 
                    222.2984562607204
                ], 
                [
                    549.1595197255574, 
                    219.82847341337907
                ]
            ], 
            "user": "daid", 
            "verified": 0
        }, 
        {
            "date": "09-Apr-2018 21:41:29", 
            "deleted": 0, 
            "draw": true, 
            "id": 2, 
            "label": "traffic sign", 
            "polygon": [
                [
                    518.696397941681, 
                    222.2984562607204
                ], 
                [
                    519.5197255574614, 
                    233.0017152658662
                ], 
                [
                    550.8061749571184, 
                    230.53173241852488
                ], 
                [
                    549.1595197255574, 
                    220.65180102915951
                ]
            ], 
            "user": "daid", 
            "verified": 0
        }, 
        {
            "date": "09-Apr-2018 21:41:56", 
            "deleted": 0, 
            "draw": true, 
            "id": 3, 
            "label": "pole", 
            "polygon": [
                [
                    532.6929674099486, 
                    230.53173241852488
                ], 
                [
                    536.8096054888508, 
                    274.1680960548885
                ], 
                [
                    541.7495711835335, 
                    273.34476843910807
                ], 
                [
                    538.4562607204117, 
                    230.53173241852488
                ]
            ], 
            "user": "daid", 
            "verified": 0
        }, 
        {
            "date": "09-Apr-2018 21:42:09", 
            "deleted": 0, 
            "draw": true, 
            "id": 4, 
            "label": "pole", 
            "polygon": [
                [
                    540.1029159519726, 
                    244.52830188679246
                ], 
                [
                    541.7495711835335, 
                    276.63807890222984
                ], 
                [
                    546.6895368782161, 
                    276.63807890222984
                ], 
                [
                    545.0428816466552, 
                    242.88164665523155
                ]
            ], 
            "user": "daid", 
            "verified": 0
        }, 
        {
            "date": "09-Apr-2018 21:42:43", 
            "deleted": 0, 
            "draw": true, 
            "id": 5, 
            "label": "car", 
            "polygon": [
                [
                    413.31046312178387, 
                    265.1114922813036
                ], 
                [
                    415.7804459691252, 
                    293.10463121783874
                ], 
                [
                    417.4271012006861, 
                    296.39794168096057
                ], 
                [
                    423.19039451114924, 
                    298.8679245283019
                ], 
                [
                    427.30703259005145, 
                    296.39794168096057
                ], 
                [
                    429.7770154373928, 
                    293.10463121783874
                ], 
                [
                    474.23670668953685, 
                    290.6346483704974
                ], 
                [
                    476.70668953687823, 
                    296.39794168096057
                ], 
                [
                    482.4699828473413, 
                    298.04459691252146
                ], 
                [
                    489.87993138936537, 
                    296.39794168096057
                ], 
                [
                    490.7032590051458, 
                    288.98799313893653
                ], 
                [
                    493.17324185248714, 
                    268.4048027444254
                ], 
                [
                    489.87993138936537, 
                    259.3481989708405
                ], 
                [
                    475.06003430531734, 
                    236.29502572898798
                ], 
                [
                    448.71355060034307, 
                    235.47169811320754
                ], 
                [
                    425.66037735849056, 
                    239.58833619210978
                ], 
                [
                    424.8370497427101, 
                    246.9982847341338
                ], 
                [
                    423.19039451114924, 
                    252.76157804459692
                ], 
                [
                    417.4271012006861, 
                    261.8181818181818
                ]
            ], 
            "user": "daid", 
            "verified": 0
        }, 
        {
            "date": "09-Apr-2018 21:43:05", 
            "deleted": 0, 
            "draw": true, 
            "id": 6, 
            "label": "car", 
            "polygon": [
                [
                    407.54716981132077, 
                    263.4648370497427
                ], 
                [
                    411.663807890223, 
                    267.5814751286449
                ], 
                [
                    413.31046312178387, 
                    271.6981132075472
                ], 
                [
                    420.7204116638079, 
                    255.23156089193824
                ], 
                [
                    426.483704974271, 
                    239.58833619210978
                ], 
                [
                    456.9468267581475, 
                    236.29502572898798
                ], 
                [
                    452.00686106346484, 
                    230.53173241852488
                ], 
                [
                    440.4802744425386, 
                    229.7084048027444
                ], 
                [
                    422.3670668953688, 
                    233.0017152658662
                ], 
                [
                    415.7804459691252, 
                    233.0017152658662
                ], 
                [
                    411.663807890223, 
                    241.23499142367066
                ], 
                [
                    409.19382504288166, 
                    243.704974271012
                ], 
                [
                    406.7238421955403, 
                    252.76157804459692
                ]
            ], 
            "user": "daid", 
            "verified": 0
        }, 
        {
            "date": "09-Apr-2018 21:43:21", 
            "deleted": 0, 
            "draw": true, 
            "id": 7, 
            "label": "traffic sign", 
            "polygon": [
                [
                    382.02401372212694, 
                    226.41509433962264
                ], 
                [
                    390.25728987993136, 
                    224.76843910806176
                ], 
                [
                    386.14065180102915, 
                    214.8885077186964
                ]
            ], 
            "user": "daid", 
            "verified": 0
        }, 
        {
            "date": "09-Apr-2018 21:43:53", 
            "deleted": 0, 
            "draw": true, 
            "id": 8, 
            "label": "traffic sign", 
            "polygon": [
                [
                    359.7941680960549, 
                    219.82847341337907
                ], 
                [
                    375.43739279588334, 
                    219.82847341337907
                ], 
                [
                    372.14408233276157, 
                    208.30188679245282
                ], 
                [
                    359.7941680960549, 
                    206.65523156089193
                ], 
                [
                    357.32418524871355, 
                    209.94854202401373
                ]
            ], 
            "user": "daid", 
            "verified": 0
        }, 
        {
            "date": "09-Apr-2018 21:44:43", 
            "deleted": 0, 
            "draw": true, 
            "id": 9, 
            "label": "train", 
            "polygon": [
                [
                    3.293310463121784, 
                    152.3156089193825
                ], 
                [
                    27.169811320754718, 
                    154.78559176672385
                ], 
                [
                    65.04288164665523, 
                    163.0188679245283
                ], 
                [
                    138.31903945111492, 
                    180.30874785591766
                ], 
                [
                    181.95540308747854, 
                    191.01200686106347
                ], 
                [
                    204.1852487135506, 
                    194.30531732418524
                ], 
                [
                    226.41509433962264, 
                    201.71526586620925
                ], 
                [
                    249.46826758147512, 
                    209.12521440823326
                ], 
                [
                    254.4082332761578, 
                    213.2418524871355
                ], 
                [
                    255.23156089193824, 
                    226.41509433962264
                ], 
                [
                    260.1715265866209, 
                    250.29159519725556
                ], 
                [
                    260.99485420240137, 
                    259.3481989708405
                ], 
                [
                    244.52830188679246, 
                    265.934819897084
                ], 
                [
                    208.30188679245282, 
                    279.10806174957116
                ], 
                [
                    190.18867924528303, 
                    281.5780445969125
                ], 
                [
                    146.55231560891937, 
                    291.45797598627786
                ], 
                [
                    78.21612349914237, 
                    306.2778730703259
                ], 
                [
                    9.056603773584905, 
                    320.27444253859346
                ], 
                [
                    0.0, 
                    319.451114922813
                ]
            ], 
            "user": "daid", 
            "verified": 0
        }, 
        {
            "date": "09-Apr-2018 21:45:38", 
            "deleted": 0, 
            "draw": true, 
            "id": 10, 
            "label": "road", 
            "polygon": [
                [
                    0.823327615780446, 
                    407.54716981132077
                ], 
                [
                    220.65180102915951, 
                    320.27444253859346
                ], 
                [
                    271.6981132075472, 
                    296.39794168096057
                ], 
                [
                    279.9313893653516, 
                    292.2813036020583
                ], 
                [
                    307.1012006861063, 
                    276.63807890222984
                ], 
                [
                    317.80445969125213, 
                    264.28816466552314
                ], 
                [
                    309.5711835334477, 
                    251.11492281303603
                ], 
                [
                    288.98799313893653, 
                    249.46826758147512
                ], 
                [
                    273.34476843910807, 
                    248.64493996569468
                ], 
                [
                    258.52487135506004, 
                    246.9982847341338
                ], 
                [
                    256.87821612349916, 
                    256.87821612349916
                ], 
                [
                    249.46826758147512, 
                    264.28816466552314
                ], 
                [
                    233.82504288164665, 
                    268.4048027444254
                ], 
                [
                    212.41852487135506, 
                    275.8147512864494
                ], 
                [
                    182.77873070325901, 
                    284.0480274442539
                ], 
                [
                    118.55917667238421, 
                    297.221269296741
                ], 
                [
                    54.339622641509436, 
                    311.2178387650086
                ], 
                [
                    0.0, 
                    319.451114922813
                ]
            ], 
            "user": "daid", 
            "verified": 0
        }, 
        {
            "date": "09-Apr-2018 21:46:43", 
            "deleted": 0, 
            "draw": true, 
            "id": 11, 
            "label": "sidewalk", 
            "polygon": [
                [
                    1.646655231560892, 
                    402.60720411663806
                ], 
                [
                    134.2024013722127, 
                    349.9142367066895
                ], 
                [
                    209.94854202401373, 
                    320.27444253859346
                ], 
                [
                    270.87478559176674, 
                    295.57461406518007
                ], 
                [
                    294.75128644939963, 
                    282.401372212693
                ], 
                [
                    309.5711835334477, 
                    271.6981132075472
                ], 
                [
                    314.51114922813036, 
                    261.8181818181818
                ], 
                [
                    306.2778730703259, 
                    252.76157804459692
                ], 
                [
                    293.9279588336192, 
                    252.76157804459692
                ], 
                [
                    307.1012006861063, 
                    250.29159519725556
                ], 
                [
                    315.3344768439108, 
                    251.93825042881647
                ], 
                [
                    329.3310463121784, 
                    250.29159519725556
                ], 
                [
                    335.0943396226415, 
                    255.23156089193824
                ], 
                [
                    344.97427101200685, 
                    257.7015437392796
                ], 
                [
                    351.56089193825045, 
                    258.52487135506004
                ], 
                [
                    357.32418524871355, 
                    261.8181818181818
                ], 
                [
                    364.7341337907376, 
                    263.4648370497427
                ], 
                [
                    382.8473413379074, 
                    267.5814751286449
                ], 
                [
                    388.6106346483705, 
                    275.8147512864494
                ], 
                [
                    388.6106346483705, 
                    283.22469982847343
                ], 
                [
                    383.6706689536878, 
                    289.811320754717
                ], 
                [
                    364.7341337907376, 
                    308.7478559176672
                ], 
                [
                    336.74099485420237, 
                    331.8010291595197
                ], 
                [
                    300.5145797598628, 
                    358.97084048027443
                ], 
                [
                    252.76157804459692, 
                    393.5506003430532
                ], 
                [
                    192.65866209262435, 
                    437.1869639794168
                ], 
                [
                    128.43910806174958, 
                    479.0
                ], 
                [
                    0.0, 
                    479.0
                ]
            ], 
            "user": "daid", 
            "verified": 0
        }, 
        {
            "date": "09-Apr-2018 21:47:03", 
            "deleted": 0, 
            "draw": true, 
            "id": 12, 
            "label": "pole", 
            "polygon": [
                [
                    279.10806174957116, 
                    266.75814751286447
                ], 
                [
                    280.75471698113205, 
                    353.20754716981133
                ], 
                [
                    290.6346483704974, 
                    351.56089193825045
                ], 
                [
                    291.45797598627786, 
                    346.62092624356774
                ], 
                [
                    287.34133790737565, 
                    264.28816466552314
                ]
            ], 
            "user": "daid", 
            "verified": 0
        }, 
        {
            "date": "09-Apr-2018 21:47:18", 
            "deleted": 0, 
            "draw": true, 
            "id": 13, 
            "label": "pole", 
            "polygon": [
                [
                    324.39108061749573, 
                    259.3481989708405
                ], 
                [
                    325.2144082332762, 
                    301.3379073756432
                ], 
                [
                    326.0377358490566, 
                    320.27444253859346
                ], 
                [
                    331.8010291595197, 
                    320.27444253859346
                ], 
                [
                    330.15437392795883, 
                    254.4082332761578
                ], 
                [
                    323.5677530017153, 
                    254.4082332761578
                ]
            ], 
            "user": "daid", 
            "verified": 0
        }, 
        {
            "date": "09-Apr-2018 21:47:34", 
            "deleted": 0, 
            "draw": true, 
            "id": 14, 
            "label": "pole", 
            "polygon": [
                [
                    353.20754716981133, 
                    301.3379073756432
                ], 
                [
                    358.147512864494, 
                    301.3379073756432
                ], 
                [
                    355.67753001715266, 
                    252.76157804459692
                ], 
                [
                    348.2675814751286, 
                    253.58490566037736
                ], 
                [
                    349.9142367066895, 
                    282.401372212693
                ]
            ], 
            "user": "daid", 
            "verified": 0
        }, 
        {
            "date": "09-Apr-2018 21:47:46", 
            "deleted": 0, 
            "draw": true, 
            "id": 15, 
            "label": "pole", 
            "polygon": [
                [
                    365.55746140651803, 
                    292.2813036020583
                ], 
                [
                    370.4974271012007, 
                    291.45797598627786
                ], 
                [
                    368.02744425385936, 
                    252.76157804459692
                ], 
                [
                    362.2641509433962, 
                    252.76157804459692
                ]
            ], 
            "user": "daid", 
            "verified": 0
        }, 
        {
            "date": "09-Apr-2018 21:48:20", 
            "deleted": 0, 
            "draw": true, 
            "id": 16, 
            "label": "pole", 
            "polygon": [
                [
                    374.6140651801029, 
                    285.69468267581476
                ], 
                [
                    378.73070325900517, 
                    285.69468267581476
                ], 
                [
                    377.90737564322467, 
                    248.64493996569468
                ], 
                [
                    371.3207547169811, 
                    248.64493996569468
                ]
            ], 
            "user": "daid", 
            "verified": 0
        }, 
        {
            "date": "09-Apr-2018 21:49:08", 
            "deleted": 0, 
            "draw": true, 
            "id": 17, 
            "label": "person", 
            "polygon": [
                [
                    811.8010291595198, 
                    321.92109777015435
                ], 
                [
                    824.1509433962264, 
                    321.0977701543739
                ], 
                [
                    827.4442538593482, 
                    309.5711835334477
                ], 
                [
                    829.0909090909091, 
                    301.3379073756432
                ], 
                [
                    834.8542024013722, 
                    305.45454545454544
                ], 
                [
                    841.4408233276158, 
                    321.0977701543739
                ], 
                [
                    838.9708404802744, 
                    327.6843910806175
                ], 
                [
                    843.9108061749571, 
                    330.15437392795883
                ], 
                [
                    853.0, 
                    330.9777015437393
                ], 
                [
                    848.8507718696397, 
                    308.7478559176672
                ], 
                [
                    839.7941680960549, 
                    293.10463121783874
                ], 
                [
                    852.1440823327615, 
                    288.1646655231561
                ], 
                [
                    850.4974271012006, 
                    254.4082332761578
                ], 
                [
                    838.9708404802744, 
                    243.704974271012
                ], 
                [
                    834.0308747855918, 
                    234.6483704974271
                ], 
                [
                    823.327615780446, 
                    235.47169811320754
                ], 
                [
                    819.2109777015437, 
                    243.704974271012
                ], 
                [
                    815.9176672384219, 
                    254.4082332761578
                ], 
                [
                    807.6843910806175, 
                    264.28816466552314
                ], 
                [
                    801.9210977701543, 
                    275.8147512864494
                ], 
                [
                    802.7444253859348, 
                    279.9313893653516
                ], 
                [
                    810.9777015437393, 
                    284.8713550600343
                ], 
                [
                    819.2109777015437, 
                    285.69468267581476
                ], 
                [
                    820.8576329331046, 
                    296.39794168096057
                ], 
                [
                    817.5643224699828, 
                    307.1012006861063
                ], 
                [
                    811.8010291595198, 
                    310.39451114922815
                ], 
                [
                    809.3310463121784, 
                    316.15780445969125
                ]
            ], 
            "user": "daid", 
            "verified": 0
        }, 
        {
            "date": "09-Apr-2018 21:49:23", 
            "deleted": 0, 
            "draw": true, 
            "id": 18, 
            "label": "person", 
            "polygon": [
                [
                    843.0874785591767, 
                    205.00857632933105
                ], 
                [
                    842.2641509433962, 
                    216.53516295025727
                ], 
                [
                    835.6775300171527, 
                    221.47512864493996
                ], 
                [
                    829.9142367066895, 
                    224.76843910806176
                ], 
                [
                    831.5608919382504, 
                    232.17838765008577
                ], 
                [
                    846.3807890222985, 
                    246.9982847341338
                ], 
                [
                    853.0, 
                    261.8181818181818
                ], 
                [
                    853.0, 
                    199.24528301886792
                ]
            ], 
            "user": "daid", 
            "verified": 0
        }, 
        {
            "date": "09-Apr-2018 21:50:00", 
            "deleted": 0, 
            "draw": true, 
            "id": 19, 
            "label": "rider", 
            "polygon": [
                [
                    691.5951972555746, 
                    293.10463121783874
                ], 
                [
                    708.0617495711836, 
                    307.1012006861063
                ], 
                [
                    712.1783876500857, 
                    307.1012006861063
                ], 
                [
                    717.1183533447685, 
                    287.34133790737565
                ], 
                [
                    719.5883361921098, 
                    298.8679245283019
                ], 
                [
                    721.2349914236706, 
                    321.0977701543739
                ], 
                [
                    724.5283018867924, 
                    324.39108061749573
                ], 
                [
                    726.9982847341338, 
                    276.63807890222984
                ], 
                [
                    726.9982847341338, 
                    256.87821612349916
                ], 
                [
                    726.1749571183533, 
                    243.704974271012
                ], 
                [
                    731.1149228130361, 
                    240.41166380789022
                ], 
                [
                    743.4648370497428, 
                    250.29159519725556
                ], 
                [
                    760.7547169811321, 
                    260.1715265866209
                ], 
                [
                    754.1680960548885, 
                    251.11492281303603
                ], 
                [
                    743.4648370497428, 
                    238.76500857632934
                ], 
                [
                    734.4082332761578, 
                    224.76843910806176
                ], 
                [
                    733.5849056603773, 
                    217.35849056603774
                ], 
                [
                    731.9382504288164, 
                    202.5385934819897
                ], 
                [
                    717.9416809605489, 
                    200.06861063464837
                ], 
                [
                    714.6483704974271, 
                    202.5385934819897
                ], 
                [
                    713.0017152658662, 
                    207.47855917667238
                ], 
                [
                    711.3550600343053, 
                    213.2418524871355
                ], 
                [
                    704.7684391080618, 
                    222.2984562607204
                ], 
                [
                    699.0051457975986, 
                    233.0017152658662
                ], 
                [
                    693.2418524871355, 
                    245.3516295025729
                ], 
                [
                    693.2418524871355, 
                    256.87821612349916
                ], 
                [
                    692.4185248713551, 
                    264.28816466552314
                ], 
                [
                    698.1818181818181, 
                    269.22813036020585
                ], 
                [
                    698.1818181818181, 
                    276.63807890222984
                ], 
                [
                    696.5351629502572, 
                    282.401372212693
                ]
            ], 
            "user": "daid", 
            "verified": 0
        }, 
        {
            "date": "09-Apr-2018 21:50:27", 
            "deleted": 0, 
            "draw": true, 
            "id": 20, 
            "label": "person", 
            "polygon": [
                [
                    694.8885077186964, 
                    195.95197255574612
                ], 
                [
                    708.0617495711836, 
                    192.65866209262435
                ], 
                [
                    710.5317324185248, 
                    203.36192109777016
                ], 
                [
                    710.5317324185248, 
                    209.12521440823326
                ], 
                [
                    710.5317324185248, 
                    218.1818181818182
                ], 
                [
                    699.0051457975986, 
                    223.9451114922813
                ], 
                [
                    696.5351629502572, 
                    240.41166380789022
                ], 
                [
                    696.5351629502572, 
                    255.23156089193824
                ], 
                [
                    692.4185248713551, 
                    244.52830188679246
                ], 
                [
                    688.3018867924528, 
                    236.29502572898798
                ], 
                [
                    687.4785591766723, 
                    243.704974271012
                ], 
                [
                    681.7152658662093, 
                    255.23156089193824
                ], 
                [
                    675.1286449399657, 
                    253.58490566037736
                ], 
                [
                    678.4219554030875, 
                    233.0017152658662
                ], 
                [
                    688.3018867924528, 
                    218.1818181818182
                ], 
                [
                    699.0051457975986, 
                    208.30188679245282
                ], 
                [
                    697.3584905660377, 
                    203.36192109777016
                ]
            ], 
            "user": "daid", 
            "verified": 0
        }, 
        {
            "date": "09-Apr-2018 21:50:42", 
            "deleted": 0, 
            "draw": true, 
            "id": 21, 
            "label": "person", 
            "polygon": [
                [
                    626.5523156089193, 
                    277.4614065180103
                ], 
                [
                    634.7855917667239, 
                    276.63807890222984
                ], 
                [
                    640.5488850771869, 
                    262.64150943396226
                ], 
                [
                    640.5488850771869, 
                    254.4082332761578
                ], 
                [
                    638.0789022298457, 
                    245.3516295025729
                ], 
                [
                    635.6089193825043, 
                    234.6483704974271
                ], 
                [
                    628.1989708404802, 
                    230.53173241852488
                ], 
                [
                    625.728987993139, 
                    237.9416809605489
                ], 
                [
                    624.9056603773585, 
                    245.3516295025729
                ], 
                [
                    624.9056603773585, 
                    254.4082332761578
                ], 
                [
                    624.9056603773585, 
                    262.64150943396226
                ]
            ], 
            "user": "daid", 
            "verified": 0
        }, 
        {
            "date": "09-Apr-2018 21:51:00", 
            "deleted": 0, 
            "draw": true, 
            "id": 22, 
            "label": "person", 
            "polygon": [
                [
                    640.5488850771869, 
                    265.1114922813036
                ], 
                [
                    646.3121783876501, 
                    264.28816466552314
                ], 
                [
                    647.958833619211, 
                    250.29159519725556
                ], 
                [
                    655.368782161235, 
                    245.3516295025729
                ], 
                [
                    648.7821612349915, 
                    233.0017152658662
                ], 
                [
                    652.8987993138936, 
                    223.9451114922813
                ], 
                [
                    646.3121783876501, 
                    227.23842195540308
                ], 
                [
                    644.6655231560892, 
                    223.9451114922813
                ], 
                [
                    641.3722126929674, 
                    217.35849056603774
                ], 
                [
                    636.4322469982848, 
                    217.35849056603774
                ], 
                [
                    636.4322469982848, 
                    223.12178387650084
                ], 
                [
                    637.2555746140652, 
                    233.0017152658662
                ], 
                [
                    637.2555746140652, 
                    245.3516295025729
                ], 
                [
                    639.7255574614065, 
                    253.58490566037736
                ]
            ], 
            "user": "daid", 
            "verified": 0
        }, 
        {
            "date": "09-Apr-2018 21:51:21", 
            "deleted": 0, 
            "draw": true, 
            "id": 23, 
            "label": "person", 
            "polygon": [
                [
                    626.5523156089193, 
                    225.5917667238422
                ], 
                [
                    623.2590051457976, 
                    218.1818181818182
                ], 
                [
                    618.3190394511149, 
                    219.82847341337907
                ], 
                [
                    618.3190394511149, 
                    223.12178387650084
                ], 
                [
                    612.5557461406518, 
                    227.23842195540308
                ], 
                [
                    609.26243567753, 
                    235.47169811320754
                ], 
                [
                    609.26243567753, 
                    242.0583190394511
                ], 
                [
                    610.9090909090909, 
                    246.9982847341338
                ], 
                [
                    613.3790737564323, 
                    251.93825042881647
                ], 
                [
                    614.2024013722126, 
                    260.99485420240137
                ], 
                [
                    615.8490566037735, 
                    269.22813036020585
                ], 
                [
                    622.4356775300172, 
                    269.22813036020585
                ], 
                [
                    625.728987993139, 
                    265.1114922813036
                ], 
                [
                    623.2590051457976, 
                    255.23156089193824
                ], 
                [
                    623.2590051457976, 
                    242.88164665523155
                ], 
                [
                    632.3156089193825, 
                    240.41166380789022
                ], 
                [
                    629.8456260720411, 
                    231.35506003430532
                ]
            ], 
            "user": "daid", 
            "verified": 0
        }, 
        {
            "date": "09-Apr-2018 21:52:38", 
            "deleted": 0, 
            "draw": true, 
            "id": 24, 
            "label": "building", 
            "polygon": [
                [
                    635.6089193825043, 
                    0.0
                ], 
                [
                    638.902229845626, 
                    132.5557461406518
                ], 
                [
                    644.6655231560892, 
                    147.37564322469981
                ], 
                [
                    658.6620926243568, 
                    157.25557461406518
                ], 
                [
                    661.9554030874785, 
                    165.48885077186964
                ], 
                [
                    662.778730703259, 
                    217.35849056603774
                ], 
                [
                    671.0120068610635, 
                    219.00514579759863
                ], 
                [
                    675.1286449399657, 
                    239.58833619210978
                ], 
                [
                    675.1286449399657, 
                    247.82161234991423
                ], 
                [
                    678.4219554030875, 
                    233.0017152658662
                ], 
                [
                    688.3018867924528, 
                    216.53516295025727
                ], 
                [
                    697.3584905660377, 
                    207.47855917667238
                ], 
                [
                    694.065180102916, 
                    196.7753001715266
                ], 
                [
                    708.8850771869639, 
                    192.65866209262435
                ], 
                [
                    711.3550600343053, 
                    198.42195540308748
                ], 
                [
                    712.1783876500857, 
                    203.36192109777016
                ], 
                [
                    720.4116638078902, 
                    200.8919382504288
                ], 
                [
                    731.9382504288164, 
                    202.5385934819897
                ], 
                [
                    736.0548885077187, 
                    206.65523156089193
                ], 
                [
                    736.8782161234991, 
                    209.94854202401373
                ], 
                [
                    736.0548885077187, 
                    214.8885077186964
                ], 
                [
                    735.2315608919382, 
                    218.1818181818182
                ], 
                [
                    743.4648370497428, 
                    235.47169811320754
                ], 
                [
                    754.1680960548885, 
                    246.17495711835335
                ], 
                [
                    761.5780445969125, 
                    251.11492281303603
                ], 
                [
                    773.1046312178388, 
                    260.1715265866209
                ], 
                [
                    771.4579759862779, 
                    266.75814751286447
                ], 
                [
                    759.1080617495712, 
                    265.934819897084
                ], 
                [
                    751.6981132075472, 
                    265.934819897084
                ], 
                [
                    759.1080617495712, 
                    271.6981132075472
                ], 
                [
                    771.4579759862779, 
                    283.22469982847343
                ], 
                [
                    778.0445969125215, 
                    290.6346483704974
                ], 
                [
                    816.7409948542024, 
                    298.8679245283019
                ], 
                [
                    816.7409948542024, 
                    293.10463121783874
                ], 
                [
                    808.5077186963979, 
                    284.8713550600343
                ], 
                [
                    801.9210977701543, 
                    276.63807890222984
                ], 
                [
                    806.861063464837, 
                    265.1114922813036
                ], 
                [
                    814.271012006861, 
                    256.87821612349916
                ], 
                [
                    818.3876500857633, 
                    251.11492281303603
                ], 
                [
                    819.2109777015437, 
                    238.76500857632934
                ], 
                [
                    827.4442538593482, 
                    235.47169811320754
                ], 
                [
                    832.3842195540309, 
                    235.47169811320754
                ], 
                [
                    832.3842195540309, 
                    226.41509433962264
                ], 
                [
                    834.8542024013722, 
                    220.65180102915951
                ], 
                [
                    843.0874785591767, 
                    220.65180102915951
                ], 
                [
                    839.7941680960549, 
                    205.8319039451115
                ], 
                [
                    853.0, 
                    203.36192109777016
                ], 
                [
                    853.0, 
                    0.0
                ]
            ], 
            "user": "daid", 
            "verified": 0
        }, 
        {
            "date": "09-Apr-2018 21:53:30", 
            "deleted": 0, 
            "draw": true, 
            "id": 25, 
            "label": "building", 
            "polygon": [
                [
                    410.0171526586621, 
                    191.8353344768439
                ], 
                [
                    434.7169811320755, 
                    181.95540308747854
                ], 
                [
                    451.1835334476844, 
                    178.66209262435677
                ], 
                [
                    487.409948542024, 
                    170.42881646655232
                ], 
                [
                    521.1663807890222, 
                    158.90222984562607
                ], 
                [
                    535.1629502572898, 
                    158.07890222984562
                ], 
                [
                    613.3790737564323, 
                    158.07890222984562
                ], 
                [
                    659.4854202401372, 
                    159.7255574614065
                ], 
                [
                    660.3087478559177, 
                    216.53516295025727
                ], 
                [
                    634.7855917667239, 
                    220.65180102915951
                ], 
                [
                    624.9056603773585, 
                    214.8885077186964
                ], 
                [
                    614.2024013722126, 
                    218.1818181818182
                ], 
                [
                    606.7924528301887, 
                    222.2984562607204
                ], 
                [
                    582.9159519725557, 
                    223.9451114922813
                ], 
                [
                    550.8061749571184, 
                    228.88507718696397
                ], 
                [
                    549.1595197255574, 
                    219.82847341337907
                ], 
                [
                    531.0463121783877, 
                    194.30531732418524
                ], 
                [
                    518.696397941681, 
                    220.65180102915951
                ], 
                [
                    507.99313893653516, 
                    229.7084048027444
                ], 
                [
                    495.64322469982847, 
                    223.12178387650084
                ], 
                [
                    475.06003430531734, 
                    225.5917667238422
                ], 
                [
                    468.47341337907375, 
                    221.47512864493996
                ], 
                [
                    472.59005145797596, 
                    212.41852487135506
                ], 
                [
                    467.6500857632933, 
                    203.36192109777016
                ], 
                [
                    460.24013722126926, 
                    202.5385934819897
                ], 
                [
                    457.77015437392794, 
                    205.00857632933105
                ], 
                [
                    458.5934819897084, 
                    215.71183533447683
                ], 
                [
                    453.6535162950257, 
                    221.47512864493996
                ], 
                [
                    410.84048027444254, 
                    226.41509433962264
                ]
            ], 
            "user": "daid", 
            "verified": 0
        }, 
        {
            "date": "09-Apr-2018 21:53:46", 
            "deleted": 0, 
            "draw": true, 
            "id": 26, 
            "label": "traffic sign", 
            "polygon": [
                [
                    459.4168096054888, 
                    205.8319039451115
                ], 
                [
                    457.77015437392794, 
                    209.94854202401373
                ], 
                [
                    460.24013722126926, 
                    214.06518010291595
                ], 
                [
                    465.180102915952, 
                    213.2418524871355
                ], 
                [
                    467.6500857632933, 
                    210.77186963979418
                ], 
                [
                    467.6500857632933, 
                    206.65523156089193
                ], 
                [
                    463.5334476843911, 
                    205.8319039451115
                ]
            ], 
            "user": "daid", 
            "verified": 0
        }, 
        {
            "date": "09-Apr-2018 21:54:06", 
            "deleted": 0, 
            "draw": true, 
            "id": 27, 
            "label": "pole", 
            "polygon": [
                [
                    437.1869639794168, 
                    126.79245283018868
                ], 
                [
                    438.8336192109777, 
                    236.29502572898798
                ], 
                [
                    445.42024013722124, 
                    233.0017152658662
                ], 
                [
                    442.1269296740995, 
                    125.14579759862778
                ]
            ], 
            "user": "daid", 
            "verified": 0
        }, 
        {
            "date": "09-Apr-2018 21:56:09", 
            "deleted": 0, 
            "draw": true, 
            "id": 28, 
            "label": "sidewalk", 
            "polygon": [
                [
                    853.0, 
                    478.3533447684391
                ], 
                [
                    853.0, 
                    333.4476843910806
                ], 
                [
                    837.3241852487135, 
                    331.8010291595197
                ], 
                [
                    837.3241852487135, 
                    312.8644939965695
                ], 
                [
                    831.5608919382504, 
                    311.2178387650086
                ], 
                [
                    825.7975986277874, 
                    318.6277873070326
                ], 
                [
                    819.2109777015437, 
                    326.86106346483706
                ], 
                [
                    810.9777015437393, 
                    315.3344768439108
                ], 
                [
                    816.7409948542024, 
                    309.5711835334477
                ], 
                [
                    816.7409948542024, 
                    298.8679245283019
                ], 
                [
                    792.8644939965694, 
                    298.04459691252146
                ], 
                [
                    776.3979416809606, 
                    293.10463121783874
                ], 
                [
                    780.5145797598627, 
                    299.69125214408234
                ], 
                [
                    786.2778730703259, 
                    317.80445969125213
                ], 
                [
                    787.9245283018868, 
                    324.39108061749573
                ], 
                [
                    785.4545454545455, 
                    331.8010291595197
                ], 
                [
                    778.0445969125215, 
                    341.6809605488851
                ], 
                [
                    774.7512864493997, 
                    348.2675814751286
                ], 
                [
                    762.401372212693, 
                    354.8542024013722
                ], 
                [
                    745.934819897084, 
                    350.73756432246995
                ], 
                [
                    737.7015437392796, 
                    343.32761578044597
                ], 
                [
                    731.1149228130361, 
                    336.74099485420237
                ], 
                [
                    716.295025728988, 
                    335.0943396226415
                ], 
                [
                    702.2984562607204, 
                    332.62435677530016
                ], 
                [
                    691.5951972555746, 
                    326.86106346483706
                ], 
                [
                    685.008576329331, 
                    317.80445969125213
                ], 
                [
                    673.4819897084047, 
                    312.04116638078904
                ], 
                [
                    660.3087478559177, 
                    308.7478559176672
                ], 
                [
                    652.0754716981132, 
                    301.3379073756432
                ], 
                [
                    647.958833619211, 
                    288.1646655231561
                ], 
                [
                    648.7821612349915, 
                    279.10806174957116
                ], 
                [
                    648.7821612349915, 
                    272.5214408233276
                ], 
                [
                    642.1955403087478, 
                    270.87478559176674
                ], 
                [
                    638.902229845626, 
                    278.2847341337907
                ], 
                [
                    631.492281303602, 
                    279.9313893653516
                ], 
                [
                    625.728987993139, 
                    274.1680960548885
                ], 
                [
                    619.9656946826758, 
                    270.87478559176674
                ], 
                [
                    615.8490566037735, 
                    263.4648370497427
                ], 
                [
                    615.8490566037735, 
                    256.0548885077187
                ], 
                [
                    608.4391080617496, 
                    249.46826758147512
                ], 
                [
                    605.9691252144082, 
                    240.41166380789022
                ], 
                [
                    602.6758147512865, 
                    239.58833619210978
                ], 
                [
                    594.442538593482, 
                    239.58833619210978
                ], 
                [
                    594.442538593482, 
                    243.704974271012
                ], 
                [
                    582.0926243567753, 
                    242.88164665523155
                ], 
                [
                    577.9759862778731, 
                    242.88164665523155
                ], 
                [
                    575.5060034305317, 
                    249.46826758147512
                ], 
                [
                    573.0360205831904, 
                    256.87821612349916
                ], 
                [
                    565.6260720411664, 
                    258.52487135506004
                ], 
                [
                    562.3327615780446, 
                    251.93825042881647
                ], 
                [
                    556.5694682675814, 
                    248.64493996569468
                ], 
                [
                    554.0994854202402, 
                    249.46826758147512
                ], 
                [
                    552.4528301886793, 
                    251.11492281303603
                ], 
                [
                    551.6295025728988, 
                    254.4082332761578
                ], 
                [
                    550.8061749571184, 
                    259.3481989708405
                ], 
                [
                    550.8061749571184, 
                    266.75814751286447
                ], 
                [
                    550.8061749571184, 
                    273.34476843910807
                ], 
                [
                    550.8061749571184, 
                    275.8147512864494
                ], 
                [
                    545.0428816466552, 
                    279.10806174957116
                ], 
                [
                    535.1629502572898, 
                    279.10806174957116
                ], 
                [
                    529.3996569468268, 
                    274.99142367066895
                ], 
                [
                    535.9862778730703, 
                    270.87478559176674
                ], 
                [
                    534.3396226415094, 
                    256.87821612349916
                ], 
                [
                    533.5162950257289, 
                    251.93825042881647
                ], 
                [
                    522.8130360205832, 
                    251.93825042881647
                ], 
                [
                    508.8164665523156, 
                    249.46826758147512
                ], 
                [
                    495.64322469982847, 
                    249.46826758147512
                ], 
                [
                    488.2332761578044, 
                    250.29159519725556
                ], 
                [
                    486.58662092624354, 
                    250.29159519725556
                ], 
                [
                    487.409948542024, 
                    253.58490566037736
                ], 
                [
                    491.52658662092625, 
                    258.52487135506004
                ], 
                [
                    492.3499142367067, 
                    262.64150943396226
                ], 
                [
                    493.17324185248714, 
                    267.5814751286449
                ], 
                [
                    499.7598627787307, 
                    270.87478559176674
                ], 
                [
                    513.7564322469983, 
                    279.10806174957116
                ], 
                [
                    549.1595197255574, 
                    294.75128644939963
                ], 
                [
                    583.7392795883362, 
                    310.39451114922815
                ], 
                [
                    622.4356775300172, 
                    333.4476843910806
                ], 
                [
                    675.1286449399657, 
                    366.3807890222985
                ], 
                [
                    732.761578044597, 
                    405.9005145797599
                ], 
                [
                    816.7409948542024, 
                    457.77015437392794
                ]
            ], 
            "user": "daid", 
            "verified": 0
        }
    ]
}