{
    "imgHeight": 480, 
    "imgWidth": 854, 
    "objects": [
        {
            "date": "09-Apr-2018 21:23:17", 
            "deleted": 0, 
            "draw": true, 
            "id": 0, 
            "label": "traffic sign", 
            "polygon": [
                [
                    214.8885077186964, 
                    104.56260720411663
                ], 
                [
                    211.59519725557462, 
                    182.77873070325901
                ], 
                [
                    258.52487135506004, 
                    184.4253859348199
                ], 
                [
                    260.99485420240137, 
                    105.38593481989709
                ]
            ], 
            "user": "daid", 
            "verified": 0
        }, 
        {
            "date": "09-Apr-2018 21:23:39", 
            "deleted": 0, 
            "draw": true, 
            "id": 1, 
            "label": "pole", 
            "polygon": [
                [
                    231.35506003430532, 
                    185.24871355060034
                ], 
                [
                    227.23842195540308, 
                    276.63807890222984
                ], 
                [
                    218.1818181818182, 
                    279.9313893653516
                ], 
                [
                    214.06518010291595, 
                    360.6174957118353
                ], 
                [
                    237.11835334476842, 
                    361.44082332761576
                ], 
                [
                    244.52830188679246, 
                    358.147512864494
                ], 
                [
                    246.17495711835335, 
                    281.5780445969125
                ], 
                [
                    237.9416809605489, 
                    275.8147512864494
                ], 
                [
                    240.41166380789022, 
                    184.4253859348199
                ]
            ], 
            "user": "daid", 
            "verified": 0
        }, 
        {
            "date": "09-Apr-2018 21:24:14", 
            "deleted": 0, 
            "draw": true, 
            "id": 2, 
            "label": "person", 
            "polygon": [
                [
                    438.01029159519726, 
                    292.2813036020583
                ], 
                [
                    449.5368782161235, 
                    296.39794168096057
                ], 
                [
                    459.4168096054888, 
                    274.99142367066895
                ], 
                [
                    463.5334476843911, 
                    276.63807890222984
                ], 
                [
                    469.2967409948542, 
                    285.69468267581476
                ], 
                [
                    470.9433962264151, 
                    289.811320754717
                ], 
                [
                    467.6500857632933, 
                    296.39794168096057
                ], 
                [
                    469.2967409948542, 
                    298.04459691252146
                ], 
                [
                    477.5300171526587, 
                    298.04459691252146
                ], 
                [
                    483.29331046312177, 
                    293.9279588336192
                ], 
                [
                    475.06003430531734, 
                    270.87478559176674
                ], 
                [
                    472.59005145797596, 
                    243.704974271012
                ], 
                [
                    468.47341337907375, 
                    237.11835334476842
                ], 
                [
                    462.71012006861065, 
                    229.7084048027444
                ], 
                [
                    454.47684391080617, 
                    229.7084048027444
                ], 
                [
                    452.00686106346484, 
                    229.7084048027444
                ], 
                [
                    454.47684391080617, 
                    238.76500857632934
                ], 
                [
                    453.6535162950257, 
                    244.52830188679246
                ], 
                [
                    450.36020583190395, 
                    246.9982847341338
                ], 
                [
                    451.1835334476844, 
                    256.0548885077187
                ], 
                [
                    452.8301886792453, 
                    263.4648370497427
                ], 
                [
                    452.8301886792453, 
                    269.22813036020585
                ], 
                [
                    448.71355060034307, 
                    278.2847341337907
                ], 
                [
                    446.2435677530017, 
                    284.8713550600343
                ]
            ], 
            "user": "daid", 
            "verified": 0
        }, 
        {
            "date": "09-Apr-2018 21:24:33", 
            "deleted": 0, 
            "draw": true, 
            "id": 3, 
            "label": "person", 
            "polygon": [
                [
                    536.8096054888508, 
                    279.9313893653516
                ], 
                [
                    542.5728987993139, 
                    279.10806174957116
                ], 
                [
                    544.2195540308747, 
                    265.1114922813036
                ], 
                [
                    546.6895368782161, 
                    255.23156089193824
                ], 
                [
                    549.9828473413379, 
                    237.9416809605489
                ], 
                [
                    546.6895368782161, 
                    234.6483704974271
                ], 
                [
                    543.3962264150944, 
                    228.06174957118353
                ], 
                [
                    540.1029159519726, 
                    228.88507718696397
                ], 
                [
                    534.3396226415094, 
                    238.76500857632934
                ], 
                [
                    527.7530017152659, 
                    247.82161234991423
                ], 
                [
                    526.9296740994854, 
                    252.76157804459692
                ], 
                [
                    531.869639794168, 
                    257.7015437392796
                ], 
                [
                    531.869639794168, 
                    279.10806174957116
                ]
            ], 
            "user": "daid", 
            "verified": 0
        }, 
        {
            "date": "09-Apr-2018 21:24:51", 
            "deleted": 0, 
            "draw": true, 
            "id": 4, 
            "label": "person", 
            "polygon": [
                [
                    553.2761578044597, 
                    279.9313893653516
                ], 
                [
                    563.156089193825, 
                    279.9313893653516
                ], 
                [
                    563.156089193825, 
                    261.8181818181818
                ], 
                [
                    564.802744425386, 
                    256.0548885077187
                ], 
                [
                    565.6260720411664, 
                    247.82161234991423
                ], 
                [
                    561.5094339622641, 
                    239.58833619210978
                ], 
                [
                    561.5094339622641, 
                    232.17838765008577
                ], 
                [
                    558.2161234991423, 
                    227.23842195540308
                ], 
                [
                    553.2761578044597, 
                    229.7084048027444
                ], 
                [
                    550.8061749571184, 
                    235.47169811320754
                ], 
                [
                    548.336192109777, 
                    249.46826758147512
                ], 
                [
                    547.5128644939965, 
                    260.99485420240137
                ], 
                [
                    549.1595197255574, 
                    270.0514579759863
                ]
            ], 
            "user": "daid", 
            "verified": 0
        }, 
        {
            "date": "09-Apr-2018 21:25:06", 
            "deleted": 0, 
            "draw": true, 
            "id": 5, 
            "label": "person", 
            "polygon": [
                [
                    495.64322469982847, 
                    256.87821612349916
                ], 
                [
                    499.7598627787307, 
                    254.4082332761578
                ], 
                [
                    500.5831903945111, 
                    246.17495711835335
                ], 
                [
                    503.87650085763295, 
                    239.58833619210978
                ], 
                [
                    499.7598627787307, 
                    226.41509433962264
                ], 
                [
                    494.819897084048, 
                    226.41509433962264
                ], 
                [
                    493.9965694682676, 
                    229.7084048027444
                ], 
                [
                    492.3499142367067, 
                    233.82504288164665
                ], 
                [
                    492.3499142367067, 
                    242.0583190394511
                ], 
                [
                    493.17324185248714, 
                    248.64493996569468
                ]
            ], 
            "user": "daid", 
            "verified": 0
        }, 
        {
            "date": "09-Apr-2018 21:26:23", 
            "deleted": 0, 
            "draw": true, 
            "id": 6, 
            "label": "car", 
            "polygon": [
                [
                    424.0137221269297, 
                    242.0583190394511
                ], 
                [
                    441.30360205831903, 
                    242.88164665523155
                ], 
                [
                    442.9502572898799, 
                    237.9416809605489
                ], 
                [
                    441.30360205831903, 
                    229.7084048027444
                ], 
                [
                    435.54030874785593, 
                    227.23842195540308
                ], 
                [
                    426.483704974271, 
                    226.41509433962264
                ], 
                [
                    424.8370497427101, 
                    228.06174957118353
                ], 
                [
                    424.8370497427101, 
                    233.82504288164665
                ]
            ], 
            "user": "daid", 
            "verified": 0
        }, 
        {
            "date": "09-Apr-2018 21:26:45", 
            "deleted": 0, 
            "draw": true, 
            "id": 7, 
            "label": "traffic sign", 
            "polygon": [
                [
                    22.22984562607204, 
                    170.42881646655232
                ], 
                [
                    19.759862778730703, 
                    200.06861063464837
                ], 
                [
                    41.98970840480274, 
                    201.71526586620925
                ], 
                [
                    46.106346483704975, 
                    169.60548885077188
                ]
            ], 
            "user": "daid", 
            "verified": 0
        }, 
        {
            "date": "09-Apr-2018 21:27:14", 
            "deleted": 0, 
            "draw": true, 
            "id": 8, 
            "label": "pole", 
            "polygon": [
                [
                    21.406518010291595, 
                    274.1680960548885
                ], 
                [
                    33.75643224699829, 
                    274.1680960548885
                ], 
                [
                    37.04974271012007, 
                    235.47169811320754
                ], 
                [
                    33.75643224699829, 
                    232.17838765008577
                ], 
                [
                    33.75643224699829, 
                    200.06861063464837
                ], 
                [
                    25.523156089193826, 
                    199.24528301886792
                ], 
                [
                    26.346483704974272, 
                    228.88507718696397
                ], 
                [
                    21.406518010291595, 
                    228.88507718696397
                ], 
                [
                    18.936535162950257, 
                    261.8181818181818
                ]
            ], 
            "user": "daid", 
            "verified": 0
        }, 
        {
            "date": "09-Apr-2018 21:28:24", 
            "deleted": 0, 
            "draw": true, 
            "id": 9, 
            "label": "sidewalk", 
            "polygon": [
                [
                    853.0, 
                    442.9502572898799
                ], 
                [
                    748.4048027444254, 
                    408.3704974271012
                ], 
                [
                    675.9519725557461, 
                    380.37735849056605
                ], 
                [
                    626.5523156089193, 
                    361.44082332761576
                ], 
                [
                    567.2727272727273, 
                    331.8010291595197
                ], 
                [
                    525.2830188679245, 
                    302.9845626072041
                ], 
                [
                    484.1166380789022, 
                    277.4614065180103
                ], 
                [
                    474.23670668953685, 
                    268.4048027444254
                ], 
                [
                    473.4133790737564, 
                    249.46826758147512
                ], 
                [
                    478.3533447684391, 
                    246.9982847341338
                ], 
                [
                    490.7032590051458, 
                    250.29159519725556
                ], 
                [
                    494.819897084048, 
                    259.3481989708405
                ], 
                [
                    499.7598627787307, 
                    259.3481989708405
                ], 
                [
                    500.5831903945111, 
                    251.11492281303603
                ], 
                [
                    530.2229845626072, 
                    261.8181818181818
                ], 
                [
                    532.6929674099486, 
                    264.28816466552314
                ], 
                [
                    534.3396226415094, 
                    278.2847341337907
                ], 
                [
                    542.5728987993139, 
                    280.75471698113205
                ], 
                [
                    545.0428816466552, 
                    274.1680960548885
                ], 
                [
                    546.6895368782161, 
                    270.0514579759863
                ], 
                [
                    550.8061749571184, 
                    278.2847341337907
                ], 
                [
                    559.0394511149228, 
                    282.401372212693
                ], 
                [
                    562.3327615780446, 
                    274.99142367066895
                ], 
                [
                    564.802744425386, 
                    270.87478559176674
                ], 
                [
                    601.0291595197256, 
                    283.22469982847343
                ], 
                [
                    624.0823327615781, 
                    293.10463121783874
                ], 
                [
                    663.6020583190394, 
                    306.2778730703259
                ], 
                [
                    713.0017152658662, 
                    319.451114922813
                ], 
                [
                    762.401372212693, 
                    330.9777015437393
                ], 
                [
                    829.9142367066895, 
                    344.97427101200685
                ], 
                [
                    853.0, 
                    349.9142367066895
                ]
            ], 
            "user": "daid", 
            "verified": 0
        }, 
        {
            "date": "09-Apr-2018 21:28:43", 
            "deleted": 0, 
            "draw": true, 
            "id": 10, 
            "label": "person", 
            "polygon": [
                [
                    494.819897084048, 
                    257.7015437392796
                ], 
                [
                    500.5831903945111, 
                    250.29159519725556
                ], 
                [
                    503.87650085763295, 
                    242.0583190394511
                ], 
                [
                    502.22984562607206, 
                    229.7084048027444
                ], 
                [
                    495.64322469982847, 
                    225.5917667238422
                ], 
                [
                    493.17324185248714, 
                    230.53173241852488
                ], 
                [
                    493.17324185248714, 
                    235.47169811320754
                ], 
                [
                    492.3499142367067, 
                    242.88164665523155
                ], 
                [
                    492.3499142367067, 
                    251.11492281303603
                ]
            ], 
            "user": "daid", 
            "verified": 0
        }, 
        {
            "date": "09-Apr-2018 21:29:10", 
            "deleted": 0, 
            "draw": true, 
            "id": 11, 
            "label": "car", 
            "polygon": [
                [
                    307.1012006861063, 
                    235.47169811320754
                ], 
                [
                    312.04116638078904, 
                    237.11835334476842
                ], 
                [
                    321.92109777015435, 
                    239.58833619210978
                ], 
                [
                    326.0377358490566, 
                    239.58833619210978
                ], 
                [
                    327.6843910806175, 
                    234.6483704974271
                ], 
                [
                    324.39108061749573, 
                    226.41509433962264
                ], 
                [
                    307.1012006861063, 
                    224.76843910806176
                ], 
                [
                    303.80789022298455, 
                    224.76843910806176
                ]
            ], 
            "user": "daid", 
            "verified": 0
        }, 
        {
            "date": "09-Apr-2018 21:32:36", 
            "deleted": 0, 
            "draw": true, 
            "id": 12, 
            "label": "road", 
            "polygon": [
                [
                    182.77873070325901, 
                    477.5300171526587
                ], 
                [
                    219.00514579759863, 
                    464.35677530017153
                ], 
                [
                    269.22813036020585, 
                    445.42024013722124
                ], 
                [
                    301.3379073756432, 
                    435.54030874785593
                ], 
                [
                    318.6277873070326, 
                    438.8336192109777
                ], 
                [
                    365.55746140651803, 
                    434.7169811320755
                ], 
                [
                    431.42367066895366, 
                    429.7770154373928
                ], 
                [
                    475.8833619210978, 
                    432.2469982847341
                ], 
                [
                    521.1663807890222, 
                    432.2469982847341
                ], 
                [
                    577.9759862778731, 
                    434.7169811320755
                ], 
                [
                    631.492281303602, 
                    439.65694682675814
                ], 
                [
                    681.7152658662093, 
                    452.00686106346484
                ], 
                [
                    726.1749571183533, 
                    464.35677530017153
                ], 
                [
                    755.8147512864493, 
                    479.0
                ], 
                [
                    853.0, 
                    479.0
                ], 
                [
                    853.0, 
                    440.4802744425386
                ], 
                [
                    793.6878216123499, 
                    422.3670668953688
                ], 
                [
                    749.2281303602058, 
                    408.3704974271012
                ], 
                [
                    699.828473413379, 
                    388.6106346483705
                ], 
                [
                    656.1921097770154, 
                    372.14408233276157
                ], 
                [
                    611.7324185248714, 
                    352.3842195540309
                ], 
                [
                    570.566037735849, 
                    333.4476843910806
                ], 
                [
                    526.106346483705, 
                    300.5145797598628
                ], 
                [
                    489.0566037735849, 
                    277.4614065180103
                ], 
                [
                    474.23670668953685, 
                    266.75814751286447
                ], 
                [
                    474.23670668953685, 
                    269.22813036020585
                ], 
                [
                    480.0, 
                    284.8713550600343
                ], 
                [
                    484.93996569468266, 
                    292.2813036020583
                ], 
                [
                    484.93996569468266, 
                    296.39794168096057
                ], 
                [
                    475.06003430531734, 
                    300.5145797598628
                ], 
                [
                    469.2967409948542, 
                    298.04459691252146
                ], 
                [
                    475.06003430531734, 
                    293.10463121783874
                ], 
                [
                    464.35677530017153, 
                    276.63807890222984
                ], 
                [
                    461.8867924528302, 
                    276.63807890222984
                ], 
                [
                    455.3001715265866, 
                    286.5180102915952
                ], 
                [
                    453.6535162950257, 
                    293.9279588336192
                ], 
                [
                    451.1835334476844, 
                    297.221269296741
                ], 
                [
                    438.8336192109777, 
                    293.10463121783874
                ], 
                [
                    437.1869639794168, 
                    286.5180102915952
                ], 
                [
                    444.5969125214408, 
                    288.1646655231561
                ], 
                [
                    447.0668953687822, 
                    280.75471698113205
                ], 
                [
                    452.00686106346484, 
                    265.934819897084
                ], 
                [
                    452.00686106346484, 
                    256.0548885077187
                ], 
                [
                    452.8301886792453, 
                    246.17495711835335
                ], 
                [
                    447.0668953687822, 
                    242.88164665523155
                ], 
                [
                    442.9502572898799, 
                    242.88164665523155
                ], 
                [
                    434.7169811320755, 
                    243.704974271012
                ], 
                [
                    425.66037735849056, 
                    243.704974271012
                ], 
                [
                    420.7204116638079, 
                    241.23499142367066
                ], 
                [
                    414.1337907375643, 
                    242.88164665523155
                ], 
                [
                    402.60720411663806, 
                    243.704974271012
                ], 
                [
                    391.90394511149225, 
                    241.23499142367066
                ], 
                [
                    376.2607204116638, 
                    241.23499142367066
                ], 
                [
                    363.9108061749571, 
                    241.23499142367066
                ], 
                [
                    378.73070325900517, 
                    251.11492281303603
                ], 
                [
                    333.4476843910806, 
                    276.63807890222984
                ], 
                [
                    346.62092624356774, 
                    279.9313893653516
                ], 
                [
                    363.9108061749571, 
                    279.9313893653516
                ], 
                [
                    373.79073756432246, 
                    282.401372212693
                ], 
                [
                    375.43739279588334, 
                    287.34133790737565
                ], 
                [
                    369.67409948542024, 
                    302.9845626072041
                ], 
                [
                    348.2675814751286, 
                    325.2144082332762
                ], 
                [
                    328.50771869639794, 
                    347.4442538593482
                ], 
                [
                    303.80789022298455, 
                    363.9108061749571
                ], 
                [
                    286.5180102915952, 
                    375.43739279588334
                ], 
                [
                    286.5180102915952, 
                    375.43739279588334
                ], 
                [
                    272.5214408233276, 
                    385.3173241852487
                ], 
                [
                    240.41166380789022, 
                    389.4339622641509
                ], 
                [
                    202.5385934819897, 
                    391.90394511149225
                ], 
                [
                    160.54888507718695, 
                    385.3173241852487
                ], 
                [
                    146.55231560891937, 
                    382.02401372212694
                ], 
                [
                    144.08233276157804, 
                    373.79073756432246
                ], 
                [
                    159.7255574614065, 
                    362.2641509433962
                ], 
                [
                    180.30874785591766, 
                    349.9142367066895
                ], 
                [
                    209.94854202401373, 
                    331.8010291595197
                ], 
                [
                    214.8885077186964, 
                    326.86106346483706
                ], 
                [
                    216.53516295025727, 
                    287.34133790737565
                ], 
                [
                    224.76843910806176, 
                    277.4614065180103
                ], 
                [
                    228.06174957118353, 
                    273.34476843910807
                ], 
                [
                    230.53173241852488, 
                    186.07204116638079
                ], 
                [
                    215.71183533447683, 
                    184.4253859348199
                ], 
                [
                    211.59519725557462, 
                    183.60205831903946
                ], 
                [
                    216.53516295025727, 
                    184.4253859348199
                ], 
                [
                    228.88507718696397, 
                    187.71869639794167
                ], 
                [
                    228.88507718696397, 
                    241.23499142367066
                ], 
                [
                    220.65180102915951, 
                    244.52830188679246
                ], 
                [
                    193.4819897084048, 
                    243.704974271012
                ], 
                [
                    172.0754716981132, 
                    246.9982847341338
                ], 
                [
                    142.43567753001716, 
                    247.82161234991423
                ], 
                [
                    125.96912521440824, 
                    247.82161234991423
                ], 
                [
                    116.08919382504288, 
                    249.46826758147512
                ], 
                [
                    104.56260720411663, 
                    250.29159519725556
                ], 
                [
                    83.97941680960548, 
                    251.93825042881647
                ], 
                [
                    65.04288164665523, 
                    252.76157804459692
                ], 
                [
                    43.63636363636363, 
                    255.23156089193824
                ], 
                [
                    41.98970840480274, 
                    257.7015437392796
                ], 
                [
                    50.2229845626072, 
                    260.99485420240137
                ], 
                [
                    70.80617495711836, 
                    264.28816466552314
                ], 
                [
                    77.39279588336193, 
                    265.1114922813036
                ], 
                [
                    81.50943396226415, 
                    271.6981132075472
                ], 
                [
                    63.39622641509434, 
                    278.2847341337907
                ], 
                [
                    31.286449399656945, 
                    284.0480274442539
                ], 
                [
                    0.0, 
                    288.98799313893653
                ], 
                [
                    0.0, 
                    479.0
                ]
            ], 
            "user": "daid", 
            "verified": 0
        }, 
        {
            "date": "09-Apr-2018 21:33:29", 
            "deleted": 0, 
            "draw": true, 
            "id": 13, 
            "label": "building", 
            "polygon": [
                [
                    373.79073756432246, 
                    192.65866209262435
                ], 
                [
                    384.49399656946827, 
                    184.4253859348199
                ], 
                [
                    411.663807890223, 
                    184.4253859348199
                ], 
                [
                    418.2504288164665, 
                    184.4253859348199
                ], 
                [
                    425.66037735849056, 
                    200.8919382504288
                ], 
                [
                    446.2435677530017, 
                    204.1852487135506
                ], 
                [
                    456.9468267581475, 
                    185.24871355060034
                ], 
                [
                    493.9965694682676, 
                    183.60205831903946
                ], 
                [
                    500.5831903945111, 
                    181.1320754716981
                ], 
                [
                    505.52315608919383, 
                    220.65180102915951
                ], 
                [
                    483.29331046312177, 
                    221.47512864493996
                ], 
                [
                    464.35677530017153, 
                    217.35849056603774
                ], 
                [
                    444.5969125214408, 
                    214.8885077186964
                ], 
                [
                    419.07375643224697, 
                    213.2418524871355
                ], 
                [
                    405.9005145797599, 
                    211.59519725557462
                ], 
                [
                    390.25728987993136, 
                    211.59519725557462
                ], 
                [
                    386.14065180102915, 
                    214.06518010291595
                ], 
                [
                    386.14065180102915, 
                    231.35506003430532
                ], 
                [
                    371.3207547169811, 
                    232.17838765008577
                ]
            ], 
            "user": "daid", 
            "verified": 0
        }, 
        {
            "date": "09-Apr-2018 21:34:07", 
            "deleted": 0, 
            "draw": true, 
            "id": 14, 
            "label": "building", 
            "polygon": [
                [
                    556.5694682675814, 
                    107.03259005145797
                ], 
                [
                    620.7890222984563, 
                    54.339622641509436
                ], 
                [
                    667.7186963979417, 
                    18.936535162950257
                ], 
                [
                    710.5317324185248, 
                    0.0
                ], 
                [
                    853.0, 
                    0.0
                ], 
                [
                    853.0, 
                    279.9313893653516
                ], 
                [
                    763.2246998284734, 
                    275.8147512864494
                ], 
                [
                    764.0480274442539, 
                    251.11492281303603
                ], 
                [
                    678.4219554030875, 
                    246.17495711835335
                ], 
                [
                    656.1921097770154, 
                    240.41166380789022
                ], 
                [
                    687.4785591766723, 
                    206.65523156089193
                ], 
                [
                    659.4854202401372, 
                    181.95540308747854
                ], 
                [
                    638.902229845626, 
                    167.95883361921096
                ], 
                [
                    605.1457975986277, 
                    163.0188679245283
                ], 
                [
                    587.032590051458, 
                    160.54888507718695
                ], 
                [
                    557.3927958833619, 
                    150.6689536878216
                ]
            ], 
            "user": "daid", 
            "verified": 0
        }, 
        {
            "date": "09-Apr-2018 21:34:28", 
            "deleted": 0, 
            "draw": true, 
            "id": 15, 
            "label": "building", 
            "polygon": [
                [
                    303.80789022298455, 
                    223.12178387650084
                ], 
                [
                    340.85763293310464, 
                    225.5917667238422
                ], 
                [
                    343.32761578044597, 
                    153.96226415094338
                ], 
                [
                    337.56432246998287, 
                    139.9656946826758
                ], 
                [
                    307.1012006861063, 
                    107.03259005145797
                ], 
                [
                    298.8679245283019, 
                    101.26929674099485
                ], 
                [
                    284.0480274442539, 
                    97.15265866209262
                ], 
                [
                    279.10806174957116, 
                    146.55231560891937
                ], 
                [
                    273.34476843910807, 
                    218.1818181818182
                ]
            ], 
            "user": "daid", 
            "verified": 0
        }, 
        {
            "date": "09-Apr-2018 21:35:00", 
            "deleted": 0, 
            "draw": true, 
            "id": 16, 
            "label": "building", 
            "polygon": [
                [
                    102.91595197255575, 
                    233.82504288164665
                ], 
                [
                    195.95197255574612, 
                    237.11835334476842
                ], 
                [
                    225.5917667238422, 
                    236.29502572898798
                ], 
                [
                    222.2984562607204, 
                    215.71183533447683
                ], 
                [
                    228.88507718696397, 
                    214.06518010291595
                ], 
                [
                    229.7084048027444, 
                    187.71869639794167
                ], 
                [
                    210.77186963979418, 
                    181.1320754716981
                ], 
                [
                    213.2418524871355, 
                    135.8490566037736
                ], 
                [
                    214.06518010291595, 
                    107.03259005145797
                ], 
                [
                    195.95197255574612, 
                    81.50943396226415
                ], 
                [
                    156.43224699828474, 
                    76.56946826758147
                ], 
                [
                    102.0926243567753, 
                    76.56946826758147
                ], 
                [
                    65.04288164665523, 
                    77.39279588336193
                ], 
                [
                    49.39965694682676, 
                    83.97941680960548
                ], 
                [
                    41.98970840480274, 
                    95.50600343053173
                ], 
                [
                    51.04631217838765, 
                    140.78902229845625
                ], 
                [
                    50.2229845626072, 
                    175.36878216123498
                ], 
                [
                    51.869639794168094, 
                    200.8919382504288
                ], 
                [
                    60.102915951972555, 
                    206.65523156089193
                ], 
                [
                    102.0926243567753, 
                    210.77186963979418
                ]
            ], 
            "user": "daid", 
            "verified": 0
        }, 
        {
            "date": "09-Apr-2018 21:35:20", 
            "deleted": 0, 
            "draw": true, 
            "id": 17, 
            "label": "bicycle", 
            "polygon": [
                [
                    41.1663807890223, 
                    249.46826758147512
                ], 
                [
                    50.2229845626072, 
                    249.46826758147512
                ], 
                [
                    58.45626072041166, 
                    247.82161234991423
                ], 
                [
                    71.6295025728988, 
                    247.82161234991423
                ], 
                [
                    82.3327615780446, 
                    247.82161234991423
                ], 
                [
                    88.09605488850772, 
                    234.6483704974271
                ], 
                [
                    75.74614065180103, 
                    228.06174957118353
                ], 
                [
                    53.516295025728986, 
                    228.06174957118353
                ], 
                [
                    36.22641509433962, 
                    228.88507718696397
                ]
            ], 
            "user": "daid", 
            "verified": 0
        }, 
        {
            "date": "09-Apr-2018 21:36:13", 
            "deleted": 0, 
            "draw": true, 
            "id": 18, 
            "label": "sidewalk", 
            "polygon": [
                [
                    334.27101200686104, 
                    340.85763293310464
                ], 
                [
                    373.79073756432246, 
                    292.2813036020583
                ], 
                [
                    372.967409948542, 
                    280.75471698113205
                ], 
                [
                    361.44082332761576, 
                    276.63807890222984
                ], 
                [
                    344.97427101200685, 
                    274.1680960548885
                ], 
                [
                    320.27444253859346, 
                    279.9313893653516
                ], 
                [
                    312.04116638078904, 
                    286.5180102915952
                ], 
                [
                    267.5814751286449, 
                    308.7478559176672
                ], 
                [
                    245.3516295025729, 
                    322.7444253859348
                ], 
                [
                    246.17495711835335, 
                    340.85763293310464
                ], 
                [
                    246.17495711835335, 
                    350.73756432246995
                ], 
                [
                    246.17495711835335, 
                    355.67753001715266
                ], 
                [
                    239.58833619210978, 
                    359.7941680960549
                ], 
                [
                    225.5917667238422, 
                    363.08747855917665
                ], 
                [
                    215.71183533447683, 
                    362.2641509433962
                ], 
                [
                    214.06518010291595, 
                    335.9176672384219
                ], 
                [
                    205.8319039451115, 
                    338.3876500857633
                ], 
                [
                    186.89536878216123, 
                    350.73756432246995
                ], 
                [
                    174.54545454545453, 
                    357.32418524871355
                ], 
                [
                    163.84219554030875, 
                    368.02744425385936
                ], 
                [
                    163.84219554030875, 
                    379.5540308747856
                ], 
                [
                    172.0754716981132, 
                    386.14065180102915
                ], 
                [
                    182.77873070325901, 
                    387.78730703259004
                ], 
                [
                    202.5385934819897, 
                    390.25728987993136
                ], 
                [
                    233.0017152658662, 
                    387.78730703259004
                ], 
                [
                    266.75814751286447, 
                    383.6706689536878
                ], 
                [
                    293.9279588336192, 
                    371.3207547169811
                ], 
                [
                    326.0377358490566, 
                    347.4442538593482
                ]
            ], 
            "user": "daid", 
            "verified": 0
        }, 
        {
            "date": "09-Apr-2018 21:36:36", 
            "deleted": 0, 
            "draw": true, 
            "id": 19, 
            "label": "sidewalk", 
            "polygon": [
                [
                    1.646655231560892, 
                    288.1646655231561
                ], 
                [
                    45.283018867924525, 
                    281.5780445969125
                ], 
                [
                    76.56946826758147, 
                    275.8147512864494
                ], 
                [
                    78.21612349914237, 
                    267.5814751286449
                ], 
                [
                    62.57289879931389, 
                    264.28816466552314
                ], 
                [
                    40.34305317324185, 
                    262.64150943396226
                ], 
                [
                    35.40308747855918, 
                    262.64150943396226
                ], 
                [
                    35.40308747855918, 
                    269.22813036020585
                ], 
                [
                    29.639794168096053, 
                    271.6981132075472
                ], 
                [
                    22.22984562607204, 
                    270.87478559176674
                ], 
                [
                    13.173241852487136, 
                    270.87478559176674
                ], 
                [
                    2.469982847341338, 
                    270.87478559176674
                ]
            ], 
            "user": "daid", 
            "verified": 0
        }, 
        {
            "date": "09-Apr-2018 21:36:59", 
            "deleted": 0, 
            "draw": true, 
            "id": 20, 
            "label": "person", 
            "polygon": [
                [
                    349.09090909090907, 
                    226.41509433962264
                ], 
                [
                    349.09090909090907, 
                    237.11835334476842
                ], 
                [
                    363.9108061749571, 
                    237.11835334476842
                ], 
                [
                    364.7341337907376, 
                    222.2984562607204
                ]
            ], 
            "user": "daid", 
            "verified": 0
        }
    ]
}