{
    "imgHeight": 1080, 
    "imgWidth": 1920, 
    "objects": [
        {
            "date": "15-Nov-2018 17:26:35", 
            "deleted": 0, 
            "draw": true, 
            "id": 0, 
            "label": "car", 
            "polygon": [
                [
                    1343.0051813471503, 
                    777.8238341968912
                ], 
                [
                    1443.7305699481865, 
                    783.419689119171
                ], 
                [
                    1464.2487046632125, 
                    734.9222797927462
                ], 
                [
                    1458.6528497409327, 
                    699.4818652849741
                ], 
                [
                    1451.1917098445597, 
                    673.3678756476684
                ], 
                [
                    1428.8082901554405, 
                    664.041450777202
                ], 
                [
                    1344.8704663212436, 
                    664.041450777202
                ], 
                [
                    1324.3523316062176, 
                    692.020725388601
                ], 
                [
                    1322.4870466321245, 
                    744.2487046632125
                ], 
                [
                    1322.4870466321245, 
                    766.6321243523316
                ]
            ], 
            "user": "daid", 
            "verified": 0
        }, 
        {
            "date": "15-Nov-2018 17:27:45", 
            "deleted": 0, 
            "draw": true, 
            "id": 1, 
            "label": "road", 
            "polygon": [
                [
                    3.7305699481865284, 
                    843.1088082901555
                ], 
                [
                    270.46632124352334, 
                    802.0725388601037
                ], 
                [
                    382.3834196891192, 
                    775.958549222798
                ], 
                [
                    499.89637305699483, 
                    761.0362694300518
                ], 
                [
                    626.7357512953369, 
                    740.5181347150259
                ], 
                [
                    721.8652849740932, 
                    725.5958549222798
                ], 
                [
                    787.1502590673575, 
                    718.1347150259068
                ], 
                [
                    833.7823834196892, 
                    714.4041450777203
                ], 
                [
                    874.8186528497409, 
                    716.2694300518135
                ], 
                [
                    921.4507772020726, 
                    721.8652849740932
                ], 
                [
                    949.4300518134716, 
                    727.4611398963731
                ], 
                [
                    996.0621761658032, 
                    751.7098445595855
                ], 
                [
                    1040.8290155440416, 
                    781.5544041450778
                ], 
                [
                    1080.0, 
                    816.9948186528497
                ], 
                [
                    1124.7668393782383, 
                    858.0310880829015
                ], 
                [
                    1182.5906735751296, 
                    917.7202072538861
                ], 
                [
                    1240.4145077720207, 
                    979.2746113989638
                ], 
                [
                    1301.9689119170985, 
                    1042.6943005181347
                ], 
                [
                    1333.678756476684, 
                    1079.0
                ], 
                [
                    0.0, 
                    1079.0
                ]
            ], 
            "user": "daid", 
            "verified": 0
        }, 
        {
            "date": "15-Nov-2018 17:28:37", 
            "deleted": 0, 
            "draw": true, 
            "id": 2, 
            "label": "sidewalk", 
            "polygon": [
                [
                    956.8911917098446, 
                    733.0569948186529
                ], 
                [
                    999.7927461139897, 
                    731.1917098445596
                ], 
                [
                    1022.1761658031088, 
                    736.7875647668394
                ], 
                [
                    1061.3471502590673, 
                    742.3834196891193
                ], 
                [
                    1104.2487046632125, 
                    749.8445595854922
                ], 
                [
                    1137.8238341968913, 
                    755.4404145077721
                ], 
                [
                    1167.6683937823834, 
                    757.3056994818653
                ], 
                [
                    1191.917098445596, 
                    757.3056994818653
                ], 
                [
                    1195.6476683937824, 
                    775.958549222798
                ], 
                [
                    1214.300518134715, 
                    772.2279792746115
                ], 
                [
                    1240.4145077720207, 
                    785.2849740932643
                ], 
                [
                    1277.720207253886, 
                    796.4766839378239
                ], 
                [
                    1311.2953367875648, 
                    798.3419689119171
                ], 
                [
                    1356.062176165803, 
                    809.5336787564767
                ], 
                [
                    1387.7720207253888, 
                    820.7253886010363
                ], 
                [
                    1389.6373056994819, 
                    858.0310880829015
                ], 
                [
                    1408.2901554404145, 
                    886.0103626943005
                ], 
                [
                    1410.155440414508, 
                    928.9119170984457
                ], 
                [
                    1436.2694300518135, 
                    973.6787564766839
                ], 
                [
                    1484.7668393782385, 
                    981.139896373057
                ], 
                [
                    1484.7668393782385, 
                    1063.2124352331607
                ], 
                [
                    1484.7668393782385, 
                    1076.2694300518135
                ], 
                [
                    1344.8704663212436, 
                    1078.1347150259069
                ], 
                [
                    1296.3730569948186, 
                    1016.5803108808291
                ], 
                [
                    1229.2227979274612, 
                    945.699481865285
                ], 
                [
                    1182.5906735751296, 
                    891.6062176165804
                ], 
                [
                    1117.3056994818653, 
                    833.7823834196892
                ], 
                [
                    1068.8082901554405, 
                    789.0155440414508
                ], 
                [
                    1024.041450777202, 
                    764.7668393782384
                ], 
                [
                    996.0621761658032, 
                    746.1139896373057
                ]
            ], 
            "user": "daid", 
            "verified": 0
        }, 
        {
            "date": "15-Nov-2018 17:29:24", 
            "deleted": 0, 
            "draw": true, 
            "id": 3, 
            "label": "sidewalk", 
            "polygon": [
                [
                    1.8652849740932642, 
                    815.1295336787565
                ], 
                [
                    1.8652849740932642, 
                    843.1088082901555
                ], 
                [
                    236.89119170984458, 
                    809.5336787564767
                ], 
                [
                    300.31088082901556, 
                    794.6113989637306
                ], 
                [
                    399.17098445595855, 
                    772.2279792746115
                ], 
                [
                    507.3575129533679, 
                    762.9015544041451
                ], 
                [
                    570.7772020725389, 
                    746.1139896373057
                ], 
                [
                    634.1968911917098, 
                    740.5181347150259
                ], 
                [
                    621.139896373057, 
                    731.1917098445596
                ], 
                [
                    591.2953367875648, 
                    733.0569948186529
                ], 
                [
                    557.720207253886, 
                    733.0569948186529
                ], 
                [
                    524.1450777202073, 
                    736.7875647668394
                ], 
                [
                    499.89637305699483, 
                    744.2487046632125
                ], 
                [
                    479.37823834196894, 
                    747.979274611399
                ], 
                [
                    445.8031088082902, 
                    751.7098445595855
                ], 
                [
                    414.09326424870466, 
                    757.3056994818653
                ], 
                [
                    365.5958549222798, 
                    764.7668393782384
                ], 
                [
                    320.82901554404145, 
                    772.2279792746115
                ], 
                [
                    285.38860103626945, 
                    774.0932642487047
                ], 
                [
                    244.35233160621763, 
                    779.6891191709844
                ], 
                [
                    193.9896373056995, 
                    787.1502590673575
                ], 
                [
                    147.3575129533679, 
                    789.0155440414508
                ], 
                [
                    108.18652849740933, 
                    800.2072538860103
                ], 
                [
                    59.689119170984455, 
                    800.2072538860103
                ], 
                [
                    13.05699481865285, 
                    807.6683937823834
                ]
            ], 
            "user": "daid", 
            "verified": 0
        }, 
        {
            "date": "15-Nov-2018 17:30:09", 
            "deleted": 0, 
            "draw": true, 
            "id": 4, 
            "label": "building", 
            "polygon": [
                [
                    0.0, 
                    811.39896373057
                ], 
                [
                    50.362694300518136, 
                    802.0725388601037
                ], 
                [
                    108.18652849740933, 
                    798.3419689119171
                ], 
                [
                    149.22279792746116, 
                    787.1502590673575
                ], 
                [
                    199.58549222797927, 
                    787.1502590673575
                ], 
                [
                    290.98445595854923, 
                    774.0932642487047
                ], 
                [
                    326.42487046632124, 
                    774.0932642487047
                ], 
                [
                    386.11398963730574, 
                    759.1709844559585
                ], 
                [
                    438.3419689119171, 
                    757.3056994818653
                ], 
                [
                    501.7616580310881, 
                    744.2487046632125
                ], 
                [
                    529.7409326424871, 
                    733.0569948186529
                ], 
                [
                    535.3367875647668, 
                    710.6735751295337
                ], 
                [
                    533.4715025906736, 
                    664.041450777202
                ], 
                [
                    555.8549222797927, 
                    225.69948186528498
                ], 
                [
                    436.47668393782385, 
                    74.61139896373058
                ], 
                [
                    358.13471502590676, 
                    1.8652849740932642
                ], 
                [
                    0.0, 
                    0.0
                ]
            ], 
            "user": "daid", 
            "verified": 0
        }, 
        {
            "date": "15-Nov-2018 17:30:40", 
            "deleted": 0, 
            "draw": true, 
            "id": 5, 
            "label": "building", 
            "polygon": [
                [
                    546.5284974093264, 
                    731.1917098445596
                ], 
                [
                    587.5647668393783, 
                    731.1917098445596
                ], 
                [
                    621.139896373057, 
                    731.1917098445596
                ], 
                [
                    649.119170984456, 
                    729.3264248704663
                ], 
                [
                    654.7150259067357, 
                    581.9689119170985
                ], 
                [
                    658.4455958549223, 
                    505.4922279792746
                ], 
                [
                    660.3108808290156, 
                    447.6683937823834
                ], 
                [
                    665.9067357512954, 
                    399.17098445595855
                ], 
                [
                    662.1761658031088, 
                    356.26943005181346
                ], 
                [
                    658.4455958549223, 
                    318.9637305699482
                ], 
                [
                    636.0621761658032, 
                    300.31088082901556
                ], 
                [
                    585.699481865285, 
                    298.4455958549223
                ], 
                [
                    553.9896373056995, 
                    296.580310880829
                ]
            ], 
            "user": "daid", 
            "verified": 0
        }, 
        {
            "date": "15-Nov-2018 20:19:26", 
            "deleted": 0, 
            "draw": true, 
            "id": 6, 
            "label": "building", 
            "polygon": [
                [
                    1014.7150259067358, 
                    731.1917098445596
                ], 
                [
                    1018.4455958549223, 
                    352.538860103627
                ], 
                [
                    1027.7720207253885, 
                    257.40932642487047
                ], 
                [
                    1052.020725388601, 
                    193.9896373056995
                ], 
                [
                    1107.979274611399, 
                    173.4715025906736
                ], 
                [
                    1137.8238341968913, 
                    753.5751295336788
                ]
            ], 
            "user": "daid", 
            "verified": 0
        }
    ]
}