{
    "imgHeight": 1080, 
    "imgWidth": 1920, 
    "objects": [
        {
            "date": "09-Apr-2018 20:36:48", 
            "deleted": 0, 
            "draw": true, 
            "id": 0, 
            "label": "car", 
            "polygon": [
                [
                    294.5454545454545, 
                    596.500857632933
                ], 
                [
                    329.7427101200686, 
                    598.3533447684391
                ], 
                [
                    359.3825042881646, 
                    600.2058319039451
                ], 
                [
                    374.20240137221265, 
                    603.9108061749571
                ], 
                [
                    387.16981132075466, 
                    609.4682675814751
                ], 
                [
                    405.6946826758147, 
                    607.6157804459691
                ], 
                [
                    414.95711835334475, 
                    602.058319039451
                ], 
                [
                    427.92452830188677, 
                    590.9433962264151
                ], 
                [
                    463.12178387650084, 
                    583.533447684391
                ], 
                [
                    477.94168096054887, 
                    585.385934819897
                ], 
                [
                    489.05660377358487, 
                    594.6483704974271
                ], 
                [
                    503.8765008576329, 
                    594.6483704974271
                ], 
                [
                    513.1389365351629, 
                    590.9433962264151
                ], 
                [
                    520.5488850771869, 
                    570.566037735849
                ], 
                [
                    529.8113207547169, 
                    565.008576329331
                ], 
                [
                    527.958833619211, 
                    546.483704974271
                ], 
                [
                    527.958833619211, 
                    527.958833619211
                ], 
                [
                    522.4013722126929, 
                    514.991423670669
                ], 
                [
                    514.991423670669, 
                    505.7289879931389
                ], 
                [
                    505.7289879931389, 
                    496.46655231560885
                ], 
                [
                    496.46655231560885, 
                    489.05660377358487
                ], 
                [
                    483.49914236706684, 
                    489.05660377358487
                ], 
                [
                    452.0068610634648, 
                    487.20411663807886
                ], 
                [
                    420.5145797598627, 
                    489.05660377358487
                ], 
                [
                    372.34991423670664, 
                    485.35162950257285
                ], 
                [
                    350.12006861063463, 
                    500.17152658662087
                ], 
                [
                    326.03773584905656, 
                    513.1389365351629
                ], 
                [
                    300.10291595197253, 
                    524.253859348199
                ], 
                [
                    276.02058319039446, 
                    533.5162950257289
                ], 
                [
                    257.4957118353345, 
                    537.221269296741
                ], 
                [
                    255.64322469982847, 
                    563.156089193825
                ], 
                [
                    263.05317324185245, 
                    579.828473413379
                ], 
                [
                    277.87307032590047, 
                    589.090909090909
                ]
            ], 
            "user": "daid", 
            "verified": 0
        }, 
        {
            "date": "09-Apr-2018 20:37:27", 
            "deleted": 0, 
            "draw": true, 
            "id": 1, 
            "label": "car", 
            "polygon": [
                [
                    3.7049742710120066, 
                    657.6329331046312
                ], 
                [
                    24.082332761578044, 
                    646.5180102915951
                ], 
                [
                    75.95197255574614, 
                    639.1080617495711
                ], 
                [
                    118.55917667238421, 
                    637.2555746140652
                ], 
                [
                    125.96912521440822, 
                    639.1080617495711
                ], 
                [
                    131.52658662092622, 
                    646.5180102915951
                ], 
                [
                    144.49399656946827, 
                    650.2229845626072
                ], 
                [
                    163.01886792452828, 
                    648.3704974271011
                ], 
                [
                    179.6912521440823, 
                    637.2555746140652
                ], 
                [
                    185.2487135506003, 
                    624.2881646655231
                ], 
                [
                    207.47855917667238, 
                    616.8782161234991
                ], 
                [
                    222.2984562607204, 
                    607.6157804459691
                ], 
                [
                    237.11835334476842, 
                    594.6483704974271
                ], 
                [
                    240.8233276157804, 
                    579.828473413379
                ], 
                [
                    238.97084048027443, 
                    566.861063464837
                ], 
                [
                    235.2658662092624, 
                    552.0411663807889
                ], 
                [
                    231.56089193825042, 
                    544.631217838765
                ], 
                [
                    220.4459691252144, 
                    527.958833619211
                ], 
                [
                    207.47855917667238, 
                    514.991423670669
                ], 
                [
                    187.10120068610632, 
                    498.31903945111486
                ], 
                [
                    161.1663807890223, 
                    496.46655231560885
                ], 
                [
                    129.67409948542024, 
                    496.46655231560885
                ], 
                [
                    94.47684391080617, 
                    494.6140651801029
                ], 
                [
                    70.39451114922812, 
                    494.6140651801029
                ], 
                [
                    25.934819897084047, 
                    492.7615780445969
                ], 
                [
                    1.8524871355060033, 
                    490.9090909090909
                ]
            ], 
            "user": "daid", 
            "verified": 0
        }, 
        {
            "date": "09-Apr-2018 20:37:59", 
            "deleted": 0, 
            "draw": true, 
            "id": 2, 
            "label": "car", 
            "polygon": [
                [
                    1074.442538593482, 
                    574.271012006861
                ], 
                [
                    1087.4099485420238, 
                    574.271012006861
                ], 
                [
                    1113.344768439108, 
                    572.418524871355
                ], 
                [
                    1124.459691252144, 
                    572.418524871355
                ], 
                [
                    1128.164665523156, 
                    572.418524871355
                ], 
                [
                    1128.164665523156, 
                    566.861063464837
                ], 
                [
                    1130.017152658662, 
                    552.0411663807889
                ], 
                [
                    1126.31217838765, 
                    535.368782161235
                ], 
                [
                    1126.31217838765, 
                    527.958833619211
                ], 
                [
                    1107.78730703259, 
                    526.1063464837049
                ], 
                [
                    1089.26243567753, 
                    522.4013722126929
                ], 
                [
                    1081.852487135506, 
                    524.253859348199
                ], 
                [
                    1072.590051457976, 
                    531.663807890223
                ], 
                [
                    1068.8850771869638, 
                    535.368782161235
                ], 
                [
                    1067.0325900514579, 
                    553.893653516295
                ], 
                [
                    1067.0325900514579, 
                    563.156089193825
                ]
            ], 
            "user": "daid", 
            "verified": 0
        }, 
        {
            "date": "09-Apr-2018 20:38:25", 
            "deleted": 0, 
            "draw": true, 
            "id": 3, 
            "label": "car", 
            "polygon": [
                [
                    1026.2778730703258, 
                    544.631217838765
                ], 
                [
                    1037.392795883362, 
                    542.7787307032589
                ], 
                [
                    1061.4751286449398, 
                    540.926243567753
                ], 
                [
                    1065.180102915952, 
                    540.926243567753
                ], 
                [
                    1068.8850771869638, 
                    529.8113207547169
                ], 
                [
                    1063.327615780446, 
                    514.991423670669
                ], 
                [
                    1057.7701543739279, 
                    511.28644939965693
                ], 
                [
                    1037.392795883362, 
                    509.4339622641509
                ], 
                [
                    1028.1303602058317, 
                    509.4339622641509
                ]
            ], 
            "user": "daid", 
            "verified": 0
        }, 
        {
            "date": "09-Apr-2018 20:38:44", 
            "deleted": 0, 
            "draw": true, 
            "id": 4, 
            "label": "car", 
            "polygon": [
                [
                    907.7186963979416, 
                    527.958833619211
                ], 
                [
                    928.0960548885076, 
                    524.253859348199
                ], 
                [
                    928.0960548885076, 
                    503.8765008576329
                ], 
                [
                    926.2435677530017, 
                    498.31903945111486
                ], 
                [
                    904.0137221269296, 
                    498.31903945111486
                ], 
                [
                    900.3087478559175, 
                    522.4013722126929
                ]
            ], 
            "user": "daid", 
            "verified": 0
        }, 
        {
            "date": "09-Apr-2018 20:39:10", 
            "deleted": 0, 
            "draw": true, 
            "id": 5, 
            "label": "traffic sign", 
            "polygon": [
                [
                    1202.264150943396, 
                    426.07204116638076
                ], 
                [
                    1202.264150943396, 
                    472.38421955403084
                ], 
                [
                    1272.6586620926244, 
                    474.23670668953685
                ], 
                [
                    1272.6586620926244, 
                    418.6620926243567
                ], 
                [
                    1200.4116638078901, 
                    416.80960548885076
                ]
            ], 
            "user": "daid", 
            "verified": 0
        }, 
        {
            "date": "09-Apr-2018 20:39:54", 
            "deleted": 0, 
            "draw": true, 
            "id": 6, 
            "label": "train", 
            "polygon": [
                [
                    559.451114922813, 
                    407.5471698113207
                ], 
                [
                    552.0411663807889, 
                    446.4493996569468
                ], 
                [
                    552.0411663807889, 
                    566.861063464837
                ], 
                [
                    557.598627787307, 
                    579.828473413379
                ], 
                [
                    624.2881646655231, 
                    585.385934819897
                ], 
                [
                    659.4854202401372, 
                    592.795883361921
                ], 
                [
                    683.5677530017152, 
                    594.6483704974271
                ], 
                [
                    694.6826758147512, 
                    594.6483704974271
                ], 
                [
                    885.4888507718696, 
                    548.336192109777
                ], 
                [
                    900.3087478559175, 
                    546.483704974271
                ], 
                [
                    900.3087478559175, 
                    472.38421955403084
                ], 
                [
                    900.3087478559175, 
                    466.8267581475128
                ], 
                [
                    811.3893653516294, 
                    442.7444253859348
                ], 
                [
                    713.2075471698113, 
                    407.5471698113207
                ], 
                [
                    618.730703259005, 
                    398.2847341337907
                ], 
                [
                    583.533447684391, 
                    400.13722126929673
                ], 
                [
                    561.303602058319, 
                    400.13722126929673
                ]
            ], 
            "user": "daid", 
            "verified": 0
        }, 
        {
            "date": "09-Apr-2018 20:40:42", 
            "deleted": 0, 
            "draw": true, 
            "id": 7, 
            "label": "person", 
            "polygon": [
                [
                    1637.598627787307, 
                    696.5351629502572
                ], 
                [
                    1678.353344768439, 
                    700.2401372212693
                ], 
                [
                    1680.205831903945, 
                    648.3704974271011
                ], 
                [
                    1695.025728987993, 
                    676.1578044596912
                ], 
                [
                    1696.878216123499, 
                    687.2727272727273
                ], 
                [
                    1693.173241852487, 
                    702.0926243567752
                ], 
                [
                    1717.2555746140652, 
                    709.5025728987993
                ], 
                [
                    1733.927958833619, 
                    705.7975986277872
                ], 
                [
                    1719.108061749571, 
                    670.6003430531732
                ], 
                [
                    1730.222984562607, 
                    652.0754716981131
                ], 
                [
                    1732.075471698113, 
                    631.6981132075471
                ], 
                [
                    1733.927958833619, 
                    624.2881646655231
                ], 
                [
                    1720.960548885077, 
                    559.451114922813
                ], 
                [
                    1702.435677530017, 
                    537.221269296741
                ], 
                [
                    1687.615780445969, 
                    522.4013722126929
                ], 
                [
                    1654.271012006861, 
                    514.991423670669
                ], 
                [
                    1654.271012006861, 
                    539.0737564322469
                ], 
                [
                    1654.271012006861, 
                    583.533447684391
                ], 
                [
                    1654.271012006861, 
                    620.5831903945111
                ], 
                [
                    1652.418524871355, 
                    663.1903945111492
                ], 
                [
                    1639.4511149228128, 
                    674.3053173241852
                ]
            ], 
            "user": "daid", 
            "verified": 0
        }, 
        {
            "date": "09-Apr-2018 20:41:09", 
            "deleted": 0, 
            "draw": true, 
            "id": 8, 
            "label": "person", 
            "polygon": [
                [
                    1759.8627787307032, 
                    683.5677530017152
                ], 
                [
                    1772.830188679245, 
                    679.8627787307032
                ], 
                [
                    1795.0600343053172, 
                    687.2727272727273
                ], 
                [
                    1800.617495711835, 
                    652.0754716981131
                ], 
                [
                    1783.945111492281, 
                    627.9931389365352
                ], 
                [
                    1785.7975986277872, 
                    613.1732418524871
                ], 
                [
                    1772.830188679245, 
                    546.483704974271
                ], 
                [
                    1741.337907375643, 
                    518.696397941681
                ], 
                [
                    1728.370497427101, 
                    518.696397941681
                ], 
                [
                    1724.665523156089, 
                    535.368782161235
                ], 
                [
                    1724.665523156089, 
                    568.713550600343
                ], 
                [
                    1732.075471698113, 
                    627.9931389365352
                ], 
                [
                    1726.5180102915951, 
                    650.2229845626072
                ], 
                [
                    1722.813036020583, 
                    663.1903945111492
                ]
            ], 
            "user": "daid", 
            "verified": 0
        }, 
        {
            "date": "09-Apr-2018 20:42:14", 
            "deleted": 0, 
            "draw": true, 
            "id": 9, 
            "label": "person", 
            "polygon": [
                [
                    0.0, 
                    609.4682675814751
                ], 
                [
                    557.598627787307, 
                    539.0737564322469
                ], 
                [
                    913.2761578044597, 
                    526.1063464837049
                ], 
                [
                    957.7358490566037, 
                    529.8113207547169
                ], 
                [
                    981.8181818181818, 
                    527.958833619211
                ], 
                [
                    1020.7204116638078, 
                    527.958833619211
                ], 
                [
                    1146.6895368782161, 
                    537.221269296741
                ]
            ], 
            "user": "daid", 
            "verified": 0
        }, 
        {
            "date": "09-Apr-2018 20:44:25", 
            "deleted": 0, 
            "draw": true, 
            "id": 10, 
            "label": "road", 
            "polygon": [
                [
                    1917.3241852487133, 
                    752.1097770154373
                ], 
                [
                    1665.3859348198969, 
                    715.0600343053172
                ], 
                [
                    1519.0394511149227, 
                    690.9777015437393
                ], 
                [
                    1431.9725557461406, 
                    678.0102915951971
                ], 
                [
                    1317.1183533447684, 
                    652.0754716981131
                ], 
                [
                    1226.3464837049742, 
                    615.025728987993
                ], 
                [
                    1141.132075471698, 
                    579.828473413379
                ], 
                [
                    1135.57461406518, 
                    572.418524871355
                ], 
                [
                    1078.1475128644938, 
                    576.123499142367
                ], 
                [
                    1072.590051457976, 
                    553.893653516295
                ], 
                [
                    1070.73756432247, 
                    542.7787307032589
                ], 
                [
                    1035.5403087478558, 
                    542.7787307032589
                ], 
                [
                    1022.5728987993139, 
                    542.7787307032589
                ], 
                [
                    1022.5728987993139, 
                    524.253859348199
                ], 
                [
                    957.7358490566037, 
                    524.253859348199
                ], 
                [
                    928.0960548885076, 
                    518.696397941681
                ], 
                [
                    902.1612349914236, 
                    526.1063464837049
                ], 
                [
                    892.8987993138936, 
                    531.663807890223
                ], 
                [
                    892.8987993138936, 
                    540.926243567753
                ], 
                [
                    770.6346483704974, 
                    576.123499142367
                ], 
                [
                    705.7975986277872, 
                    594.6483704974271
                ], 
                [
                    672.4528301886792, 
                    594.6483704974271
                ], 
                [
                    607.6157804459691, 
                    589.090909090909
                ], 
                [
                    572.418524871355, 
                    585.385934819897
                ], 
                [
                    559.451114922813, 
                    565.008576329331
                ], 
                [
                    526.1063464837049, 
                    563.156089193825
                ], 
                [
                    524.253859348199, 
                    589.090909090909
                ], 
                [
                    502.0240137221269, 
                    598.3533447684391
                ], 
                [
                    489.05660377358487, 
                    589.090909090909
                ], 
                [
                    418.6620926243567, 
                    607.6157804459691
                ], 
                [
                    357.5300171526586, 
                    609.4682675814751
                ], 
                [
                    313.07032590051455, 
                    605.763293310463
                ], 
                [
                    274.1680960548885, 
                    596.500857632933
                ], 
                [
                    259.3481989708405, 
                    583.533447684391
                ], 
                [
                    248.23327615780443, 
                    585.385934819897
                ], 
                [
                    242.67581475128642, 
                    603.9108061749571
                ], 
                [
                    229.7084048027444, 
                    615.025728987993
                ], 
                [
                    203.77358490566036, 
                    633.5506003430531
                ], 
                [
                    175.98627787307032, 
                    648.3704974271011
                ], 
                [
                    144.49399656946827, 
                    661.3379073756432
                ], 
                [
                    120.4116638078902, 
                    648.3704974271011
                ], 
                [
                    114.8542024013722, 
                    637.2555746140652
                ], 
                [
                    3.7049742710120066, 
                    655.7804459691251
                ], 
                [
                    0.0, 
                    1079.0
                ], 
                [
                    383.4648370497427, 
                    1079.0
                ], 
                [
                    507.5814751286449, 
                    1024.4253859348198
                ], 
                [
                    622.4356775300171, 
                    987.3756432246997
                ], 
                [
                    646.5180102915951, 
                    989.2281303602058
                ], 
                [
                    918.8336192109776, 
                    979.9656946826757
                ], 
                [
                    1078.1475128644938, 
                    976.2607204116638
                ], 
                [
                    1335.6432246998284, 
                    991.0806174957117
                ], 
                [
                    1469.0222984562606, 
                    1018.8679245283018
                ], 
                [
                    1563.4991423670667, 
                    1044.8027444253858
                ], 
                [
                    1643.156089193825, 
                    1079.0
                ], 
                [
                    1919.0, 
                    1079.0
                ]
            ], 
            "user": "daid", 
            "verified": 0
        }, 
        {
            "date": "09-Apr-2018 20:45:14", 
            "deleted": 0, 
            "draw": true, 
            "id": 11, 
            "label": "pole", 
            "polygon": [
                [
                    1246.72384219554, 
                    203.77358490566036
                ], 
                [
                    1243.0188679245282, 
                    413.10463121783874
                ], 
                [
                    1255.9862778730703, 
                    413.10463121783874
                ], 
                [
                    1261.5437392795882, 
                    192.65866209262435
                ], 
                [
                    1246.72384219554, 
                    192.65866209262435
                ]
            ], 
            "user": "daid", 
            "verified": 0
        }, 
        {
            "date": "09-Apr-2018 20:45:27", 
            "deleted": 0, 
            "draw": true, 
            "id": 12, 
            "label": "pole", 
            "polygon": [
                [
                    1237.46140651801, 
                    474.23670668953685
                ], 
                [
                    1237.46140651801, 
                    579.828473413379
                ], 
                [
                    1250.4288164665522, 
                    579.828473413379
                ], 
                [
                    1254.1337907375641, 
                    474.23670668953685
                ]
            ], 
            "user": "daid", 
            "verified": 0
        }, 
        {
            "date": "09-Apr-2018 20:46:19", 
            "deleted": 0, 
            "draw": true, 
            "id": 13, 
            "label": "sidewalk", 
            "polygon": [
                [
                    1135.57461406518, 
                    563.156089193825
                ], 
                [
                    1202.264150943396, 
                    594.6483704974271
                ], 
                [
                    1267.1012006861063, 
                    624.2881646655231
                ], 
                [
                    1368.9879931389364, 
                    657.6329331046312
                ], 
                [
                    1504.2195540308746, 
                    687.2727272727273
                ], 
                [
                    1650.566037735849, 
                    713.2075471698113
                ], 
                [
                    1839.5197255574612, 
                    739.1423670668953
                ], 
                [
                    1919.0, 
                    748.4048027444253
                ], 
                [
                    1917.3241852487133, 
                    659.4854202401372
                ], 
                [
                    1804.3224699828472, 
                    655.7804459691251
                ], 
                [
                    1806.1749571183532, 
                    692.8301886792452
                ], 
                [
                    1761.7152658662092, 
                    683.5677530017152
                ], 
                [
                    1730.222984562607, 
                    681.7152658662092
                ], 
                [
                    1739.485420240137, 
                    703.9451114922813
                ], 
                [
                    1700.5831903945111, 
                    709.5025728987993
                ], 
                [
                    1678.353344768439, 
                    700.2401372212693
                ], 
                [
                    1639.4511149228128, 
                    687.2727272727273
                ], 
                [
                    1650.566037735849, 
                    657.6329331046312
                ], 
                [
                    1565.3516295025727, 
                    657.6329331046312
                ], 
                [
                    1259.6912521440822, 
                    579.828473413379
                ], 
                [
                    1241.1663807890222, 
                    587.238421955403
                ], 
                [
                    1226.3464837049742, 
                    566.861063464837
                ], 
                [
                    1135.57461406518, 
                    542.7787307032589
                ]
            ], 
            "user": "daid", 
            "verified": 0
        }, 
        {
            "date": "09-Apr-2018 20:48:00", 
            "deleted": 0, 
            "draw": true, 
            "id": 14, 
            "label": "sky", 
            "polygon": [
                [
                    498.31903945111486, 
                    7.409948542024013
                ], 
                [
                    570.566037735849, 
                    87.06689536878216
                ], 
                [
                    587.238421955403, 
                    96.32933104631218
                ], 
                [
                    629.8456260720411, 
                    98.18181818181817
                ], 
                [
                    646.5180102915951, 
                    125.96912521440822
                ], 
                [
                    631.6981132075471, 
                    172.2813036020583
                ], 
                [
                    639.1080617495711, 
                    196.36363636363635
                ], 
                [
                    681.7152658662092, 
                    238.97084048027443
                ], 
                [
                    713.2075471698113, 
                    276.02058319039446
                ], 
                [
                    705.7975986277872, 
                    309.3653516295025
                ], 
                [
                    731.7324185248713, 
                    316.77530017152657
                ], 
                [
                    755.8147512864493, 
                    324.18524871355055
                ], 
                [
                    766.9296740994854, 
                    331.5951972555746
                ], 
                [
                    759.5197255574614, 
                    370.4974271012006
                ], 
                [
                    761.3722126929673, 
                    405.6946826758147
                ], 
                [
                    829.9142367066895, 
                    435.33447684391075
                ], 
                [
                    839.1766723842195, 
                    431.6295025728988
                ], 
                [
                    833.6192109777015, 
                    396.4322469982847
                ], 
                [
                    833.6192109777015, 
                    381.6123499142367
                ], 
                [
                    861.4065180102915, 
                    381.6123499142367
                ], 
                [
                    861.4065180102915, 
                    422.36706689536874
                ], 
                [
                    911.4236706689536, 
                    418.6620926243567
                ], 
                [
                    928.0960548885076, 
                    426.07204116638076
                ], 
                [
                    994.7855917667238, 
                    422.36706689536874
                ], 
                [
                    994.7855917667238, 
                    405.6946826758147
                ], 
                [
                    972.5557461406518, 
                    383.4648370497427
                ], 
                [
                    981.8181818181818, 
                    353.82504288164665
                ], 
                [
                    1005.9005145797598, 
                    324.18524871355055
                ], 
                [
                    1096.672384219554, 
                    313.07032590051455
                ], 
                [
                    1137.427101200686, 
                    274.1680960548885
                ], 
                [
                    1167.066895368782, 
                    287.1355060034305
                ], 
                [
                    1244.8713550600341, 
                    301.95540308747854
                ], 
                [
                    1243.0188679245282, 
                    196.36363636363635
                ], 
                [
                    1248.5763293310463, 
                    187.10120068610632
                ], 
                [
                    1259.6912521440822, 
                    188.95368782161233
                ], 
                [
                    1265.2487135506003, 
                    196.36363636363635
                ], 
                [
                    1261.5437392795882, 
                    307.5128644939965
                ], 
                [
                    1400.4802744425385, 
                    340.8576329331046
                ], 
                [
                    1465.3173241852487, 
                    339.0051457975986
                ], 
                [
                    1433.8250428816466, 
                    314.92281303602056
                ], 
                [
                    1400.4802744425385, 
                    300.10291595197253
                ], 
                [
                    1400.4802744425385, 
                    287.1355060034305
                ], 
                [
                    1467.1698113207547, 
                    283.4305317324185
                ], 
                [
                    1526.4493996569468, 
                    283.4305317324185
                ], 
                [
                    1541.2692967409948, 
                    266.75814751286447
                ], 
                [
                    1528.3018867924527, 
                    253.79073756432246
                ], 
                [
                    1496.8096054888506, 
                    246.38078902229844
                ], 
                [
                    1465.3173241852487, 
                    250.08576329331044
                ], 
                [
                    1452.3499142367066, 
                    224.1509433962264
                ], 
                [
                    1439.3825042881645, 
                    192.65866209262435
                ], 
                [
                    1454.2024013722125, 
                    175.98627787307032
                ], 
                [
                    1470.8747855917666, 
                    181.54373927958832
                ], 
                [
                    1469.0222984562606, 
                    164.8713550600343
                ], 
                [
                    1430.1200686106345, 
                    144.49399656946827
                ], 
                [
                    1433.8250428816466, 
                    127.82161234991423
                ], 
                [
                    1470.8747855917666, 
                    127.82161234991423
                ], 
                [
                    1470.8747855917666, 
                    105.59176672384218
                ], 
                [
                    1470.8747855917666, 
                    83.36192109777015
                ], 
                [
                    1472.7272727272725, 
                    53.7221269296741
                ], 
                [
                    1480.1372212692966, 
                    27.78730703259005
                ], 
                [
                    1485.6946826758146, 
                    3.7049742710120066
                ], 
                [
                    507.5814751286449, 
                    0.0
                ]
            ], 
            "user": "daid", 
            "verified": 0
        }, 
        {
            "date": "09-Apr-2018 20:49:24", 
            "deleted": 0, 
            "draw": true, 
            "id": 15, 
            "label": "building", 
            "polygon": [
                [
                    885.4888507718696, 
                    453.8593481989708
                ], 
                [
                    922.5385934819897, 
                    424.21955403087475
                ], 
                [
                    1002.1955403087478, 
                    427.92452830188677
                ], 
                [
                    1004.0480274442538, 
                    335.3001715265866
                ], 
                [
                    1092.967409948542, 
                    318.6277873070326
                ], 
                [
                    1135.57461406518, 
                    279.7255574614065
                ], 
                [
                    1241.1663807890222, 
                    303.80789022298455
                ], 
                [
                    1241.1663807890222, 
                    413.10463121783874
                ], 
                [
                    1209.6740994854201, 
                    413.10463121783874
                ], 
                [
                    1200.4116638078901, 
                    413.10463121783874
                ], 
                [
                    1198.5591766723842, 
                    470.5317324185248
                ], 
                [
                    1198.5591766723842, 
                    548.336192109777
                ], 
                [
                    1144.83704974271, 
                    537.221269296741
                ], 
                [
                    1135.57461406518, 
                    520.5488850771869
                ], 
                [
                    1080.0, 
                    518.696397941681
                ], 
                [
                    1063.327615780446, 
                    505.7289879931389
                ], 
                [
                    1028.1303602058317, 
                    505.7289879931389
                ], 
                [
                    1018.8679245283018, 
                    507.5814751286449
                ], 
                [
                    1018.8679245283018, 
                    522.4013722126929
                ], 
                [
                    978.1132075471697, 
                    522.4013722126929
                ], 
                [
                    948.4734133790737, 
                    520.5488850771869
                ], 
                [
                    935.5060034305317, 
                    518.696397941681
                ], 
                [
                    928.0960548885076, 
                    492.7615780445969
                ], 
                [
                    902.1612349914236, 
                    492.7615780445969
                ], 
                [
                    894.7512864493996, 
                    468.6792452830188
                ]
            ], 
            "user": "daid", 
            "verified": 0
        }
    ]
}