{
    "imgHeight": 1080, 
    "imgWidth": 1920, 
    "objects": [
        {
            "date": "15-Nov-2018 17:02:54", 
            "deleted": 0, 
            "draw": true, 
            "id": 0, 
            "label": "car", 
            "polygon": [
                [
                    992.3316062176166, 
                    710.6735751295337
                ], 
                [
                    1014.7150259067358, 
                    712.5388601036269
                ], 
                [
                    1024.041450777202, 
                    712.5388601036269
                ], 
                [
                    1024.041450777202, 
                    692.020725388601
                ], 
                [
                    1022.1761658031088, 
                    677.098445595855
                ], 
                [
                    997.9274611398964, 
                    673.3678756476684
                ], 
                [
                    983.0051813471503, 
                    673.3678756476684
                ], 
                [
                    977.4093264248705, 
                    684.559585492228
                ], 
                [
                    975.5440414507773, 
                    699.4818652849741
                ], 
                [
                    975.5440414507773, 
                    708.8082901554404
                ]
            ], 
            "user": "daid", 
            "verified": 0
        }, 
        {
            "date": "15-Nov-2018 17:03:13", 
            "deleted": 0, 
            "draw": true, 
            "id": 1, 
            "label": "car", 
            "polygon": [
                [
                    787.1502590673575, 
                    734.9222797927462
                ], 
                [
                    854.300518134715, 
                    734.9222797927462
                ], 
                [
                    869.2227979274612, 
                    731.1917098445596
                ], 
                [
                    872.9533678756477, 
                    697.6165803108809
                ], 
                [
                    865.4922279792746, 
                    682.6943005181347
                ], 
                [
                    850.5699481865286, 
                    671.5025906735751
                ], 
                [
                    802.0725388601037, 
                    669.6373056994819
                ], 
                [
                    783.419689119171, 
                    682.6943005181347
                ], 
                [
                    775.958549222798, 
                    701.3471502590673
                ], 
                [
                    774.0932642487047, 
                    720.0
                ]
            ], 
            "user": "daid", 
            "verified": 0
        }, 
        {
            "date": "15-Nov-2018 17:04:08", 
            "deleted": 0, 
            "draw": true, 
            "id": 2, 
            "label": "road", 
            "polygon": [
                [
                    0.0, 
                    846.839378238342
                ], 
                [
                    643.5233160621761, 
                    746.1139896373057
                ], 
                [
                    740.5181347150259, 
                    731.1917098445596
                ], 
                [
                    777.8238341968912, 
                    721.8652849740932
                ], 
                [
                    800.2072538860103, 
                    738.6528497409327
                ], 
                [
                    863.6269430051814, 
                    738.6528497409327
                ], 
                [
                    878.5492227979275, 
                    733.0569948186529
                ], 
                [
                    878.5492227979275, 
                    701.3471502590673
                ], 
                [
                    923.3160621761658, 
                    692.020725388601
                ], 
                [
                    975.5440414507773, 
                    692.020725388601
                ], 
                [
                    979.2746113989638, 
                    710.6735751295337
                ], 
                [
                    1025.9067357512954, 
                    714.4041450777203
                ], 
                [
                    1031.5025906735752, 
                    688.2901554404145
                ], 
                [
                    1053.8860103626944, 
                    697.6165803108809
                ], 
                [
                    1141.5544041450778, 
                    787.1502590673575
                ], 
                [
                    1214.300518134715, 
                    813.2642487046633
                ], 
                [
                    1658.238341968912, 
                    1079.0
                ], 
                [
                    0.0, 
                    1079.0
                ]
            ], 
            "user": "daid", 
            "verified": 0
        }, 
        {
            "date": "15-Nov-2018 19:01:03", 
            "deleted": 0, 
            "draw": true, 
            "id": 3, 
            "label": "wall", 
            "polygon": [
                [
                    1281.4507772020727, 
                    636.0621761658032
                ], 
                [
                    1710.4663212435235, 
                    548.3937823834198
                ], 
                [
                    1917.5129533678758, 
                    507.3575129533679
                ], 
                [
                    1919.0, 
                    1079.0
                ], 
                [
                    1770.155440414508, 
                    1079.0
                ], 
                [
                    1283.3160621761658, 
                    816.9948186528497
                ], 
                [
                    1272.1243523316064, 
                    813.2642487046633
                ], 
                [
                    1270.259067357513, 
                    637.9274611398964
                ]
            ], 
            "user": "daid", 
            "verified": 0
        }, 
        {
            "date": "15-Nov-2018 19:01:27", 
            "deleted": 0, 
            "draw": true, 
            "id": 4, 
            "label": "pole", 
            "polygon": [
                [
                    520.4145077720208, 
                    751.7098445595855
                ], 
                [
                    540.9326424870467, 
                    751.7098445595855
                ], 
                [
                    546.5284974093264, 
                    484.9740932642487
                ], 
                [
                    537.2020725388601, 
                    483.1088082901555
                ]
            ], 
            "user": "daid", 
            "verified": 0
        }, 
        {
            "date": "15-Nov-2018 19:01:37", 
            "deleted": 0, 
            "draw": true, 
            "id": 5, 
            "label": "pole", 
            "polygon": [
                [
                    621.139896373057, 
                    731.1917098445596
                ], 
                [
                    630.4663212435233, 
                    731.1917098445596
                ], 
                [
                    637.9274611398964, 
                    496.1658031088083
                ]
            ], 
            "user": "daid", 
            "verified": 0
        }, 
        {
            "date": "15-Nov-2018 19:02:05", 
            "deleted": 0, 
            "draw": true, 
            "id": 6, 
            "label": "vegetation", 
            "polygon": [
                [
                    833.7823834196892, 
                    464.4559585492228
                ], 
                [
                    848.7046632124352, 
                    483.1088082901555
                ], 
                [
                    878.5492227979275, 
                    483.1088082901555
                ], 
                [
                    899.0673575129534, 
                    492.4352331606218
                ], 
                [
                    913.9896373056995, 
                    516.6839378238342
                ], 
                [
                    923.3160621761658, 
                    539.0673575129534
                ], 
                [
                    938.238341968912, 
                    563.3160621761658
                ], 
                [
                    928.9119170984457, 
                    589.4300518134716
                ], 
                [
                    904.6632124352332, 
                    613.6787564766839
                ], 
                [
                    841.2435233160622, 
                    602.4870466321244
                ], 
                [
                    811.39896373057, 
                    598.7564766839379
                ], 
                [
                    785.2849740932643, 
                    604.3523316062176
                ], 
                [
                    755.4404145077721, 
                    600.6217616580311
                ], 
                [
                    747.979274611399, 
                    585.699481865285
                ], 
                [
                    759.1709844559585, 
                    561.4507772020726
                ], 
                [
                    783.419689119171, 
                    540.9326424870467
                ], 
                [
                    803.9378238341969, 
                    531.6062176165804
                ], 
                [
                    816.9948186528497, 
                    507.3575129533679
                ], 
                [
                    831.9170984455959, 
                    492.4352331606218
                ], 
                [
                    831.9170984455959, 
                    460.7253886010363
                ]
            ], 
            "user": "daid", 
            "verified": 0
        }, 
        {
            "date": "15-Nov-2018 19:02:18", 
            "deleted": 0, 
            "draw": true, 
            "id": 7, 
            "label": "pole", 
            "polygon": [
                [
                    727.4611398963731, 
                    710.6735751295337
                ], 
                [
                    738.6528497409327, 
                    706.9430051813472
                ], 
                [
                    740.5181347150259, 
                    611.8134715025907
                ]
            ], 
            "user": "daid", 
            "verified": 0
        }
    ]
}